domain,original_abstract,arabic_abstract,en_clean,ar_clean,en_words_clean,ar_words_clean,baseline_translation,advanced_translation
physics,"  There is currently a great deal of interest in the theoretical and practical
possibility of cloaking objects from the observation by electromagnetic waves.
The basic idea of these invisibility devices \cite{glu1, glu2, le},\cite{pss1}
is to use anisotropic {\it transformation media} whose permittivity and
permeability $\var^{\lambda\nu}, \mu^{\lambda\nu}$, are obtained from the ones,
$\var_0^{\lambda\nu}, \mu^{\lambda\nu}_0$, of isotropic media, by singular
transformations of coordinates. In this paper we study electromagnetic cloaking
in the time-domain using the formalism of time-dependent scattering theory.
This formalism allows us to settle in an unambiguous way the mathematical
problems posed by the singularities of the inverse of the permittivity and the
permeability of the {\it transformation media} on the boundary of the cloaked
objects. We write Maxwell's equations in Schr\""odinger form with the
electromagnetic propagator playing the role of the Hamiltonian. We prove that
the electromagnetic propagator outside of the cloaked objects is essentially
self-adjoint. Moreover, the unique self-adjoint extension is unitarily
equivalent to the electromagnetic propagator in the medium
$\var_0^{\lambda\nu}, \mu^{\lambda\nu}_0$. Using this fact, and since the
coordinate transformation is the identity outside of a ball, we prove that the
scattering operator is the identity. Our results give a rigorous proof that the
construction of \cite{glu1, glu2, le}, \cite{pss1} perfectly cloaks passive and
active devices from observation by electromagnetic waves. Furthermore, we prove
cloaking for general anisotropic materials. In particular, our results prove
that it is possible to cloak objects inside general crystals.
",هناك اهتمام كبير حالياً بالإمكانية النظرية والعملية لحجب الأجسام عن طريق الموجات الكهرومغناطيسية. الفكرة الأساسية لأجهزة الإخفاء هذه هي استخدام وسائط تحويل غير متجانسة، يتم الحصول على نعومتها و قابليتها للانفاذية من خلال الوسائط غير المتجانسة، والتي يتم الحصول عليها من خلال تحويلات إحداثيات مفردة. في هذه الورقة، ندرس الإخفاء الكهرومغناطيسي في مجال الزمن باستخدام الصياغة الرسمية لنظرية التشتت المعتمدة على الزمن. تسمح لنا هذه الصياغة الرسمية بتسوية المشاكل الرياضية التي تطرحها التفردات في عكس نعومية وسعادة وسعية وسط الإشعاع بشكل واضح وغير غامض. نكتب معادلات ماكسويل في شكل شرودنغر مع دور المُشتت الكهرومغناطيسي الذي يلعب دور الهاملتونية. نثبت أن المُشتت الكهرومغناطيسي خارج الأجسام المخفية هو في الأساس ذاتي التكافؤ. علاوة على ذلك، فإن الامتداد الذاتي التكافؤ الفريد يعادل بشكل موحد المُشتت الكهرومغناطيسي في الوسط. باستخدام هذه الحقيقة، وبما أن تحويل الإحداثيات هو الهوية خارج الكرة، نثبت أن مشغل التشتت هو الهوية. تقدم نتائجنا دليلاً قوياً على أن بناء جهاز الإخفاء الكهرومغناطيسي من خلال الموجات الكهرومغناطيسية يخفي بشكل مثالي الأجسام الساكنة والنشطة عن طريق الموجات الكهرومغناطيسية. بالإضافة إلى ذلك، نثبت أن الإخفاء ينطبق على المواد غير المتجان,"There is currently a great deal of interest in the theoretical and practical possibility of cloaking objects from the observation by electromagnetic waves. The basic idea of these invisibility devices \cite{glu1, glu2, le},\cite{pss1} is to use anisotropic {\it transformation media} whose permittivity and permeability $\var^{\lambda\nu}, \mu^{\lambda\nu}$, are obtained from the ones, $\var_0^{\lambda\nu}, \mu^{\lambda\nu}_0$, of isotropic media, by singular transformations of coordinates. In this paper we study electromagnetic cloaking in the time-domain using the formalism of time-dependent scattering theory. This formalism allows us to settle in an unambiguous way the mathematical problems posed by the singularities of the inverse of the permittivity and the permeability of the {\it transformation media} on the boundary of the cloaked objects. We write Maxwell's equations in Schr\""odinger form with the electromagnetic propagator playing the role of the Hamiltonian. We prove that the electromagnetic propagator outside of the cloaked objects is essentially self-adjoint. Moreover, the unique self-adjoint extension is unitarily equivalent to the electromagnetic propagator in the medium $\var_0^{\lambda\nu}, \mu^{\lambda\nu}_0$. Using this fact, and since the coordinate transformation is the identity outside of a ball, we prove that the scattering operator is the identity. Our results give a rigorous proof that the construction of \cite{glu1, glu2, le}, \cite{pss1} perfectly cloaks passive and active devices from observation by electromagnetic waves. Furthermore, we prove cloaking for general anisotropic materials. In particular, our results prove that it is possible to cloak objects inside general crystals.",هناك اهتمام كبير حاليا بالامكانيه النظريه والعمليه لحجب الاجسام عن طريق الموجات الكهرومغناطيسيه. الفكره الاساسيه لاجهزه الاخفاء هذه هي استخدام وسائط تحويل غير متجانسه، يتم الحصول علي نعومتها و قابليتها للانفاذيه من خلال الوسائط غير المتجانسه، والتي يتم الحصول عليها من خلال تحويلات احداثيات مفرده. في هذه الورقه، ندرس الاخفاء الكهرومغناطيسي في مجال الزمن باستخدام الصياغه الرسميه لنظريه التشتت المعتمده علي الزمن. تسمح لنا هذه الصياغه الرسميه بتسويه المشاكل الرياضيه التي تطرحها التفردات في عكس نعوميه وسعاده وسعيه وسط الاشعاع بشكل واضح وغير غامض. نكتب معادلات ماكسويل في شكل شرودنغر مع دور المشتت الكهرومغناطيسي الذي يلعب دور الهاملتونيه. نثبت ان المشتت الكهرومغناطيسي خارج الاجسام المخفيه هو في الاساس ذاتي التكافؤ. علاوه علي ذلك، فان الامتداد الذاتي التكافؤ الفريد يعادل بشكل موحد المشتت الكهرومغناطيسي في الوسط. باستخدام هذه الحقيقه، وبما ان تحويل الاحداثيات هو الهويه خارج الكره، نثبت ان مشغل التشتت هو الهويه. تقدم نتائجنا دليلا قويا علي ان بناء جهاز الاخفاء الكهرومغناطيسي من خلال الموجات الكهرومغناطيسيه يخفي بشكل مثالي الاجسام الساكنه والنشطه عن طريق الموجات الكهرومغناطيسيه. بالاضافه الي ذلك، نثبت ان الاخفاء ينطبق علي المواد غير المتجان,236,177,"يوجد في الوقت الراهن قدر كبير من الاهتمام في الإمكانية النظرية والعملية لإخفاء الأجسام من الملاحظة بالموجات الكهرومغناطيسية. يتم الحصول على الفكرة الأساسية من هذه النبائط غير القابلة للتنفيف من تلك، / para_1, glu2, lete {bsuildraft {draft; an an an a raftrobilpic diailt} diailt} diailt {var_________________________________________________________________________________________________________________________________________________________________________________________________________________________________________________________________________________________________________________________________________________________________________________________________________________",وهناك حاليا اهتماما كبيرا في الاحتمال النظري والعملي لتغطية الكائنات من الملاحظة بواسطه الموجات الكهرومغناطيسيه. والفكرة الاساسيه لهذه الجهازات الخفيه \cite{glu1، glu2، le}،\cite{pss1} هي استخدام متوسيع تحويل متجرد. في هذه الورقه، ندرس التغطية الكهرومغناطيسيه في الدروبين في الوقت باستخدام صيغه الانتشار المتوقف علي الوقت. وهذا يسمح لنا بتسويق هوية غير متجرديه، $\var_0^{\lambda\nu}، \mu^{lambda\nu}_0$، من وسائل التوزيع الكهرومغناطيسيه، من خلال تحويلات فرديه من التنسيقات. كما يسمح لنا هذا باستخدام النتائج الكهرومغناطيسيه في التوزيع في النظام التوزيع الكهرومغناطيسي، من خلال كتابه دليل علي ان الانتشار الكهرومغناطيسي الخاص في المواد الكهرومغناطيسيه. كما يثبت في ذلك، ان التوزيع الكلامغناطيسيه الكهيه في المواد الكهرومغناطيسيه، والتي يثبت في المواد الكهرومغيسيه، ويتروبات الكرومغيسيونيه، يثبت في المواد الكهرومغيسيه، ويتروبات الكرومغيسيونيه، ويتروبات المعدل، ويتروجيه، ويتيحاولنا اثبات ان التوزيعرض الكرومغيسيه الكهرومغنيتيه المتنوعيه. كما يثبت في الموجات الكهومات الكهرومغيسيه، ويتروبات الكرومغيسيونيه، ويتروبات الكرومغيسيونيه، ويتروبات المثبيتروبات الكه. كما يثبت في الموجات الكرومغيسونيه، ونحن نثبتد ان التوزيعت في النتائج الكهرومغيسيه الكهرومغيسيه الكهرومغيسيه، ونحن نثبتد ان النتائج الكرومغيسيه الكه
other,We present a renormalization group motivation of scale hierarchies in SUSY SU(5) model. The Split Higgsino scanrio with a high scale of the SUSY breaking is considered in detail. Its manifestations in experiments are discussed.,نقدم دافعًا لمجموعة إعادة التطبيع لتسلسلات المقاييس الهرمية في نموذج SUSY SU(5). يتم النظر في سيناريو تقسيم الهيغسينو  مع مقياس عالٍ لكسر SUSY بالتفصيل. تُناقش مظاهره في التجارب.,We present a renormalization group motivation of scale hierarchies in SUSY SU(5) model. The Split Higgsino scanrio with a high scale of the SUSY breaking is considered in detail. Its manifestations in experiments are discussed.,نقدم دافعا لمجموعه اعاده التطبيع لتسلسلات المقاييس الهرميه في نموذج SUSY SU(5). يتم النظر في سيناريو تقسيم الهيغسينو مع مقياس عال لكسر SUSY بالتفصيل. تناقش مظاهره في التجارب.,35,28,نحن نعرض حافز مجموعة إعادة التطبيع للتسلسل الهرمي للحجم في نموذج SUSY SU(5). يُنظر بالتفصيل في مسح التضاريس Higsino Splece مع مستوى عال من كسر SUSY. وتجري مناقشة مظاهره في التجارب.,نقدم تحفيزا جماعي للتعديل العادي لهيركات النطاق في نموذج SUSY SU(5). يتم النظر في دراسة التشريحات المزدهره لهيغسينو المزدهره ذات نطاق عال للانكسار SUSY بالتفصيل. يتم مناقشته تظهرها في التجارب.
physics,"We propose and analyze a new method to produce single and entangled photons
which does not require cavities. It relies on the collective enhancement of
light emission as a consequence of the presence of entanglement in atomic
ensembles. Light emission is triggered by a laser pulse, and therefore our
scheme is deterministic. Furthermore, it allows one to produce a variety of
photonic entangled states by first preparing certain atomic states using simple
sequences of quantum gates. We analyze the feasibility of our scheme, and
particularize it to: ions in linear traps, atoms in optical lattices, and in
cells at room temperature.",نقترح ونحلل طريقة جديدة لإنتاج فوتونات مفردة ومتشابكة لا تتطلب وجود تجاويف. تعتمد هذه الطريقة على التعزيز الجماعي لانبعاث الضوء نتيجة لوجود التشابك في التجمعات الذرية. يتم تحفيز انبعاث الضوء بواسطة نبضة ليزر، وبالتالي فإن مخططنا حتمي (deterministic). علاوة على ذلك، يسمح بإنتاج مجموعة متنوعة من حالات التشابك الفوتوني عن طريق إعداد حالات ذرية معينة أولاً باستخدام متتابعات بسيطة من البوابات الكمومية. نحلل جدوى مخططنا، ونخصصه لما يلي: الأيونات في المصائد الخطية، والذرات في الشبكات البصرية، وفي الخلايا عند درجة حرارة الغرفة.,"We propose and analyze a new method to produce single and entangled photons which does not require cavities. It relies on the collective enhancement of light emission as a consequence of the presence of entanglement in atomic ensembles. Light emission is triggered by a laser pulse, and therefore our scheme is deterministic. Furthermore, it allows one to produce a variety of photonic entangled states by first preparing certain atomic states using simple sequences of quantum gates. We analyze the feasibility of our scheme, and particularize it to: ions in linear traps, atoms in optical lattices, and in cells at room temperature.",نقترح ونحلل طريقه جديده لانتاج فوتونات مفرده ومتشابكه لا تتطلب وجود تجاويف. تعتمد هذه الطريقه علي التعزيز الجماعي لانبعاث الضوء نتيجه لوجود التشابك في التجمعات الذريه. يتم تحفيز انبعاث الضوء بواسطه نبضه ليزر، وبالتالي فان مخططنا حتمي (deterministic). علاوه علي ذلك، يسمح بانتاج مجموعه متنوعه من حالات التشابك الفوتوني عن طريق اعداد حالات ذريه معينه اولا باستخدام متتابعات بسيطه من البوابات الكموميه. نحلل جدوي مخططنا، ونخصصه لما يلي: الايونات في المصائد الخطيه، والذرات في الشبكات البصريه، وفي الخلايا عند درجه حراره الغرفه.,101,82,نقترح ونحلل طريقة جديدة لإنتاج فوتونات منفردة ومتشابكة لا تتطلب تكافؤات، وهي تعتمد على التعزيز الجماعي لانبعاثات الضوء نتيجة لوجود التشابك في التشابك الذري. الانبعاث الخفيف يحدث بواسطة نبضة ليزرية، وبالتالي فإن مخططنا محدد. علاوة على ذلك، تسمح لأحد بإنتاج مجموعة متنوعة من الحالات المتشابكة الضوئية عبر إعداد دول ذرية معينة أولا باستخدام تسلسلات بسيطة من البوابات الكمية. نحلل جدوى مخططنا، ونخصصه إلى: أيونات في الفخاخ الخطية، الذرات في الأوتار البصرية، والخلايا في درجة حرارة الغرفة.,نقترح ونحلل طريقا جديدا لإنتاج فوتونات واحدة ومرتبطه لا تتطلب حفاره. يعتمد علي تعزيز الانبعاثات الضوئيه الجماعي نتيجه وجود التشابك في المجموعات الذرية. يتم تشغيل الانبعاثات الضوئيه بواسطه نبض ليزر، وبالتالي فإن خطتنا محدده. علاوة علي ذلك، فإنه يسمح للإنتاج من مجموعة متنوعه من الحالات الفوتونيه المتشابكه من خلال إعداد بعض الحالات الذرية أولا باستخدام تسلسلات بسيطه من البوابات الكموميه. نحلل جدوال خطتنا، ونقوم بتخصيصها ل: أيونات في الفخاخ الخطيه، والذرات في الشباك البصري، وفي الخلايا عند درجة الحراره الغنائيه.
mathematics,"We present a Lohner type algorithm for the computation of rigorous bounds for
solutions of ordinary differential equations and its derivatives with respect
to initial conditions up to arbitrary order. As an application we prove the
existence of multiple invariant tori around some elliptic periodic orbits for
the pendulum equation with periodic forcing and for Michelson system.",نقدم خوارزمية من نوع لونر لحساب قيود دقيقة لحلول المعادلات التفاضلية العادية ومشتقاتها بالنسبة للشروط الابتدائية حتى رتبة اختيارية. كتطبيق، نثبت وجود مدارات حلقية ثابتة متعددة حول بعض المدارات الدورية الإهليلجية لمعادلة البندول بقوة دفع دورية ولنظام ميكلسون.,We present a Lohner type algorithm for the computation of rigorous bounds for solutions of ordinary differential equations and its derivatives with respect to initial conditions up to arbitrary order. As an application we prove the existence of multiple invariant tori around some elliptic periodic orbits for the pendulum equation with periodic forcing and for Michelson system.,نقدم خوارزميه من نوع لونر لحساب قيود دقيقه لحلول المعادلات التفاضليه العاديه ومشتقاتها بالنسبه للشروط الابتدائيه حتي رتبه اختياريه. كتطبيق، نثبت وجود مدارات حلقيه ثابته متعدده حول بعض المدارات الدوريه الاهليلجيه لمعادله البندول بقوه دفع دوريه ولنظام ميكلسون.,57,38,نحن نقدم خوارزمية من نوع لوهنر لحساب الحدود الصارمة لحلول المعادلات التفاضلية العادية ومشتقاتها فيما يتعلق بالظروف الأولية حتى الترتيب الاعتباطي. كتطبيق نثبت وجود العديد من المتغيرات,نقدم خوارزميا من نوع لوهنر لحساب الحدود الصارمة لحلول المعادلات التفاضليه العاديه ومشتقاتها فيما يتعلق بالشروط الابتدائيه حتى النظام التعسفي. وكطبقه، نثبت وجود ثوري غير متغير متعدد حول بعض المدارات الدوريه البديله البديله للمعادل المذبذب مع التجبر الدوري ونظام ميشيلسون.
physics,"Close pre-main-sequence binary stars are expected to clear central holes in
their protoplanetary disks, but the extent to which material can flow from the
circumbinary disk across the gap onto the individual circumstellar disks has
been unclear. In binaries with eccentric orbits, periodic perturbation of the
outer disk is predicted to induce mass flow across the gap, resulting in
accretion that varies with the binary period. This accretion may manifest
itself observationally as periodic changes in luminosity. Here we present a
search for such periodic accretion in the pre-main-sequence spectroscopic
binary UZ Tau E. We present BVRI photometry spanning three years; we find that
the brightness of UZ Tau E is clearly periodic, with a best-fit period of 19.16
+/- 0.04 days. This is consistent with the spectroscopic binary period of 19.13
days, refined here from analysis of new and existing radial velocity data. The
brightness of UZ Tau E shows significant random variability, but the overall
periodic pattern is a broad peak in enhanced brightness, spanning more than
half the binary orbital period. The variability of the H-alpha line is not as
clearly periodic, but given the sparseness of the data, some periodic component
is not ruled out. The photometric variations are in good agreement with
predictions from simulations of binaries with orbital parameters similar to
those of UZ Tau E, suggesting that periodic accretion does occur from
circumbinary disks, replenishing the inner disks and possibly extending the
timescale over which they might form planets.","من المتوقع أن تقوم النجوم الثنائية قبل التسلسل الرئيسي بمسح الثقوب المركزية في
الأقراص الكوكبية الأولية، ولكن إلى أي مدى يمكن أن تتدفق المواد من
القرص المحيطي عبر الفجوة على الأقراص المحيطية الفردية لديها
لم يكن واضحا. في الثنائيات ذات المدارات غريب الأطوار ، اضطراب دوري من
من المتوقع أن يؤدي القرص الخارجي إلى تدفق الكتلة عبر الفجوة ، مما يؤدي إلى
التراكم الذي يختلف مع الفترة الثنائية. هذا التراكم قد يظهر
نفسها ملاحظة كتغيرات دورية في اللمعان. هنا نقدم أ
البحث عن مثل هذا التراكم الدوري في مطيافية ما قبل التسلسل الرئيسي
ثنائي UZ Tau E. نقدم القياس الضوئي BVRI الذي يمتد على مدى ثلاث سنوات ؛ نجد أن
سطوع UZ Tau E دوري بشكل واضح ، مع فترة أفضل ملاءمة من 19.16
+/- 0.04 أيام. وهذا يتفق مع الفترة الثنائية الطيفية من 19.13.
أيام ، المكرر هنا من تحليل بيانات السرعة الشعاعية الجديدة والحالية. The The
سطوع UZ Tau E يظهر تباين عشوائي كبير ، ولكن بشكل عام
النمط الدوري هو ذروة واسعة في تعزيز السطوع، والتي تمتد أكثر من
نصف الفترة المدارية الثنائية. تباين خط H-alpha ليس كما
دورية بشكل واضح، ولكن نظرا لتناثر البيانات، بعض المكونات الدورية
لا يستبعد. الاختلافات الضوئية في اتفاق جيد مع
التنبؤات من محاكاة الثنائيات مع المعلمات المدارية مماثلة ل
من UZ Tau E ، مما يشير إلى أن التراكم الدوري يحدث من
الأقراص المحيطية ، وتجديد الأقراص الداخلية وربما تمديد
المدى الزمني الذي يمكن أن تشكل الكواكب.","Close pre-main-sequence binary stars are expected to clear central holes in their protoplanetary disks, but the extent to which material can flow from the circumbinary disk across the gap onto the individual circumstellar disks has been unclear. In binaries with eccentric orbits, periodic perturbation of the outer disk is predicted to induce mass flow across the gap, resulting in accretion that varies with the binary period. This accretion may manifest itself observationally as periodic changes in luminosity. Here we present a search for such periodic accretion in the pre-main-sequence spectroscopic binary UZ Tau E. We present BVRI photometry spanning three years; we find that the brightness of UZ Tau E is clearly periodic, with a best-fit period of 19.16 +/- 0.04 days. This is consistent with the spectroscopic binary period of 19.13 days, refined here from analysis of new and existing radial velocity data. The brightness of UZ Tau E shows significant random variability, but the overall periodic pattern is a broad peak in enhanced brightness, spanning more than half the binary orbital period. The variability of the H-alpha line is not as clearly periodic, but given the sparseness of the data, some periodic component is not ruled out. The photometric variations are in good agreement with predictions from simulations of binaries with orbital parameters similar to those of UZ Tau E, suggesting that periodic accretion does occur from circumbinary disks, replenishing the inner disks and possibly extending the timescale over which they might form planets.",من المتوقع ان تقوم النجوم الثنائيه قبل التسلسل الرئيسي بمسح الثقوب المركزيه في الاقراص الكوكبيه الاوليه، ولكن الي اي مدي يمكن ان تتدفق المواد من القرص المحيطي عبر الفجوه علي الاقراص المحيطيه الفرديه لديها لم يكن واضحا. في الثنائيات ذات المدارات غريب الاطوار ، اضطراب دوري من من المتوقع ان يؤدي القرص الخارجي الي تدفق الكتله عبر الفجوه ، مما يؤدي الي التراكم الذي يختلف مع الفتره الثنائيه. هذا التراكم قد يظهر نفسها ملاحظه كتغيرات دوريه في اللمعان. هنا نقدم ا البحث عن مثل هذا التراكم الدوري في مطيافيه ما قبل التسلسل الرئيسي ثنائي UZ Tau E. نقدم القياس الضوئي BVRI الذي يمتد علي مدي ثلاث سنوات ؛ نجد ان سطوع UZ Tau E دوري بشكل واضح ، مع فتره افضل ملاءمه من 19.16 +/- 0.04 ايام. وهذا يتفق مع الفتره الثنائيه الطيفيه من 19.13. ايام ، المكرر هنا من تحليل بيانات السرعه الشعاعيه الجديده والحاليه. The The سطوع UZ Tau E يظهر تباين عشوائي كبير ، ولكن بشكل عام النمط الدوري هو ذروه واسعه في تعزيز السطوع، والتي تمتد اكثر من نصف الفتره المداريه الثنائيه. تباين خط H-alpha ليس كما دوريه بشكل واضح، ولكن نظرا لتناثر البيانات، بعض المكونات الدوريه لا يستبعد. الاختلافات الضوئيه في اتفاق جيد مع التنبؤات من محاكاه الثنائيات مع المعلمات المداريه مماثله ل من UZ Tau E ، مما يشير الي ان التراكم الدوري يحدث من الاقراص المحيطيه ، وتجديد الاقراص الداخليه وربما تمديد المدي الزمني الذي يمكن ان تشكل الكواكب.,246,236,ومن المتوقع أن توضّح النجوم الثنائية الثقوب المركزية في أقرصها الفلكية العليا، ولكن إلى أي مدى يمكن للمواد أن تتدفق من القرص المختلط عبر الفجوة على فرادى بارامترات القرص المصغرة لم يكن واضحاً. في إطار المدارات المتقاربة، يتوقع أن يؤدي التأرجح الدوري للقرص الخارجي إلى حفز تدفق كتلة عبر الفجوة، مما يؤدي إلى تكديس يختلف مع الفترة الثنائية. قد يظهر هذا التدرج نفسه كملاحظة كتغيرات دورية في الإضاءة. هنا نقدم بحثاً عن مثل هذا التدرج الدوري في فترة ما قبل التأريخ الطيفي المجهري. نعرض قياساً دورياً للقرص الخارجي على مدى ثلاث سنوات؛ ونجد أن سطوع UZ Tau E هو بشكل دوري واضح، مع أفضل فترة أداء 19.16 + +/- 0.04 يوماً. وهنا نقدم بحثاً عن مثل هذا التدرج الدوري في فترة ما قبل التأريخ، 19.13 يوماً، وتنقّح هنا من تحليل بيانات السرعة الشعاعية الجديدة والقائمة. ونقدم أن قياس ب.,من المتوقع أن تخلع النجوم الثنائية المقبله من التسلسل الرئيسي الثقوب المركزيه في قرصيها البروتوبلانيتاريه، ولكن لم يتضح بعد مدى تدفق المواد من القرص المحيطي عبر الفجوه الي قرصات الطول الفرديه. في الثنائيات ذات مدارات غريبة، يتنبأ التشنج الدوري للقرص الخارجي بتحفيز تدفق الكتلة عبر الفجوه، مما يؤدي الي تكثيف يختلف مع الفتره الثنائيه. قد تظهر هذه التكثيف عن طريق الملاحظه كالتغيرات الدوريه في الضوء. هنا نقدم بحثا عن مثل هذا التكثيف الدوريه في التسلسل الطيفي UZ E. نقدم في الميزان الثنائيه E. BV الميزانيه الثنائيه ERI التي تمتد علي ثلاث سنوات؛ ونحن نكتشف ان سطوعه الفتره E، مع فترة مناسبه 19.16 يوما + Z. ولكن هذه التكثيف الدوريات المتاحة من المتاحة التشابهيه في الفتره التشابهيه التشابهيه H. وبالرغم من ذلك، قد تكون هذه الميزانات الثنائيه من المتاحة في الميزانيه التشابهيه H. وبالرصفه المتاحة التشابهيه في المتاحة التشابهيه في المتاحة، والتي تظهر بشكل واضح ان هذه الميزانيه تتنابعه من المتاحة التشابهله في المتاحة التشابهيه H. وبالرصفه التشابه مع المتاحة التشابهيه التشابهيه في الفتره E. وبالرصفه التشابه مع المتاحة التشابهيه التشابهيه التشابهيه في المتاحة، هي المتاحة، ولكن في هذه المتاحة، قد تكون أكثر مماثله من المتاحة.
physics,"  It has been suggested that X-ray observations of rapidly variable Seyfert
galaxies may hold the key to probe the gas orbital motions in the innermost
regions of accretion discs around black holes and, thus, trace flow patterns
under the effect of the hole strong gravitational field. We explore this
possibility analizing XMM-Newton observations of the seyfert 1 galaxy NGC 3783.
A detiled time-resolved spectral analysis is performed down to the shortest
possible time-scales (few ks) using ""excess maps"" and cross-correlating light
curves in different energy bands. In addition to a constant core of the Fe K
alpha line, we detected a variable and redshifted Fe K alpha emission feature
between 5.3-6.1 keV. The line exhibits a modulation on a time-scale of 27 ks
that is similar to and in phase with a modulation of the 0.3-10 keV source
continuum. The time-scale of the correlated variability of the redshifted Fe
line and continuum agrees with the local dynamical time-scale of the accretion
disc at 10 r_g around a black hole of 10^7 M_sun. Given the shape of the
redshfted line emission and the overall X-ray variability pattern, the line is
likely to arise from the relativistic region near the black hole.
","لقد اقتُرِح أن أرصاد الأشعة السينية لمجرات سييفرت المتغيرة بسرعة قد تحمل المفتاح لاستقصاء الحركات المدارية للغاز في المناطق الداخلية لأقراص التراكم حول الثقوب السوداء، وبالتالي تتبع أنماط التدفق تحت تأثير المجال الجاذبي القوي للثقب. ونستكشف هذه الإمكانية من خلال تحليل أرصاد (مرصد) XMM-Newton لمجرة سييفرت 1 NGC 3783. يتم إجراء تحليل طيفي مفصل بدقة زمنية وصولاً إلى أقصر الفترات الزمنية الممكنة (بضعة آلاف من الثواني (ks)) باستخدام ""خرائط الزيادة"" وبمقارنة منحنيات الإضاءة عبر الارتباط المتقاطع في نطاقات طاقة مختلفة. بالإضافة إلى النواة الثابتة لخط Fe Kα، اكتشفنا سمة انبعاث متغيرة ومنزاحة نحو الأحمر لخط Fe Kα بين 5.3-6.1 keV. ويُظهر الخط تغيراً على مقياس زمني يبلغ 27 ks، وهو مشابه ومتفق في الطور مع تغير استمرار مصدر (continuum) ضمن نطاق 0.3-10 keV. ويتفق المقياس الزمني للتغير المرتبط لخط الحديد المنزاح نحو الأحمر واستمراره مع المقياس الزمني الديناميكي المحلي لقرص التراكم عند 10rg​ حول ثقب أسود بكتلة 107 كتلة شمسية. وبالنظر إلى شكل الانبعاثات الخطية المنزاحة نحو الأحمر وأنماط التغير الإجمالية بالأشعة السينية، فمن المرجح أن ينشأ الخط من المنطقة النسبية القريبة من الثقب الأسود.","It has been suggested that X-ray observations of rapidly variable Seyfert galaxies may hold the key to probe the gas orbital motions in the innermost regions of accretion discs around black holes and, thus, trace flow patterns under the effect of the hole strong gravitational field. We explore this possibility analizing XMM-Newton observations of the seyfert 1 galaxy NGC 3783. A detiled time-resolved spectral analysis is performed down to the shortest possible time-scales (few ks) using ""excess maps"" and cross-correlating light curves in different energy bands. In addition to a constant core of the Fe K alpha line, we detected a variable and redshifted Fe K alpha emission feature between 5.3-6.1 keV. The line exhibits a modulation on a time-scale of 27 ks that is similar to and in phase with a modulation of the 0.3-10 keV source continuum. The time-scale of the correlated variability of the redshifted Fe line and continuum agrees with the local dynamical time-scale of the accretion disc at 10 r_g around a black hole of 10^7 M_sun. Given the shape of the redshfted line emission and the overall X-ray variability pattern, the line is likely to arise from the relativistic region near the black hole.","لقد اقترح ان ارصاد الاشعه السينيه لمجرات سييفرت المتغيره بسرعه قد تحمل المفتاح لاستقصاء الحركات المداريه للغاز في المناطق الداخليه لاقراص التراكم حول الثقوب السوداء، وبالتالي تتبع انماط التدفق تحت تاثير المجال الجاذبي القوي للثقب. ونستكشف هذه الامكانيه من خلال تحليل ارصاد (مرصد) XMM-Newton لمجره سييفرت 1 NGC 3783. يتم اجراء تحليل طيفي مفصل بدقه زمنيه وصولا الي اقصر الفترات الزمنيه الممكنه (بضعه الاف من الثواني (ks)) باستخدام ""خرائط الزياده"" وبمقارنه منحنيات الاضاءه عبر الارتباط المتقاطع في نطاقات طاقه مختلفه. بالاضافه الي النواه الثابته لخط Fe Kα، اكتشفنا سمه انبعاث متغيره ومنزاحه نحو الاحمر لخط Fe Kα بين 5.3-6.1 keV. ويظهر الخط تغيرا علي مقياس زمني يبلغ 27 ks، وهو مشابه ومتفق في الطور مع تغير استمرار مصدر (continuum) ضمن نطاق 0.3-10 keV. ويتفق المقياس الزمني للتغير المرتبط لخط الحديد المنزاح نحو الاحمر واستمراره مع المقياس الزمني الديناميكي المحلي لقرص التراكم عند 10rg​ حول ثقب اسود بكتله 107 كتله شمسيه. وبالنظر الي شكل الانبعاثات الخطيه المنزاحه نحو الاحمر وانماط التغير الاجماليه بالاشعه السينيه، فمن المرجح ان ينشا الخط من المنطقه النسبيه القريبه من الثقب الاسود.",200,175,"وقد أشير إلى أن رصدات الأشعة السينية لمعاملات Syfert التي تتسم بسرعة سرعة التغير يمكن أن تحمل المفتاح لضرب الحركات المدارية الغازية في المناطق الداخلية من أسطوانات الإسطوانات حول الثقوب السوداء، وبالتالي أنماط التدفق النابطة تحت تأثير ثقب الحقل القوي. نحن نستكشف هذه الإمكانية التي تضفي على عمليات الرصد XMMM-Newton في Syfert 1 المجرة NGC 3783. يجري تحليل الطيفي للزمن المعطلة إلى أقصر نطاق زمني ممكن (ks) باستخدام ""الخرائط الخارجية"" وانحناءات الضوء المتقاطعة في مختلف أربطة الطاقة. بالإضافة إلى وجود نواة ثابتة من خط Fe K ألفا، اكتشفنا ميزة انبعاث متغيرة ومتغيرة ومتغيرة من نوع F K ألفا بين 5.3-6.1 kV. ويعرض الخط تعديلاً على مقياس زمني قدره 27 ks مشابهاً للو في المرحلة مع تعديل سلسلة مصادر X 0.3-10 KV. وبالإضافة إلى ذلك، اكتشفنا في إطار زمن التغير المترابط لخط Fe K Alva بين 5 و6.1 ك.","وقد اقترح ان ملاحظات اشعه اشعه اشعه اشعه اشعه اشعه اشعه اشعه اشعه اشعه اشعه اشعه اشعه اشعه اشعه اشعه اشعه سيفرث سريعه التغير قد تحافظ علي مفتاحا لاستكشاف الحركات المداريه للغاز في اقصاه مناطق قرصات الاكترات حول الثقوب السوداء، وبالتالي، نمطات تدفق الاكثرات تحت تأثير الحقل الجاذبي القوي للثقوب. ونحن نستكشف هذه الامكانه، حيث نقوم بتحليل ملاحظات XMM-Newton لمجله سيفرث 1 NGC 3783. يتم اجراء تحليل طيفي مفصله وقائمه في الزمن، الي اقصر المقاييس الممكنه (فاو كس) باستخدام ""خرائط الزائده"" وخطوط الضوء المتصلقه عبر الشريط في فئات طاقه مختلفه. بالإضاف الي ثابته لخط Fe K، اكتشفنا نمطا متغيرا ومتحول K الحمراء بين 5.3-6.1 كيف. يظهر المصدر للازمنا علي خط الفافه الزهاء، والذي يرتبط بالتناقل مع التناقل الجه الجهازي لخط Fe_s_s_s_s_s_s_s في حدود خط Fe_s_s_s_s، ويتمثل التناقلص في التناقلص الجه الجه الجامعه في خط Fe_s_s_s_s_s_s_s_s في المقاييس الزه الزهريبه في حدود خط Fe_s_s_s_s_s_s_s_s_s، ويتمثل التناقلص الزه في حدود خط Fe_s_s_s_s_s_s_s_s_s_s_s_s_s_s_s_s_s_s_s_s_s_s_s_s_s_s_s_s_s_s_s_s_s_s_s_s_s_s_s_s_s_s_s."
physics,"  We present excellent resolution and high sensitivity Very Large Array (VLA)
observations of the 21cm HI line emission from the face-on galaxy NGC 1058,
providing the first reliable study of the HI profile shapes throughout the
entire disk of an external galaxy. Our observations show an intriguing picture
of the interstellar medium; throughout this galaxy velocity-- dispersions range
between 4 to 15 km/sec but are not correlated with star formation, stars or the
gaseous spiral arms. The velocity dispersions decrease with radius, but this
global trend has a large scatter as there are several isolated, resolved
regions of high dispersion. The decline of star light with radius is much
steeper than that of the velocity dispersions or that of the energy in the gas
motions.
",نقدم دقة ممتازة وحساسية عالية لمراقبة Very Large Array (VLA) لانبعاث خط HI 21 سم من المجرة NGC 1058، مما يوفر أول دراسة موثوقة لأشكال ملف HI في جميع أنحاء القرص الكامل لمجرة خارجية. تُظهر ملاحظاتنا صورة مثيرة للاهتمام للوسط بين النجوم؛ حيث تتراوح سرعة الانتشار في هذه المجرة بين 4 و 15 كم/ثانية، ولكنها لا ترتبط بتكوين النجوم أو النجوم أو الأذرع اللولبية الغازية. يتناقص تباين السرعة مع نصف القطر، ولكن هذا الاتجاه العام له تباين كبير حيث توجد عدة مناطق معزولة ومحددة ذات تباين عالٍ. انخفاض ضوء النجوم مع نصف القطر أكثر حدة من انخفاض تباين السرعة أو انخفاض الطاقة في حركات الغاز .,"We present excellent resolution and high sensitivity Very Large Array (VLA) observations of the 21cm HI line emission from the face-on galaxy NGC 1058, providing the first reliable study of the HI profile shapes throughout the entire disk of an external galaxy. Our observations show an intriguing picture of the interstellar medium; throughout this galaxy velocity-- dispersions range between 4 to 15 km/sec but are not correlated with star formation, stars or the gaseous spiral arms. The velocity dispersions decrease with radius, but this global trend has a large scatter as there are several isolated, resolved regions of high dispersion. The decline of star light with radius is much steeper than that of the velocity dispersions or that of the energy in the gas motions.",نقدم دقه ممتازه وحساسيه عاليه لمراقبه Very Large Array (VLA) لانبعاث خط HI 21 سم من المجره NGC 1058، مما يوفر اول دراسه موثوقه لاشكال ملف HI في جميع انحاء القرص الكامل لمجره خارجيه. تظهر ملاحظاتنا صوره مثيره للاهتمام للوسط بين النجوم؛ حيث تتراوح سرعه الانتشار في هذه المجره بين 4 و 15 كم/ثانيه، ولكنها لا ترتبط بتكوين النجوم او النجوم او الاذرع اللولبيه الغازيه. يتناقص تباين السرعه مع نصف القطر، ولكن هذا الاتجاه العام له تباين كبير حيث توجد عده مناطق معزوله ومحدده ذات تباين عال. انخفاض ضوء النجوم مع نصف القطر اكثر حده من انخفاض تباين السرعه او انخفاض الطاقه في حركات الغاز .,125,106,نعرض عمليات رصد ممتازة وحساسية عالية لخطوط الاشعاع الكبيرة جدا (VLA) من خط HI 21cm من انبعاث الموجة على المجرة NGC 1058، مما يوفر الدراسة الموثوقة الأولى لصور HI أشكال جميع قرص كامل لمجرة خارجية. تظهر ملاحظاتنا صورة مثيرة للاهتمام لمتوسط ما بين النجوم؛ طوال هذه السرعة -- تتراوح التشتتات بين 4 إلى 15 كم/ثانية ولكنها لا ترتبط بتشكيل النجوم أو النجوم أو الأسلحة الحلزونية الغازية. التشتت السريع يتناقص مع نصف القطر، ولكن هذا الاتجاه العالمي له تشتت كبير حيث أن هناك عدة مناطق معزولة، محلولة من التشتت العالي. انخفاض ضوء النجم مع نصف القطر هو أشد بكثير من انحدار سرعة التشتت أو الطاقة في حركة الغاز.,نقدم ملاحظات عاليه الحساسيه والحلول العالية (VLA) للانبعاثات من خط HI الكبير جدا من 21 سم من المجله NGC 1058 وجها لوجه، مما يوفر الدراسه الاوليه موثقه لشكالات ملف HI في كل قرص من مجله خارجيه. تظهر ملاحظاتنا صورة مثيرة للاهتمام للمنتصف بين النجوم؛ في جميع انحاء هذه المجله السرعه - التشتت تتراوح بين 4 و 15 كيلومتر في الثانيه ولكنها ليست مرتبطه بتشكيل النجوم، والنجوم، أو الذراعين الدبوباء الغازيه. تناقص التشتت السرعه مع شعاع، ولكن هذا الاتجاه العالمي يمتلك انتشار كبير حيث يوجد عدة مناطق معزوله، حللت من الانتشار العالي. انخفاض ضوء النجوم مع شعاع هو أكثر من ذلك بكثير من التشتت السرعه أو الطاقة في الحركات الغازيه.
mathematics,"  In this expository article we review recent advances in our understanding of
the combinatorial and algebraic structure of perturbation theory in terms of
Feynman graphs, and Dyson-Schwinger equations. Starting from Lie and Hopf
algebras of Feynman graphs, perturbative renormalization is rephrased
algebraically. The Hochschild cohomology of these Hopf algebras leads the way
to Slavnov-Taylor identities and Dyson-Schwinger equations. We discuss recent
progress in solving simple Dyson-Schwinger equations in the high energy sector
using the algebraic machinery. Finally there is a short account on a relation
to algebraic geometry and number theory: understanding Feynman integrals as
periods of mixed (Tate) motives.
",في هذه المقالة التفسيرية، نستعرض التطورات الأخيرة في فهمنا للبنية التوافقية والجبرية لنظرية الاضطرابات من حيث رسوم فينمان البيانية ومعادلات دايسون-شوينجر. بدءًا من جبريات لي وهوبف لرسوم فينمان البيانية، يتم إعادة صياغة عملية إعادة المعايرة الاضطرابية بشكل جبري. وتؤدي كوهومولوجيا هوششيلد لهذه الجبريات الهوبفية إلى هويات سلافنوف-تايلور ومعادلات دايسون-شوينجر. نناقش التقدم المحرز مؤخرًا في حل معادلات دايسون-شوينجر البسيطة في قطاع الطاقة العالية باستخدام الآلية الجبرية. وأخيرًا، هناك سرد موجز لعلاقة بالهندسة الجبرية ونظرية الأعداد: فهم تكاملات فينمان كدورات للموتيفات المختلطة (من نوع تيت).,"In this expository article we review recent advances in our understanding of the combinatorial and algebraic structure of perturbation theory in terms of Feynman graphs, and Dyson-Schwinger equations. Starting from Lie and Hopf algebras of Feynman graphs, perturbative renormalization is rephrased algebraically. The Hochschild cohomology of these Hopf algebras leads the way to Slavnov-Taylor identities and Dyson-Schwinger equations. We discuss recent progress in solving simple Dyson-Schwinger equations in the high energy sector using the algebraic machinery. Finally there is a short account on a relation to algebraic geometry and number theory: understanding Feynman integrals as periods of mixed (Tate) motives.",في هذه المقاله التفسيريه، نستعرض التطورات الاخيره في فهمنا للبنيه التوافقيه والجبريه لنظريه الاضطرابات من حيث رسوم فينمان البيانيه ومعادلات دايسون-شوينجر. بدءا من جبريات لي وهوبف لرسوم فينمان البيانيه، يتم اعاده صياغه عمليه اعاده المعايره الاضطرابيه بشكل جبري. وتؤدي كوهومولوجيا هوششيلد لهذه الجبريات الهوبفيه الي هويات سلافنوف-تايلور ومعادلات دايسون-شوينجر. نناقش التقدم المحرز مؤخرا في حل معادلات دايسون-شوينجر البسيطه في قطاع الطاقه العاليه باستخدام الاليه الجبريه. واخيرا، هناك سرد موجز لعلاقه بالهندسه الجبريه ونظريه الاعداد: فهم تكاملات فينمان كدورات للموتيفات المختلطه (من نوع تيت).,100,83,في هذه المقالة التوضيحية نستعرض التطورات الحديثة في فهمنا للهيكل المختلط والجبري لنظرية العسر من حيث الرسوم البيانية فينمان، ومعادلات دايسون - شوينغر. بدءاً من لي وهوف من الرسوم البيانية فينمان، يتم إعادة صياغة التطبيع التردّدية التكرّدية بطريقة جبريّة. علم الوهم المشترك لهذه الغروب يقود إلى طريق إلى هويات سلافنوف - تايلور ومعادلات دايسون - شوينغر. نناقش التقدّم المحرز مؤخراً في حل المعادلات البسيطة دايسون - شوينغر في قطاع الطاقة العالي باستخدام الآلات الجبرية. أخيراً هناك حساب قصير عن العلاقة مع الهندسة الجبرية ونظرية العدد: فهم تكاملات فينمان كفترات من الدوافع المختلطة (التركيبة).,في هذه المقالة التعريفي، نستعرض التطورات الأخيرة في فهمنا لهيكل التجميع والجبراني لنظريه التشويش من حيث الرسوم البيانيه، ومعادلات دايسون-شوينجر. ابتداء من الجبرات لي وهوبف من الرسوم البيانيه، يتم تعديل تعبير التطبيق التشويشيه التشويشيه الجبريا. توفر التشويشيلد Hochschild من هذه الجبرات هويلور الطريق الي هويات سلافنوف تايلور ومعادلات دايسون-شوينجر. نناقش التقدم الأخير في حل معادلات دايسون-شوينجر البسيله في قطاع الطاقة العالية باستخدام الآلات الجبريه. وفي النهايه، هناك حساب قصير علي علاقة لهجيمتري الجبريه ونظريه العداده: فهم فيمان كفترات من الادله المختلطه (Tate)
mathematics,"  We classify all fusion categories for a given set of fusion rules with three
simple object types. If a conjecture of Ostrik is true, our classification
completes the classification of fusion categories with three simple object
types. To facilitate the discussion we describe a convenient, concrete and
useful variation of graphical calculus for fusion categories, discuss
pivotality and sphericity in this framework, and give a short and elementary
re-proof of the fact that the quadruple dual functor is naturally isomorphic to
the identity.
",نصنف جميع فئات الاندماج لمجموعة معينة من قواعد الاندماج باستخدام ثلاثة أنواع بسيطة من الكائنات. إذا كان تخمين أوستريك صحيحًا، فإن تصنيفنا يُكمل تصنيف فئات الاندماج بثلاثة أنواع بسيطة من الكائنات. ولتسهيل المناقشة، نصف تغييراً ملائماً وملموساً ومفيداً للحساب البياني لفئات الاندماج، ونناقش مفهوم المحورية والكروية في هذا الإطار، ونقدم إعادة إثبات قصيرة وأساسية لحقيقة أن المشغّل المزدوج الرباعي هو متشابه طبيعياً مع الهوية.,"We classify all fusion categories for a given set of fusion rules with three simple object types. If a conjecture of Ostrik is true, our classification completes the classification of fusion categories with three simple object types. To facilitate the discussion we describe a convenient, concrete and useful variation of graphical calculus for fusion categories, discuss pivotality and sphericity in this framework, and give a short and elementary re-proof of the fact that the quadruple dual functor is naturally isomorphic to the identity.",نصنف جميع فئات الاندماج لمجموعه معينه من قواعد الاندماج باستخدام ثلاثه انواع بسيطه من الكائنات. اذا كان تخمين اوستريك صحيحا، فان تصنيفنا يكمل تصنيف فئات الاندماج بثلاثه انواع بسيطه من الكائنات. ولتسهيل المناقشه، نصف تغييرا ملائما وملموسا ومفيدا للحساب البياني لفئات الاندماج، ونناقش مفهوم المحوريه والكرويه في هذا الاطار، ونقدم اعاده اثبات قصيره واساسيه لحقيقه ان المشغل المزدوج الرباعي هو متشابه طبيعيا مع الهويه.,83,64,نصنف جميع فئات الانصهار لمجموعة معينة من قواعد الانصهار مع ثلاثة أنواع بسيطة من الأجسام. إذا كان تخمين أوسترك صحيحاً، فإن تصنيفنا يكمل تصنيف فئات الانصهار مع ثلاثة أنواع بسيطة من الأجسام. لتسهيل المناقشة نصف اختلاف مناسب وواقعي ومفيد في التفاضل التفاضلي البياني لفئات الانصهار، ونناقش المركزية والتكرارية في هذا الإطار، ونعطي موجزاً وابتدائياً لإعادة مقاومة حقيقة أن المفترس المزدوج الرباعي,نصنف جميع فئات الاندماج لعدد معين من قواعد الاندماج مع ثلاثة أنواع كائن بسيط. إذا كان افتراضا من Ostrik صحيحا، فإن تصنيفه يكمل تصنيف فئات الاندماج مع ثلاثة أنواع كائن بسيط. لتسهيل المناقشة، ونصف تغير مريح وملموس ومفيد من الحساب الرسومي لفئات الاندماج، ومناقشة الخصوبيه والجوهره في هذا الإطار، وتوفير دليل قصير وبتكلي مجددا على حقيقه ان المفاعل الثنائي الاربعه هو طبيعيا متوازنه مع الهوية.
mathematics,"We prove that the set of limit groups is recursive, answering a question of
Delzant. One ingredient of the proof is the observation that a finitely
presented group with local retractions (a la Long and Reid) is coherent and,
furthermore, there exists an algorithm that computes presentations for finitely
generated subgroups. The other main ingredient is the ability to
algorithmically calculate centralizers in relatively hyperbolic groups.
Applications include the existence of recognition algorithms for limit groups
and free groups.",نبرهن أن مجموعة زمر النهاية هي مجموعة عودية، مجيبين بذلك على سؤال طرحه ديلزان. أحد مكونات البرهان هو الملاحظة بأن الزمرة ذات التقديم المنتهي والتي تتمتع بارتجاعات محلية (على غرار عمل لونغ وريد) هي زمرة متماسكة، وعلاوة على ذلك، توجد خوارزمية تحسب تقديمات للزمر الجزئية المولدة بمنتهى. المكون الرئيسي الآخر هو القدرة على حساب الممركزات خوارزميًّا في الزمر الزائدية نسبيًّا. تشمل التطبيقات وجود خوارزميات للتعرف على زمر النهاية والزمر الحرة.,"We prove that the set of limit groups is recursive, answering a question of Delzant. One ingredient of the proof is the observation that a finitely presented group with local retractions (a la Long and Reid) is coherent and, furthermore, there exists an algorithm that computes presentations for finitely generated subgroups. The other main ingredient is the ability to algorithmically calculate centralizers in relatively hyperbolic groups. Applications include the existence of recognition algorithms for limit groups and free groups.",نبرهن ان مجموعه زمر النهايه هي مجموعه عوديه، مجيبين بذلك علي سؤال طرحه ديلزان. احد مكونات البرهان هو الملاحظه بان الزمره ذات التقديم المنتهي والتي تتمتع بارتجاعات محليه (علي غرار عمل لونغ وريد) هي زمره متماسكه، وعلاوه علي ذلك، توجد خوارزميه تحسب تقديمات للزمر الجزئيه المولده بمنتهي. المكون الرئيسي الاخر هو القدره علي حساب الممركزات خوارزميا في الزمر الزائديه نسبيا. تشمل التطبيقات وجود خوارزميات للتعرف علي زمر النهايه والزمر الحره.,79,70,نثبت أن مجموعة المجموعات الحدية هي تكرارية، نجيب على سؤال ديلزانت. أحد مكونات الإثبات هو ملاحظة أن المجموعة المعروضة لفترات محددة مع تراجعات محلية (a la Long and Redyd) هي مجموعة متماسكة، وعلاوة على ذلك، هناك خوارزمية تقوم بحساب عروض المجموعات الفرعية المولّدة لفترات محددة. والمكون الرئيسي الآخر هو القدرة على حساب المركزيات خوارزميا في المجموعات المفرطة نسبياً. التطبيقات تشمل وجود خوارزميات الاعتراف لمجموعات الحدود والمجموعات الحرة.,نثبت أن مجموعة مجموعات الحد التكافؤية متكرره، وذلك ردا علي سؤال من ديلزانت. ومن المكونات المكونه من الدليل هو ملاحظه ان مجموعة عرضته محدوده ذات الانسحابات المحليه (اللونغ وريد) متماسكه، وعلاوة علي ذلك، توجد خوارزميه تحسب العروض المقدمه للفئات الفرعية المولديه محدودا. والمكون الرئيسي الآخر هو القدره علي حساب المحركات خوارزميا في مجموعات فرطاء نسبيا. وتشمل التطبيقات وجود خوارزميات التعرف علي مجموعات الحد والجماعات الحرة.
physics,"Based on the formula for the number density of vacancies in a solid under the
stress or tension, the model of grain boundary diffusion in crystalline solids
is developed. We obtain the activation energy of grain boundary diffusion
(dependent on the surface tension or the energy of the grain boundary) and also
the distributions of vacancies and the diffusing species in the vicinity of the
grain boundary.",اعتمادًا على صيغة الكثافة العددية للشواغر في مادة صلبة تحت الإجهاد أو الشد، تم تطوير نموذج انتشار حدود الحبوب في المواد الصلبة البلورية. نحصل على طاقة تنشيط انتشار حدود الحبوب (التي تعتمد على التوتر السطحي أو طاقة حدود الحبوب) وكذلك توزيعات الشواغر والأنواع المنتشرة في جوار حدود الحبوب.,"Based on the formula for the number density of vacancies in a solid under the stress or tension, the model of grain boundary diffusion in crystalline solids is developed. We obtain the activation energy of grain boundary diffusion (dependent on the surface tension or the energy of the grain boundary) and also the distributions of vacancies and the diffusing species in the vicinity of the grain boundary.",اعتمادا علي صيغه الكثافه العدديه للشواغر في ماده صلبه تحت الاجهاد او الشد، تم تطوير نموذج انتشار حدود الحبوب في المواد الصلبه البلوريه. نحصل علي طاقه تنشيط انتشار حدود الحبوب (التي تعتمد علي التوتر السطحي او طاقه حدود الحبوب) وكذلك توزيعات الشواغر والانواع المنتشره في جوار حدود الحبوب.,67,48,واستنادا إلى صيغة كثافة عدد الشواغر في مادة صلبة تحت الضغط أو التوتر، يتم تطوير نموذج لنشر حدود الحبوب في المواد الصلبة البلورية، ونحصل على طاقة تنشيطية لنشر حدود الحبوب (على أساس التوتر السطحي أو طاقة حدود الحبوب) وكذلك توزيع الوظائف الشاغرة والأنواع التي تنشر في المناطق المجاورة لحدود الحبوب.,وبناء علي صيغه لعدد كثافيه الشاغر في صلب تحت التوتر أو التوتر، يتم تطوير نموذج انتشار حد الحيوانات الحجريه في الصلبات الكريستالية. نحصل علي طاقه تنشيط انتشار حد الحيوانات الحجريه (عتمدا علي التوتر السطحي او طاقه حد الحيوانات الحجريه) وكذلك توزيع الشاغر والأنواع المنتشره في مجال حدود الحيوانات الحجريه.
physics,"The thermal decomposition of norbornane (dissolved in benzene) has been
studied in a jet stirred reactor at temperatures between 873 and 973 K, at
residence times ranging from 1 to 4 s and at atmospheric pressure, leading to
conversions from 0.04 to 22.6%. 25 reaction products were identified and
quantified by gas chromatography, amongst which the main ones are hydrogen,
ethylene and 1,3-cyclopentadiene. A mechanism investigation of the thermal
decomposition of the norbornane - benzene binary mixture has been performed.
Reactions involved in the mechanism have been reviewed: unimolecular
initiations 1 by C-C bond scission of norbornane, fate of the generated
diradicals, reactions of transfer and propagation of norbornyl radicals,
reactions of benzene and cross-coupling reactions.","تمت دراسة التحلل الحراري للنوربورنان (المذاب في البنزين) في مفاعل مُحَرَّك نفاث عند درجات حرارة تتراوح بين 873 و973، وعند أزمنة مكوث تتراوح من 1 إلى4  ثانية وعند الضغط الجوي، مما أدى إلى تحولات تتراوح من0.04% إلى 22.6%$. تم تحديد وتحديد كمية $25$ منتج تفاعل بواسطة الكروماتوغرافيا الغازية (gas chromatography)، من بينها المنتجات الرئيسية هي الهيدروجين والإيثيلين و $1,3$-سيكلوبنتادايين. تم إجراء تحقيق في آلية التحلل الحراري لمزيج النوربورنان-البنزين الثنائي. تمت مراجعة التفاعلات المتضمنة في الآلية: بدئ التفاعلات أحادية الجزيء عن طريق انشطار رابطة $\text{C-C}$ للنوربورنان، ومصير الجذور الثنائية المتولدة (diradicals)، وتفاعلات النقل وتكاثر جذور النوربورنيل (norbornyl radicals)، وتفاعلات البنزين وتفاعلات الاقتران المتقاطع (cross-coupling reactions).","The thermal decomposition of norbornane (dissolved in benzene) has been studied in a jet stirred reactor at temperatures between 873 and 973 K, at residence times ranging from 1 to 4 s and at atmospheric pressure, leading to conversions from 0.04 to 22.6%. 25 reaction products were identified and quantified by gas chromatography, amongst which the main ones are hydrogen, ethylene and 1,3-cyclopentadiene. A mechanism investigation of the thermal decomposition of the norbornane - benzene binary mixture has been performed. Reactions involved in the mechanism have been reviewed: unimolecular initiations 1 by C-C bond scission of norbornane, fate of the generated diradicals, reactions of transfer and propagation of norbornyl radicals, reactions of benzene and cross-coupling reactions.","تمت دراسه التحلل الحراري للنوربورنان (المذاب في البنزين) في مفاعل محرك نفاث عند درجات حراره تتراوح بين 873 و973، وعند ازمنه مكوث تتراوح من 1 الي4 ثانيه وعند الضغط الجوي، مما ادي الي تحولات تتراوح من0.04% الي 22.6%$. تم تحديد وتحديد كميه $25$ منتج تفاعل بواسطه الكروماتوغرافيا الغازيه (gas chromatography)، من بينها المنتجات الرئيسيه هي الهيدروجين والايثيلين و $1,3$-سيكلوبنتادايين. تم اجراء تحقيق في اليه التحلل الحراري لمزيج النوربورنان-البنزين الثنائي. تمت مراجعه التفاعلات المتضمنه في الاليه: بدئ التفاعلات احاديه الجزيء عن طريق انشطار رابطه $\text{C-C}$ للنوربورنان، ومصير الجذور الثنائيه المتولده (diradicals)، وتفاعلات النقل وتكاثر جذور النوربورنيل (norbornyl radicals)، وتفاعلات البنزين وتفاعلات الاقتران المتقاطع (cross-coupling reactions).",116,104,وقد تم دراسة التحلل الحراري لنوربورن (المخلوط في البنزين) في مفاعل نفاثي في درجات حرارة تتراوح بين 873 و973 كاف، وفي أوقات إقامة تتراوح بين 1 و4 س، وفي الضغط الجوي، مما يؤدي إلى التحول من 0.04 إلى 22.6 في المائة. وتم تحديد وتحديد 25 منتجاً من منتجات التفاعل وتحديدها كمياً عن طريق التصوير الكروماتوغرافي للغاز، ومن بينها أهم المنتجات هي الهيدروجين والإيثيلين و3-3-سكلابنتادين. وأجري تحقيق في آلية للتحلل الحراري للمخلوط الثنائي - بنزين - نوربورن. وتم استعراض ردود الفعل التي تنطوي عليها الآلية: 1 بدء أحادية الجزيئات عن طريق تقطيع السندات C-C لنوربورنان، ومصير المثانيات المتولدة، وتفاعلات نقل وانتشار جذور نوربورنيل، وتفاعلات البنزين وتفاعلات التفاعلات التفاعلات المتقاطعة.,"تم دراسه التفكك الحراري لنوربونان (المذوب في البنزين) في مفاعل مزعج بالطائرات في درجات الحراره بين 873 و 973 كيلوترا، وفي زمن الاحتفاظ بين 1 و 4 ثانية، وفي ضغط جوي، مما يؤدي الي تحويلات من 0.04 الي 22.6٪. تم تحديد 25 منتج رد فعل وتقييمها بواسطه كروماتوجرافي الغاز، ومن بينها المنتجات الرئيسيه هي الهيدروجين والإيثيلين وال 1,3-سيكولوبنتادين. تم تحقيق آلية للتفكك الحراري لمزيج ثنائي نوربونان - البنزين. تم استعراض ردود الفعل في الآلية: المبادرات الوحيده من خلال الانفصال من الروابط C-C لنوربونان، من الادارهات المنتجيه، ردود الفعل من نقل ونشر نوربونيل، ردود الفعل من بينزين والردود الفعل المتبادله."
physics,"  We report observations of the dust cloud L1204 with the Onsala 25-m telescope
in the 6 cm (1$_{11}-1_{10}$) transition of \htco. The observed region includes
the
  S140 H${\alpha}$ arc. This spectral line is seen here in absorption against
the cosmic microwave background, indicating the presence of widespread warm
molecular gas at intermediate densities. Overall, the distributions of H$_2$CO
and CO (taken from the literature) are fairly similar, though significant
differences exist at small scales. Most notably, while the CO peak is nearly
coincident with the S140 H${\alpha}$ arc, the maximum H$_2$CO absorption is
clearly separated from it by a full 10$'$ beam ($\sim$ 3 pc). We argue that
these differences result from differing abundances and excitation requirements.
The CO(1-0) line is more optically thick and more biased towards warm gas than
the H$_2$CO 6 cm line. On the other hand, formaldehyde is more easily
photodissociated and is, therefore, a poorer tracer of the molecular gas
located immediately behind Photon Dominated Regions.
","نقوم بالإبلاغ عن الملاحظات التي تم الحصول عليها من خلال التلسكوب أونسالا 25-م لسحابة الغبار L1204 في عملية الانتقال التي تبلغ 6 سم (1$11)-1$10$. وتشمل المنطقة المرصودة
قوس S140 H${\alpha}$. ويظهر هذا الخط الطيفي هنا في الإشعاع الممتص مقابل الإشعاع الكوني الميكروي، مما يشير إلى وجود غاز جزيئي دافئ على نطاق واسع بكثافات متوسطة. وبشكل عام، فإن توزيعات H$_2$CO و CO (مأخوذة من الأدبيات) متشابهة إلى حد ما، على الرغم من وجود اختلافات كبيرة على نطاقات صغيرة. ومن أبرز هذه الاختلافات أنه على الرغم من أن ذروة CO تتطابق تقريبًا مع قوس S140 H${\alpha}$, فإن الحد الأقصى للامتصاص لـ H$_2$CO يختلف بوضوح عنها بواسطة حزمة كاملة بقيمة 10$'$. ونحن نجادل بأن هذه الاختلافات ناتجة عن اختلافات في الوفرة ومتطلبات الإثارة.
يتميز خط CO(1-0) بسمك بصري أكبر وانحياز أكبر نحو الغاز الدافئ مقارنة بخط H$_2$CO الذي يبلغ طوله 6 سم. ومن ناحية أخرى، فإن الفورمالديهايد يتحلل بسهولة أكبر بفعل الضوء، وبالتالي فهو يعد تتبعًا أقل جودة للغاز الجزيئي الموجود مباشرة خلف المناطق التي يسيطر عليها الفوتون.","We report observations of the dust cloud L1204 with the Onsala 25-m telescope in the 6 cm (1$_{11}-1_{10}$) transition of \htco. The observed region includes the S140 H${\alpha}$ arc. This spectral line is seen here in absorption against the cosmic microwave background, indicating the presence of widespread warm molecular gas at intermediate densities. Overall, the distributions of H$_2$CO and CO (taken from the literature) are fairly similar, though significant differences exist at small scales. Most notably, while the CO peak is nearly coincident with the S140 H${\alpha}$ arc, the maximum H$_2$CO absorption is clearly separated from it by a full 10$'$ beam ($\sim$ 3 pc). We argue that these differences result from differing abundances and excitation requirements. The CO(1-0) line is more optically thick and more biased towards warm gas than the H$_2$CO 6 cm line. On the other hand, formaldehyde is more easily photodissociated and is, therefore, a poorer tracer of the molecular gas located immediately behind Photon Dominated Regions.","نقوم بالابلاغ عن الملاحظات التي تم الحصول عليها من خلال التلسكوب اونسالا 25-م لسحابه الغبار L1204 في عمليه الانتقال التي تبلغ 6 سم (1$11)-1$10$. وتشمل المنطقه المرصوده قوس S140 H${\alpha}$. ويظهر هذا الخط الطيفي هنا في الاشعاع الممتص مقابل الاشعاع الكوني الميكروي، مما يشير الي وجود غاز جزيئي دافئ علي نطاق واسع بكثافات متوسطه. وبشكل عام، فان توزيعات H$_2$CO و CO (ماخوذه من الادبيات) متشابهه الي حد ما، علي الرغم من وجود اختلافات كبيره علي نطاقات صغيره. ومن ابرز هذه الاختلافات انه علي الرغم من ان ذروه CO تتطابق تقريبا مع قوس S140 H${\alpha}$, فان الحد الاقصي للامتصاص ل H$_2$CO يختلف بوضوح عنها بواسطه حزمه كامله بقيمه 10$'$. ونحن نجادل بان هذه الاختلافات ناتجه عن اختلافات في الوفره ومتطلبات الاثاره. يتميز خط CO(1-0) بسمك بصري اكبر وانحياز اكبر نحو الغاز الدافئ مقارنه بخط H$_2$CO الذي يبلغ طوله 6 سم. ومن ناحيه اخري، فان الفورمالديهايد يتحلل بسهوله اكبر بفعل الضوء، وبالتالي فهو يعد تتبعا اقل جوده للغاز الجزيئي الموجود مباشره خلف المناطق التي يسيطر عليها الفوتون.",161,165,نبلغ عن رصدات لغـرض الغـرض L1204 مع تلسكوب Onsala 25 - متر في 6 سم (1 دولار - 1 - 1 - 10) من انتقال /htco. وتشمل المنطقة الملحوظة الخط الطيفي هذا الخط الطيفي الذي ينظر إليه هنا في امتصاصه في ظل خلفية الميكروفون الكوني، مما يشير إلى وجود غاز جزيئي دافئ وواسع الانتشار في الكثافة الوسيطة. وعموماً، فإن توزيعي الـ H$_2 دولار من ثاني أكسيد الكربون وCO (مأخوذة من المؤلفات) متشابهان إلى حد ما، على الرغم من وجود اختلافات كبيرة على نطاق صغير. وعلى وجه الخصوص، في حين أن ذروة ثاني أكسيد الكربون تتزامن تقريباً مع ذروة الـ S140 H-H-walfa} دولار من دولارات الولايات المتحدة في القوس، ومن الواضح أن أقصى امتصاص للـ H_2 دولار من CO ينفصل عنه بشعاع كامل قدره 10 دولارات من دولارات الولايات المتحدة (/simix3 pc) ونحن نرى أن هذه الاختلافات ناجمة عن اختلاف الوفرات ومتطلبات الطرد، وعلى وجه الخصوص، في حين أن خط خط CO (1-0) أكثر سمكاً بصرياً وأكثر انحياناً نحواً تجاه الغاز الدافئ من خط الـي من خط H_2 دولار CO 6 CO.,ونبلغ عن ملاحظات لسحابة الغبار L1204 مع تلسكوب Onsala 25-m في الانتقال 6 سم (1$_{11}-1_{10}$) من \htco. يتضمن المنطقة الملاحظه قوس S140 H${\alpha}$. يظهر هذا الخط الطيفي هنا في امتصاص ضد الاخلفه الكونيه الميكروويوهميه، مما يشير الي وجود غاز جزئي دافئ واسع النطاق في الكثافات الوسطيه. بشكل عام، توزيع H$_2$CO و CO (المستخرج من الكتابه) متشابه نسبيا، على الرغم من وجود اختلافات كبيرة علي نطاقات صغيرة. وخاصه، في حين أن ذروه CO تقارب تقريبا مع S140 H${\alpha}$، يتم فصل امتصاص H$_2$CO الحصري منه بشكل واضح بواسطه خط 10'\am$ 3$CO. ونقول ان هذه الاختلافات تقع بشكل مباشر من الدرجات الفوتونيه، ونتيجة لذلك تكون خطات الغازات الدرجة الشمسيه أكثر ثقافا وسرعه من الدرجات الفوتونيه. ويتمثل التشابطه في الدرجات الفوتونيه في الدرجات الفوتونيه، ويتمثل الاختلافات الدرجة الدرجة الدرجة الدرجة الدرجة الدرجة الدرجة الدرجة الدرجة الدرجة الدرجة الدرجة الدرجة الدرجة الدرجة الدرجه اليابعه في الدرجه الدرجه الدرجه الدرجه الدرجه الدرجه الدرجه الدرجه الدرجه الدرجه الدرجه الدرجه الدرجه الدرجه الدرجه الدرجه الدرجه الدرجه الدرجه الدرجه الدرجه الدرجه الدرجه الدرجه الدرجه الدرجه الدرجه الدرجه الدرجه الدرجه الدرجه الدرجه الدرجه الدرجه الدرجه الدرجه الدرجه الدرجه الدرجه الدرجه الدرجه الدرجه الدرجه الدرجه الدرجه الدرجه الدرجه الدرجه الدرجه الدرجه الدرجه ال
mathematics,"Conditional independence models in the Gaussian case are algebraic varieties
in the cone of positive definite covariance matrices. We study these varieties
in the case of Bayesian networks, with a view towards generalizing the
recursive factorization theorem to situations with hidden variables. In the
case when the underlying graph is a tree, we show that the vanishing ideal of
the model is generated by the conditional independence statements implied by
graph. We also show that the ideal of any Bayesian network is homogeneous with
respect to a multigrading induced by a collection of upstream random variables.
This has a number of important consequences for hidden variable models.
Finally, we relate the ideals of Bayesian networks to a number of classical
constructions in algebraic geometry including toric degenerations of the
Grassmannian, matrix Schubert varieties, and secant varieties.",نماذج الاستقلال الشرطي في الحالة الغاوسية هي أصناف جبرية ضمن مخروط مصفوفات التغاير الموجبة المحددة. ندرس هذه الأصناف في حالة شبكات بايزي، بهدف تعميم مبرهنة التحليل التعاودي لتشمل الحالات ذات المتغيرات الكامنة. في الحالة التي يكون فيها الرسم البياني الأساسي شجرة، نبين أن المثال الصفري للنموذج مُوَلَّد بواسطة عبارات الاستقلال الشرطي التي يستلزمها الرسم البياني. نُظهر أيضًا أن مثال أي شبكة بايزي متجانس بالنسبة لتدريج متعدد مستحث بمجموعة من المتغيرات العشوائية المنبعية. ولهذا عدد من النتائج الهامة لنماذج المتغيرات الكامنة. أخيرًا، نربط أمثلة شبكات بايزي بعدد من البنى الكلاسيكية في الهندسة الجبرية، بما في ذلك التفسخات التورية للغرسمانيان، وأصناف شوبرت المصفوفية، والأصناف القاطعة.,"Conditional independence models in the Gaussian case are algebraic varieties in the cone of positive definite covariance matrices. We study these varieties in the case of Bayesian networks, with a view towards generalizing the recursive factorization theorem to situations with hidden variables. In the case when the underlying graph is a tree, we show that the vanishing ideal of the model is generated by the conditional independence statements implied by graph. We also show that the ideal of any Bayesian network is homogeneous with respect to a multigrading induced by a collection of upstream random variables. This has a number of important consequences for hidden variable models. Finally, we relate the ideals of Bayesian networks to a number of classical constructions in algebraic geometry including toric degenerations of the Grassmannian, matrix Schubert varieties, and secant varieties.",نماذج الاستقلال الشرطي في الحاله الغاوسيه هي اصناف جبريه ضمن مخروط مصفوفات التغاير الموجبه المحدده. ندرس هذه الاصناف في حاله شبكات بايزي، بهدف تعميم مبرهنه التحليل التعاودي لتشمل الحالات ذات المتغيرات الكامنه. في الحاله التي يكون فيها الرسم البياني الاساسي شجره، نبين ان المثال الصفري للنموذج مولد بواسطه عبارات الاستقلال الشرطي التي يستلزمها الرسم البياني. نظهر ايضا ان مثال اي شبكه بايزي متجانس بالنسبه لتدريج متعدد مستحث بمجموعه من المتغيرات العشوائيه المنبعيه. ولهذا عدد من النتائج الهامه لنماذج المتغيرات الكامنه. اخيرا، نربط امثله شبكات بايزي بعدد من البني الكلاسيكيه في الهندسه الجبريه، بما في ذلك التفسخات التوريه للغرسمانيان، واصناف شوبرت المصفوفيه، والاصناف القاطعه.,136,103,نماذج الاستقلالية المشروطة في حالة Gausian هي أنواع جبرية في مخروط مصفوفات التطابق الإيجابي. نحن ندرس هذه الأنواع في حالة الشبكات البييزيانية، بهدف تعميم نظرية عاملية التكرار في الحالات مع المتغيرات الخفية. في حالة عندما يكون الرسم البياني الكامن شجرة، نظهر أن المثال الأعلى للنموذج هو الذي يتلاشى عن طريق بيانات الاستقلال المشروط التي يتضمنها الرسم البياني. كما نوضح أن المثال الأعلى لأي شبكة باييزية هو متجانس فيما يتعلق بالتعدد التدرجي المستحث بمجموعة من المتغيرات العشوائية. هذا له عدد من العواقب الهامة للنماذج المتغيرة الخفية. أخيراً، نربط مُثُل شبكات باييزيان بعدد من الإنشاءات الكلاسيكية في الهندسة الجبرية بما في ذلك التزييف الهرمي لأنواع الـ orgmananian، ومصفوفة Schobert، والنوعات المؤمّنة.,ونحن ندرس هذه النوعيات في حالة الشبكات البايزيه، بهدف تعميم نظريه التعامل التكافؤ التكافؤي للوضعات ذات المتغيرات الخفيه. في حال كانت الرسم البياني الكامنة هي شجره، فإننا نظهر ان المثالي المختفي للمثالي يتم توليده من خلال بيانات الاستقلال الشريطيه المترتمه من الرسم البياني. كما نظهر ان المثالي لأي شبكه البايزيه هو متجانس فيما يتعلق بتعدد الدرجات المثيره من قبل مجموعة من المتغيرات العشوائيه العليا. وهذا له عدد من العواقب الهامه بالنسبة لنماذج المتغيرات المختفيه. أخيرا، نربط المثاليات البايزيه لعدد من البنائيات الكلاسيكيه في الهندسه الججيهيهيهيه الجيوماترييه التدهوريكيه لمتغيرات غراسمان، بما في ذلك الشبكه شوبرتان، والنوعات المتفرقه.
other,"  This chapter summarizes analytic theory and numerical calculations for the
formation and collisional evolution of KBOs at 20--150 AU. We describe the main
predictions of a baseline self-stirring model and show how dynamical
perturbations from a stellar flyby or stirring by a giant planet modify the
evolution. Although robust comparisons between observations and theory require
better KBO statistics and more comprehensive calculations, the data are broadly
consistent with KBO formation in a massive disk followed by substantial
collisional grinding and dynamical ejection. However, there are important
problems reconciling the results of coagulation and dynamical calculations.
Contrasting our current understanding of the evolution of KBOs and asteroids
suggests that additional observational constraints, such as the identification
of more dynamical families of KBOs (like the 2003 EL61 family), would provide
additional information on the relative roles of collisional grinding and
dynamical ejection in the Kuiper Belt. The uncertainties also motivate
calculations that combine collisional and dynamical evolution, a `unified'
calculation that should give us a better picture of KBO formation and
evolution.
","يُلخص هذا الفصل النظرية التحليلية والحسابات العددية لتكوين الكويكبات في النظام الشمسي وتطورها الاصطدامي على مسافة تتراوح بين 20 و150 وحدة فلكية. ونصف التنبؤات الرئيسية لنموذج ذاتي التحفيز أساسي، ونبين كيف تؤدي الاضطرابات الديناميكية الناتجة عن مرور نجم أو تحريك كوكب عملاق إلى تغيير التطور. وعلى الرغم من أن المقارنات القوية بين الملاحظات والنظرية تتطلب إحصاءات أفضل للكويكبات وتحليلات أكثر شمولاً، إلا أن البيانات تتوافق بشكل عام مع تكوين الكويكبات في قرص ضخم تليه عملية طحن اصطدامي كبيرة وطرد ديناميكي. ومع ذلك، هناك مشاكل مهمة في التوفيق بين نتائج الحسابات التجميعية والحسابات الديناميكية.
ويشير مقارنة فهمنا الحالي لتطور الكويكبات في النظام الشمسي والكويكبات إلى أن القيود المراقبة الإضافية، مثل تحديد المزيد من العائلات الديناميكية للكويكبات في النظام الشمسي (مثل عائلة EL61 لعام 2003)، ستوفر معلومات إضافية حول الأدوار النسبية للطحن الاصطدامي والطرد الديناميكي في حزام كايبر. كما أن عدم اليقين يحفز الحسابات التي تجمع بين التطور الاصطدامي والديناميكي، وهو حساب ""موحد"" من المفترض أن يعطينا صورة أفضل عن تكوين الكويكبات وتطورها.","This chapter summarizes analytic theory and numerical calculations for the formation and collisional evolution of KBOs at 20--150 AU. We describe the main predictions of a baseline self-stirring model and show how dynamical perturbations from a stellar flyby or stirring by a giant planet modify the evolution. Although robust comparisons between observations and theory require better KBO statistics and more comprehensive calculations, the data are broadly consistent with KBO formation in a massive disk followed by substantial collisional grinding and dynamical ejection. However, there are important problems reconciling the results of coagulation and dynamical calculations. Contrasting our current understanding of the evolution of KBOs and asteroids suggests that additional observational constraints, such as the identification of more dynamical families of KBOs (like the 2003 EL61 family), would provide additional information on the relative roles of collisional grinding and dynamical ejection in the Kuiper Belt. The uncertainties also motivate calculations that combine collisional and dynamical evolution, a `unified' calculation that should give us a better picture of KBO formation and evolution.","يلخص هذا الفصل النظريه التحليليه والحسابات العدديه لتكوين الكويكبات في النظام الشمسي وتطورها الاصطدامي علي مسافه تتراوح بين 20 و150 وحده فلكيه. ونصف التنبؤات الرئيسيه لنموذج ذاتي التحفيز اساسي، ونبين كيف تؤدي الاضطرابات الديناميكيه الناتجه عن مرور نجم او تحريك كوكب عملاق الي تغيير التطور. وعلي الرغم من ان المقارنات القويه بين الملاحظات والنظريه تتطلب احصاءات افضل للكويكبات وتحليلات اكثر شمولا، الا ان البيانات تتوافق بشكل عام مع تكوين الكويكبات في قرص ضخم تليه عمليه طحن اصطدامي كبيره وطرد ديناميكي. ومع ذلك، هناك مشاكل مهمه في التوفيق بين نتائج الحسابات التجميعيه والحسابات الديناميكيه. ويشير مقارنه فهمنا الحالي لتطور الكويكبات في النظام الشمسي والكويكبات الي ان القيود المراقبه الاضافيه، مثل تحديد المزيد من العائلات الديناميكيه للكويكبات في النظام الشمسي (مثل عائله EL61 لعام 2003)، ستوفر معلومات اضافيه حول الادوار النسبيه للطحن الاصطدامي والطرد الديناميكي في حزام كايبر. كما ان عدم اليقين يحفز الحسابات التي تجمع بين التطور الاصطدامي والديناميكي، وهو حساب ""موحد"" من المفترض ان يعطينا صوره افضل عن تكوين الكويكبات وتطورها.",170,161,"ويلخص هذا الفصل النظريات التحليلية والحسابات العددية لتكوين المنظمات الكورية وتطورها الاصطدامي في الاتحاد الأفريقي 20-150، ونصف التنبؤات الرئيسية لنموذج ذاتي القذف خط الأساس، ونبين كيف أن الاضطرابات الديناميكية الناجمة عن عملية تحليق أو تحريك بواسطة كوكب عملاق تؤدي إلى تعديل التطور. وعلى الرغم من أن المقارنات القوية بين الملاحظات والنظرية تتطلب إحصاءات أفضل من منظمة KBO وحسابات أكثر شمولا، فإن البيانات تتسق عموما مع تشكيل منظمة KBO في قرص ضخم يعقبه طحن اصطدامي كبير واطلاق ديناميكي. ومع ذلك، هناك مشاكل هامة التوفيق بين نتائج التخثر والحسابات الديناميكية. ويوحي التباين بين فهمنا الحالي لتطور المنظمات والكويكات الكورية بأن قيود المراقبة الإضافية، مثل تحديد الأسر الأكثر ديناميكية لمنظمات KBOs (مثل عائلة EL61 2003)، من شأنها أن توفر معلومات إضافية عن الأدوار النسبية للطحن الاصطدامي والإطلاق الدينامي في قوة كويبر. كما أن أوجه عدم اليقين تحفز الحسابات التي تجمع بين التطور الاصطدامي والدينامي، أي حساب ""غير محسوس"" من شأنه أن يعطينا صورة أفضل لتكوين وتطور KBOBO.",وتقوم هذه الفصل بتجميع النظريه التحليليه والحسابات العدديه لتشكيل وتطور التصادم الكهربائي الكهربائي عند 20- 150 AU. ونصف التنبؤات الرئيسيه لنموذج التشغيل الذاتي عند الخط الأساسي، ونظهر كيف تغير التشوهات الديناميكيه من طير نجمي أو التحرك بواسطه كوكب عملاق. وعلى الرغم من ان المقارنات القوية بين الملاحظات والنظريه تتطلب احصاءات KBO افضل والحسابات الأكثر شمولا، فإن البيانات تتفق علي حد كبير مع تكوين KBO في قرص ضخم يليه صلب التصادم الكبير والانفج الديناميكي. ومع ذلك، هناك مشكلات مهمه في المصالح بين نتائج التجميد والحسابات الديناميكيه. يوحي التناقض بين فهمنا الحالي لتطور KBO والكويكبيات، بأنه توفر الملاحظات المضافيه، مثل تحديد عائلات أكثر ديناميكيا من KBO (عائلة EL61 2003) ، معلومات اضافيه علي التطور الديناميكي والتحليلات النابيه في حزم كايبر، والتي يجب ان توفر لنا ايضا صورة لا يضافه علي التطورات التصادم الكهربي.
other,"  The North Polar Spur (NPS) is the brightest filament of Loop I, a large
circular feature in the radio continuum sky. In this paper, a model consisting
of two synchrotron emitting shells is presented that reproduces large-scale
structures revealed by recent polarization surveys. The polarized emission of
the NPS is reproduced by one of these shells. The other shell, which passes
close to the Sun, gives rise to polarized emission towards the Galactic poles.
It is proposed that X-ray emission seen towards the NPS is produced by
interaction of the two shells. Two OB-associations coincide with the centers of
the shells. A formation scenario of the Loop I region is suggested.
",الشوكة القطبية الشمالية (NPS) هي ألمع خيط في الحلقة الأولى، وهي ميزة دائرية كبيرة في سماء الراديو المستمر. في هذه الورقة، يتم تقديم نموذج يتكون من قشرتين باعثتين للسينكروترون يعيد إنتاج الهياكل واسعة النطاق التي كشفت عنها الدراسات الاستقصائية الحديثة للاستقطاب. يتم إعادة إنتاج الانبعاث المستقطب لـ NPS بواسطة أحد هذين الغلافين. أما الغلاف الآخر، الذي يمر بالقرب من الشمس، فيؤدي إلى انبعاث مستقطب باتجاه أقطاب المجرة. ويُقترح أن انبعاث الأشعة السينية المرئي باتجاه NPS ينتج عن تفاعل الغلافين. يتطابق اثنان من تجمعات OB مع مركزي الغلافين. ويُقترح سيناريو لتكوين منطقة Loop I.,"The North Polar Spur (NPS) is the brightest filament of Loop I, a large circular feature in the radio continuum sky. In this paper, a model consisting of two synchrotron emitting shells is presented that reproduces large-scale structures revealed by recent polarization surveys. The polarized emission of the NPS is reproduced by one of these shells. The other shell, which passes close to the Sun, gives rise to polarized emission towards the Galactic poles. It is proposed that X-ray emission seen towards the NPS is produced by interaction of the two shells. Two OB-associations coincide with the centers of the shells. A formation scenario of the Loop I region is suggested.",الشوكه القطبيه الشماليه (NPS) هي المع خيط في الحلقه الاولي، وهي ميزه دائريه كبيره في سماء الراديو المستمر. في هذه الورقه، يتم تقديم نموذج يتكون من قشرتين باعثتين للسينكروترون يعيد انتاج الهياكل واسعه النطاق التي كشفت عنها الدراسات الاستقصائيه الحديثه للاستقطاب. يتم اعاده انتاج الانبعاث المستقطب ل NPS بواسطه احد هذين الغلافين. اما الغلاف الاخر، الذي يمر بالقرب من الشمس، فيؤدي الي انبعاث مستقطب باتجاه اقطاب المجره. ويقترح ان انبعاث الاشعه السينيه المرئي باتجاه NPS ينتج عن تفاعل الغلافين. يتطابق اثنان من تجمعات OB مع مركزي الغلافين. ويقترح سيناريو لتكوين منطقه Loop I.,111,93,والنموذج القطبي الشمالي سبور (NPS) هو أروع شظية للوب الأول، وهو سمة دائرية كبيرة في سماء السلسلة الراديوية. وفي هذه الورقة، يقدم نموذج يتألف من قذيفتين متزامنتين تنبعثان متزامنتين وينتج هياكل واسعة النطاق كشفت عنها المسوحات الاستقطابية الحديثة. ويستنسخ أحد هذه القذيفة الانبعاث القطبي لمصادر القدرة النووية. أما القذيفة الأخرى، التي تنتقل بالقرب من الشمس، فيؤدي إلى انبعاث قطبي باتجاه القطبين المجريين. ويقترح أن يكون انبعاث الأشعة السينية الذي يُرى نحو مصادر القدرة النووية ناتجاً عن تفاعل القذيفةين. وتتزامن مجموعتان من الأوب مع مراكز القذائف. ويقترح سيناريو لتشكيل منطقة لوب 1.,يعد الحزام القطبي الشمالي (NPS) هو أشد شعاع لقطب الحلق I، وهو ميزه دائره كبيره في السماء المستمره الراديويه. في هذه الورقه، يتم عرض نموذج يتكون من قذائف تنبعث من السينكروترون، الذي يعيد تكوين هيكلات واسعه النطاق الكبيره التي كشفت عنها استطلاعات الاستقطاب الأخيرة. يتم تكرار الانبعاث المقطبي لقطب الحلق نسب بواسط واحد من هذه القذائف. وتسبب القذائف الآخر، الذي يمر بالقرب من الشمس، في انبعاث مقطبي نحو القطبين المجري. يُقترح ان الانبعاث من اشعاع الأشعة السينيه الموجه نحو NPS يتم إنتاجه عن طريق تفاعل القذائفين. تتزامن اثنين من الارتباطات مع مراكز القذائف. يُقترح سيناريو تشكيل منطقه من القطب I.
physics,"We introduce VErsatile SPectral Analysis (VESPA): a new method which aims to
recover robust star formation and metallicity histories from galactic spectra.
VESPA uses the full spectral range to construct a galaxy history from synthetic
models. We investigate the use of an adaptative parametrization grid to recover
reliable star formation histories on a galaxy-by-galaxy basis. Our goal is
robustness as opposed to high resolution histories, and the method is designed
to return high time resolution only where the data demand it. In this paper we
detail the method and we present our findings when we apply VESPA to synthetic
and real Sloan Digital Sky Survey (SDSS) spectroscopic data. We show that the
number of parameters that can be recovered from a spectrum depends strongly on
the signal-to-noise, wavelength coverage and presence or absence of a young
population. For a typical SDSS sample of galaxies, we can normally recover
between 2 to 5 stellar populations. We find very good agreement between VESPA
and our previous analysis of the SDSS sample with MOPED.",نقدم تحليلًا طيفيًا متعدد الاستخدامات (VESPA): طريقة جديدة تهدف إلى استعادة تواريخ موثوقة لتكون النجوم والوفرة المعدنية من الأطياف المجرية. تستخدم VESPA النطاق الطيفي الكامل لبناء تاريخ مجري من النماذج الاصطناعية. ندرس استخدام شبكة تحديد معلمات تكيفية لاستعادة تواريخ موثوقة لتكون النجوم لكل مجرة على حدة. هدفنا هو الموثوقية بدلاً من التواريخ عالية الدقة، وقد صُممت الطريقة لتقديم دقة زمنية عالية فقط حيث تتطلب البيانات ذلك. في هذا البحث، نفصل الطريقة ونقدم نتائجنا عند تطبيق VESPA على بيانات طيفية اصطناعية وحقيقية من مسح سلووان الرقمي للسماء (SDSS). نُظهر أن عدد المعلمات التي يمكن استخلاصها من الطيف يعتمد بشدة على نسبة الإشارة إلى الضوضاء، ونطاق الأطوال الموجية، ووجود أو غياب تجمع نجمي شاب. لعينة نموذجية من المجرات من SDSS، يمكننا عادةً استخلاص ما بين 2 إلى 5 تجمعات نجمية. نجد توافقًا جيدًا جدًا بين VESPA وتحليلنا السابق لعينة SDSS باستخدام MOPED.,"We introduce VErsatile SPectral Analysis (VESPA): a new method which aims to recover robust star formation and metallicity histories from galactic spectra. VESPA uses the full spectral range to construct a galaxy history from synthetic models. We investigate the use of an adaptative parametrization grid to recover reliable star formation histories on a galaxy-by-galaxy basis. Our goal is robustness as opposed to high resolution histories, and the method is designed to return high time resolution only where the data demand it. In this paper we detail the method and we present our findings when we apply VESPA to synthetic and real Sloan Digital Sky Survey (SDSS) spectroscopic data. We show that the number of parameters that can be recovered from a spectrum depends strongly on the signal-to-noise, wavelength coverage and presence or absence of a young population. For a typical SDSS sample of galaxies, we can normally recover between 2 to 5 stellar populations. We find very good agreement between VESPA and our previous analysis of the SDSS sample with MOPED.",نقدم تحليلا طيفيا متعدد الاستخدامات (VESPA): طريقه جديده تهدف الي استعاده تواريخ موثوقه لتكون النجوم والوفره المعدنيه من الاطياف المجريه. تستخدم VESPA النطاق الطيفي الكامل لبناء تاريخ مجري من النماذج الاصطناعيه. ندرس استخدام شبكه تحديد معلمات تكيفيه لاستعاده تواريخ موثوقه لتكون النجوم لكل مجره علي حده. هدفنا هو الموثوقيه بدلا من التواريخ عاليه الدقه، وقد صممت الطريقه لتقديم دقه زمنيه عاليه فقط حيث تتطلب البيانات ذلك. في هذا البحث، نفصل الطريقه ونقدم نتائجنا عند تطبيق VESPA علي بيانات طيفيه اصطناعيه وحقيقيه من مسح سلووان الرقمي للسماء (SDSS). نظهر ان عدد المعلمات التي يمكن استخلاصها من الطيف يعتمد بشده علي نسبه الاشاره الي الضوضاء، ونطاق الاطوال الموجيه، ووجود او غياب تجمع نجمي شاب. لعينه نموذجيه من المجرات من SDSS، يمكننا عاده استخلاص ما بين 2 الي 5 تجمعات نجميه. نجد توافقا جيدا جدا بين VESPA وتحليلنا السابق لعينه SDSS باستخدام MOPED.,171,140,نُدخل التحليل الطيفي التفاضلي VESPA: وهي طريقة جديدة تهدف إلى استعادة تكوينات النجوم القوية والخلفيات الفلزية من الطيف التربيعي. يستخدم فيسبا النطاق الطيفي الكامل لبناء تاريخ المجرة من النماذج الاصطناعية. نُحقق في استخدام شبكة معمقة تكيّفية لاستعادة تاريخ تكوين النجوم الموثوق به على أساس كل مجرة على حدة. هدفنا هو القوة مقارنة بالتاريخ العالي الاستبانة، والأسلوب مصمم للعودة باستبانة عالية فقط حيث تطلبها البيانات. في هذه الورقة نفصّل الطريقة ونعرض نتائجنا عندما نطبق VESPA على البيانات الطيفية التركيبية والحقيقية للمسح الجوي الرقمي السلوني. نُظهر أن عدد البارامترات التي يمكن استخلاصها من طيف يعتمد بقوة على الإشارة إلى الضجيج، تغطية الطول الموجي، ووجود أو غياب مجموعة صغيرة من السكان. بالنسبة لعينة نموذجية من المجرات، يمكننا عادة أن نتعافى بين 2 إلى 5 درجات مئوية. نجد اتفاقاً جيداً جداً بين VESPA وتحليلنا السابق لعينة SDS مع POPDED.,نقدم تحليل SPEctral VErsatile Analysis (VESPA): طريقة جديدة تهدف الي استعادة تاريخ التكوين النجومي القوي والمعدنيه من الطيفيات المجرية. تستخدم VESPA المجموعه الطيفيه الكامله لبناء تاريخ المجرات من النماذج الاصطناعية. ونحن ندرس استخدام شبكه تكييف المعلمات التكيفيه لاسترداد تاريخ التكوين النجومي الموثوق به علي اساس المجرة بعد المجره. هدفنا هو القوه مقابل التاريخ عاليه القياسه، والنهج مصمم علي العودة القياسه عاليه الوقت فقط حيث تتطلب البيانات ذلك. في هذه الورقه، ونقدم لك التفصيل عن الطريقة ونقدم نتائجنا عندما نطبق VESPA علي البيانات الطيفيه الصناعية والحيويه في مسح السماء الرقمي Sloan Digital Sky Survey (SDSSSS). ونظهر ان عدد المعلمات التي يمكن استعادتها من طيفات التردد يعتمد علي وجود الشيله العاديه بين المجموعات الشابعه، ويمكننا العثور علي وجود موجه جيد جدا بين العينات المجريه. مع وجود موجه SDSS و SDSS، ونجد عادة جدا مع وجود موجه من الامتحانات الشبابيه بين العينات، و SDSS.
physics,"We present the first search for heavy, long-lived particles that decay to
photons at a hadron collider. We use a sample of photon+jet+missing transverse
energy events in p-pbar collisions at \sqrt{s}=1.96 TeV taken with the CDF II
detector. Candidate events are selected based on the arrival time of the photon
at the detector. Using an integrated luminosity of 570 pb-1 of collision data,
we observe 2 events, consistent with the background estimate of 1.3+-0.7
events. While our search strategy does not rely on model-specific dynamics, we
set cross section limits in a supersymmetric model with
\tilde{\chi}_1^0->\gamma\gravitino and place the world-best 95% C.L. lower
limit on the \tilde{\chi}_1^0 mass of 101 GeV/c^2 at \tau_{\tilde{\chi}_1^0} =
5 ns.",نقدم أول بحث عن جسيمات ثقيلة طويلة العمر تضمحل إلى فوتونات في مصادم هادروني. نستخدم عينة من أحداث الفوتون والنفاث والطاقة العرضية المفقودة (فوتون + نفاثة + طاقة عرضية مفقودة) في تصادمات بروتون-مضاد بروتون عند طاقة مركز الكتلة √s=1.96 تيرا إلكترون فولت، تم جمعها بواسطة كاشف CDF II. تُختار الأحداث المرشحة بناءً على زمن وصول الفوتون إلى الكاشف. باستخدام إضاءة متكاملة قدرها 570 بيكو-بارن معكوس من بيانات التصادمات، نلاحظ حدثين، وهو ما يتفق مع تقدير الخلفية البالغ 1.3±0.7 حدث. بينما لا تعتمد استراتيجية بحثنا على ديناميكيات محددة لنموذج معين، فإننا نضع قيودًا على المقطع العرضي ضمن نموذج التناظر الفائق حيث يضمحل الشينو المحايد الأول \u03c7\u0303_1^0 إلى فوتون \u03b3 وجرافيتينو \u03b3\u0303، ونحدد أفضل حد أدنى عالمي عند مستوى ثقة 95% لكتلة الشينو المحايد الأول \u03c7\u0303_1^0 البالغة 101 جيجا إلكترون فولت/c^2 عند عمر \u03c4_\u03c7\u0303_1^0 = 5 نانو ثانية.,"We present the first search for heavy, long-lived particles that decay to photons at a hadron collider. We use a sample of photon+jet+missing transverse energy events in p-pbar collisions at \sqrt{s}=1.96 TeV taken with the CDF II detector. Candidate events are selected based on the arrival time of the photon at the detector. Using an integrated luminosity of 570 pb-1 of collision data, we observe 2 events, consistent with the background estimate of 1.3+-0.7 events. While our search strategy does not rely on model-specific dynamics, we set cross section limits in a supersymmetric model with \tilde{\chi}_1^0->\gamma\gravitino and place the world-best 95% C.L. lower limit on the \tilde{\chi}_1^0 mass of 101 GeV/c^2 at \tau_{\tilde{\chi}_1^0} = 5 ns.",نقدم اول بحث عن جسيمات ثقيله طويله العمر تضمحل الي فوتونات في مصادم هادروني. نستخدم عينه من احداث الفوتون والنفاث والطاقه العرضيه المفقوده (فوتون + نفاثه + طاقه عرضيه مفقوده) في تصادمات بروتون-مضاد بروتون عند طاقه مركز الكتله √s=1.96 تيرا الكترون فولت، تم جمعها بواسطه كاشف CDF II. تختار الاحداث المرشحه بناء علي زمن وصول الفوتون الي الكاشف. باستخدام اضاءه متكامله قدرها 570 بيكو-بارن معكوس من بيانات التصادمات، نلاحظ حدثين، وهو ما يتفق مع تقدير الخلفيه البالغ 1.3±0.7 حدث. بينما لا تعتمد استراتيجيه بحثنا علي ديناميكيات محدده لنموذج معين، فاننا نضع قيودا علي المقطع العرضي ضمن نموذج التناظر الفائق حيث يضمحل الشينو المحايد الاول \u03c7\u0303_1^0 الي فوتون \u03b3 وجرافيتينو \u03b3\u0303، ونحدد افضل حد ادني عالمي عند مستوي ثقه 95% لكتله الشينو المحايد الاول \u03c7\u0303_1^0 البالغه 101 جيجا الكترون فولت/c^2 عند عمر \u03c4_\u03c7\u0303_1^0 = 5 نانو ثانيه.,116,136,نحن نعرض البحث الأول عن جسيمات ثقيلة طويلة العمر تتحلل للفوتونات عند وجود مفكّك. نستخدم عينة من أحداث الطاقة المتقاطعة في حوادث P-bar في / qrt=s==1.96 TV مع كاشف CDF II. يتم اختيار الأحداث المرشحة بناءً على وقت الوصول من الفوتون عند المكشوف. باستخدام إضاءة متكاملة من 570 pbb-1 من بيانات الاصطدام، نلاحظ 2 حدثاً، اتساقاً مع تقديرات الخلفية لـ 1.3+-0.7 الأحداث. بينما استراتيجية بحثنا لا تعتمد على ديناميات محددة النموذج، نضع حدوداً قسمية في نموذج فوق متماثل مع ntilde chi_1^0_0_________________________________________________________________________________________________________________________________________________,نقدم البحث الأول عن الجسيمات الثقيلة والطويلة العمر التي تتدهور الي الفوتونات في صادم اليهدرون. نستخدم عينه من الفوتون+جيت+المفقود الحوادث الطاقه العابره في تصادم p-pbar عند \sqrt{s}=1.96 TeV، التي تم أخذها مع كاشف CDF II. يتم اختيار الحوادث المرشحه بناء علي وقت وصول الفوتون الي الكاشف. باستخدام ضوء متكامل يبلغ 570 pb-1 من بيانات التصادم، نلاحظ 2 حوادث، تتفق مع تقدير الستواجد لحوادث 1.3+-0.7. في حين لا تعتمد استراتيجيتنا للبحث علي ديناميكيات محدده نموذجيا، نضع حدودا في القطعه المتقاطعه في نموذج فوق التناظر مع \de{chi}_1\0->gamma\gravitino والحد العالمي لـ95٪ C.L.V. علي حد الدرجه الدرجه الدرجه الي الدرجه الدرجه الدرجه الي الدرجه الدرجه الدرجه الدرجه الدرجه الدرجه الدرجه الدرجه الدرجه الدرجه الدرجه الدرجه الدرجه الدرجه الدرجه الدرجه الدرجه الدرجه الدرجه الدرجه الدرجه الدرجه الدرجه الدرجه الدرجه الدرجه الدرجه الدرجه الدرجه الدرجه الدرجه الدرجه الدرجه الدرجه الدرجه الدرجه الدرجه الدرجه الدرجه الدرجه الدرجه الدرجه الدرجه الدرجه الدرجه الدرجه الدرجه الدرجه الدرجه الدرجه الدرجه الدرجه الدرجه الدرجه الدرجه الدرجه الدرجه الدرجه الدرجه الدرجه الدرجه الدرجه الدرجه الدرجه الدرجه الدرجه الدرجه الدرجه الدرجه الدرجه الدرجه الدرجه الدرجه الدرجه الدرجه الدرجه الدرجه الدرجه الدرجه الدرجه الدرجه الدرجه الدرجه الدرجه
physics,"We present a local interpretation of what is usually considered to be a
nonlocal de Broglie-Bohm trajectory prescription for an entangled singlet state
of massive particles. After reviewing various meanings of the term
``nonlocal'', we show that by using appropriately retarded wavefunctions (i.e.,
the locality loophole) this local model can violate Bell's inequality, without
making any appeal to detector inefficiencies.
  We analyze a possible experimental configuration appropriate to massive
two-particle singlet wavefunctions and find that as long as the particles are
not ultra-relativistic, a locality loophole exists and Dirac wave(s) can
propagate from Alice or Bob's changing magnetic field, through space, to the
other detector, arriving before the particle and thereby allowing a local
interpretation to the 2-particle de Broglie-Bohm trajectories.
  We also propose a physical effect due to changing magnetic fields in a
Stern-Gerlach EPR setup that will throw away events and create a detector
loophole in otherwise perfectly efficient detectors, an effect that is only
significant for near-luminal particles that might otherwise close the locality
loophole.","نقدم تفسيرًا محليًا لما يُعتبر عادةً صيغة مسار دي برولي-بوم غير محلية لحالة مفردة متشابكة من الجسيمات ذات الكتلة. بعد استعراض المعاني المختلفة لمصطلح ""غير المحلي""، نُظهر أنه باستخدام دوال موجية متأخرة بشكل مناسب (أي الاستفادة من ثغرة المحلية)، يمكن لهذا النموذج المحلي أن ينتهك متباينة بيل، دون اللجوء إلى عدم كفاءة الكاشفات. نحلل تهيئة تجريبية محتملة مناسبة لدوال موجية مفردة لجسيمين ذوي كتلة، ونجد أنه طالما أن الجسيمات ليست فائقة النسبية، توجد ثغرة محلية ويمكن لموجة (موجات) ديراك أن تنتشر من المجال المغناطيسي المتغير لأليس أو بوب، عبر الفضاء، إلى الكاشف الآخر، واصلة قبل الجسيم، وبالتالي تسمح بتفسير محلي لمسارات دي برولي-بوم لجسيمين. نقترح أيضًا تأثيرًا فيزيائيًا ناتجًا عن المجالات المغناطيسية المتغيرة في إعداد EPR لسترن-جيرلاخ، من شأنه أن يستبعد الأحداث ويخلق ثغرة كاشف في كاشفات تتميز بكفاءة مثالية لولا ذلك. هذا التأثير لا يكون كبيرًا إلا للجسيمات شبه-الضوئية التي قد تغلق ثغرة المحلية بخلاف ذلك.","We present a local interpretation of what is usually considered to be a nonlocal de Broglie-Bohm trajectory prescription for an entangled singlet state of massive particles. After reviewing various meanings of the term ``nonlocal'', we show that by using appropriately retarded wavefunctions (i.e., the locality loophole) this local model can violate Bell's inequality, without making any appeal to detector inefficiencies. We analyze a possible experimental configuration appropriate to massive two-particle singlet wavefunctions and find that as long as the particles are not ultra-relativistic, a locality loophole exists and Dirac wave(s) can propagate from Alice or Bob's changing magnetic field, through space, to the other detector, arriving before the particle and thereby allowing a local interpretation to the 2-particle de Broglie-Bohm trajectories. We also propose a physical effect due to changing magnetic fields in a Stern-Gerlach EPR setup that will throw away events and create a detector loophole in otherwise perfectly efficient detectors, an effect that is only significant for near-luminal particles that might otherwise close the locality loophole.","نقدم تفسيرا محليا لما يعتبر عاده صيغه مسار دي برولي-بوم غير محليه لحاله مفرده متشابكه من الجسيمات ذات الكتله. بعد استعراض المعاني المختلفه لمصطلح ""غير المحلي""، نظهر انه باستخدام دوال موجيه متاخره بشكل مناسب (اي الاستفاده من ثغره المحليه)، يمكن لهذا النموذج المحلي ان ينتهك متباينه بيل، دون اللجوء الي عدم كفاءه الكاشفات. نحلل تهيئه تجريبيه محتمله مناسبه لدوال موجيه مفرده لجسيمين ذوي كتله، ونجد انه طالما ان الجسيمات ليست فائقه النسبيه، توجد ثغره محليه ويمكن لموجه (موجات) ديراك ان تنتشر من المجال المغناطيسي المتغير لاليس او بوب، عبر الفضاء، الي الكاشف الاخر، واصله قبل الجسيم، وبالتالي تسمح بتفسير محلي لمسارات دي برولي-بوم لجسيمين. نقترح ايضا تاثيرا فيزيائيا ناتجا عن المجالات المغناطيسيه المتغيره في اعداد EPR لسترن-جيرلاخ، من شانه ان يستبعد الاحداث ويخلق ثغره كاشف في كاشفات تتميز بكفاءه مثاليه لولا ذلك. هذا التاثير لا يكون كبيرا الا للجسيمات شبه-الضوئيه التي قد تغلق ثغره المحليه بخلاف ذلك.",168,147,نعرض تفسيراً محلياً لما يعتبر عادة بمثابة وصف غير محلي لمسار بروغلي - بوهم لحالة منفردة متشابكة من الجسيمات الضخمة. بعد استعراض مختلف معاني مصطلح 'غير المحلية'، نبين أنه باستخدام ما يعتبر عموماً معطلاً على النحو المناسب (أي ثغرة الموقع) يمكن لهذا النموذج المحلي أن ينتهك عدم مساواة بيل، دون توجيه أي نداء إلى عدم الكفاءة. نحلل تشكيلاً تجريبياً محتملاً مناسباً لموجات منفردة ضخمة مكونة من جزيئات، ونجد أنه ما دامت الجزيئات غير متطرفة، فإن هناك ثغرة محلية وموجة (موجات) Dirac يمكن أن تنتشر من المجال المغنطيسي أو من تغيير بوب، عبر الفضاء، إلى الآخر، يصل إلى قبل الجسيم، وبالتالي يسمح بتفسير محلي لجزءين من مادة بروغلي - بووم - مسارات. ونقترح أيضاً أثراً مادياً ناجماً عن تغيير الحقول المغنطيسة في إطار جهاز من أجهزة الفرز في ستير - جيرلاتش التي من شأنها أن تلقي بالحوادث وتخلق منفذ كاشفات فعالة بشكل آخر، وهو تأثير لا يكون إلا ذا شأن بالنسبة للجسيمات القريبة من الأعماق التي قد تغلق بطريقة أخرى.,ونقدم تفسير محلي لما يعتبر عادة وصفا مساريه دي بروغلي-بوهم غير محليا لحاله متقطعه متضايقه من الجسيمات الكبيره. بعد مراجعه المعاني المختلفه للمهرزه ``Nonlocal'، نظهر ان باستخدام وظائف الموجات المتأخره بشكل مناسب (أي، ثغره الموقع) يمكن لهذا النموذج المحلي انتهاك عدم المساواهه بيل، دون الاطلاق علي أي نداء لعدم كفاءه الكشف. ونحن نحلل تكوين تجريبي ممكن مناسب ل وظائف الموجات المتقطعه المكونه من جزيئين واسعه، ونكتشف ان الجسيمات ليست نسبيه فوق، وهناك ثغره الموقع، وتتبعث دراكاك) يمكن ان تنتشر من حقل الاليس أو ديب، الي المجال المغناطيسي الاخرى، قبل وصول الجسيم، والسماح لتحقيق تأثير مقلي للاستعراض الجسيمات، ونقترض ايضا ان الكشفات الموجيه المكونه لغيرات الموجيه الموجيه في المجال الموجيه، ويمكن ان تكون هناك ايضا تغيير كبير جدا في المجال المغناطيسي، وذلك بسبب التغير القريب من الحاله الموجيه الموجيه.
physics,"We report on direct measurements of the electronic shot noise of a quantum
point contact at frequencies nu in the range 4-8 GHz. The very small energy
scale used ensures energy independent transmissions of the few transmitted
electronic modes and their accurate knowledge. Both the thermal energy and the
quantum point contact drain-source voltage Vds are comparable to the photon
energy hnu leading to observation of the shot noise suppression when
$V_{ds}<h\nu/e$. Our measurements provide the first complete test of the finite
frequency shot noise scattering theory without adjustable parameters.",نقدم تقريراً عن قياسات مباشرة لضوضاء الطلقة الإلكترونية لنقطة اتصال كمومية عند ترددات ν في النطاق 4-8 غيغاهرتز. يضمن مقياس الطاقة المستخدم المتناهي الصغر انتقالات الأنماط الإلكترونية القليلة المنتقلة المستقلة عن الطاقة، إضافة إلى معرفة دقيقة بها. كل من الطاقة الحرارية وجهد المصرف-المصدر لنقطة الاتصال الكمومية (Vds) يقارب طاقة الفوتون (hν)، مما أدى إلى ملاحظة قمع ضوضاء الطلقة عندما تكون $V_{ds}<h\nu/e$. توفر قياساتنا أول اختبار كامل لنظرية تبعثر ضوضاء الطلقة عند الترددات المحدودة، وذلك بدون بارامترات قابلة للضبط.,We report on direct measurements of the electronic shot noise of a quantum point contact at frequencies nu in the range 4-8 GHz. The very small energy scale used ensures energy independent transmissions of the few transmitted electronic modes and their accurate knowledge. Both the thermal energy and the quantum point contact drain-source voltage Vds are comparable to the photon energy hnu leading to observation of the shot noise suppression when $V_{ds}<h\nu/e$. Our measurements provide the first complete test of the finite frequency shot noise scattering theory without adjustable parameters.,نقدم تقريرا عن قياسات مباشره لضوضاء الطلقه الالكترونيه لنقطه اتصال كموميه عند ترددات ν في النطاق 4-8 غيغاهرتز. يضمن مقياس الطاقه المستخدم المتناهي الصغر انتقالات الانماط الالكترونيه القليله المنتقله المستقله عن الطاقه، اضافه الي معرفه دقيقه بها. كل من الطاقه الحراريه وجهد المصرف-المصدر لنقطه الاتصال الكموميه (Vds) يقارب طاقه الفوتون (hν)، مما ادي الي ملاحظه قمع ضوضاء الطلقه عندما تكون $V_{ds}<h\nu/e$. توفر قياساتنا اول اختبار كامل لنظريه تبعثر ضوضاء الطلقه عند الترددات المحدوده، وذلك بدون بارامترات قابله للضبط.,90,78,نبلغ عن القياسات المباشرة لضوضاء الطلقة الإلكترونية لملامسة نقطة الكم عند الترددات نون في النطاق 4-8 جيغاهرتز. إن مقياس الطاقة الصغير جدا المستخدم يضمن انتقال الطاقة بشكل مستقل من الوسائط الإلكترونية المنقولة القليلة ومعرفتها الدقيقة. كل من الطاقة الحرارية واتصال نقطة الكم بمصادر استنزاف المصدر - الجهد الفولطي Vds هي مقارنة مع هونو طاقة الفوتون مما يؤدي إلى ملاحظة ضجيج كبح الطلقة عندما يكون الدولار في V_\ds><h\nu/e.,ونحن نبلغ عن قياسات مباشرة للضوضاء الالكترونيه للضربات النقطه الكموميه عند ترددات نو في نطاق 4-8 غيغاهارتس. يضمن النطاق الطاقه الصغير جدا المستخدم الانقالات المستقله للطاقة للطرق الالكترونيه القليله التي يتم نقلها ومعرفةها الدقيقه. وكلا الطاقة الحراريه والجهد Vds من مصدر الصرف الصرف من الاتصال النقطه الكموميه قابل مقارنيه لطاقه الفوتون بعد مما يؤدي الي مراقبه لقمع الضوضاء عند $V_{ds}<h\nu/e$. توفر قياساتنا الاول كامل لنظريه الانتشار الضوضاء المنتهجيه بدون معايير قابله للاستعداد.
physics,"  We describe preliminary results of a global model of the radiatively-driven
photoionized wind and accretion flow of the high-mass X-ray binary Vela X-1.
The full model combines FLASH hydrodynamic calculations, XSTAR photoionization
calculations, HULLAC atomic data, and Monte Carlo radiation transport. We
present maps of the density, temperature, velocity, and ionization parameter
from a FLASH two-dimensional time-dependent simulation of Vela X-1, as well as
maps of the emissivity distributions of the X-ray emission lines.
",نقوم بوصف النتائج الأولية لنموذج عالمي للرياح المؤينة ضوئيًا المدفوعة بالإشعاع وتدفق التراكم للنجم الثنائي عالي الكتلة فيلا إكس-1. يجمع النموذج الكامل بين الحسابات الهيدروديناميكية لـ FLASH، وحسابات التأين الضوئي لـ XSTAR، والبيانات الذرية لـ HULLAC، ونقل الإشعاع بطريقة مونتي كارلو. ونقدم خرائط للكثافة، ودرجة الحرارة، والسرعة، ومَعْلَمة التأين من محاكاة ثنائية الأبعاد تعتمد على الزمن لـ Vela X-1 باستخدام FLASH، بالإضافة إلى خرائط لتوزيعات الانبعاثية لخطوط إشعاع الأشعة السينية.,"We describe preliminary results of a global model of the radiatively-driven photoionized wind and accretion flow of the high-mass X-ray binary Vela X-1. The full model combines FLASH hydrodynamic calculations, XSTAR photoionization calculations, HULLAC atomic data, and Monte Carlo radiation transport. We present maps of the density, temperature, velocity, and ionization parameter from a FLASH two-dimensional time-dependent simulation of Vela X-1, as well as maps of the emissivity distributions of the X-ray emission lines.",نقوم بوصف النتائج الاوليه لنموذج عالمي للرياح المؤينه ضوئيا المدفوعه بالاشعاع وتدفق التراكم للنجم الثنائي عالي الكتله فيلا اكس-1. يجمع النموذج الكامل بين الحسابات الهيدروديناميكيه ل FLASH، وحسابات التاين الضوئي ل XSTAR، والبيانات الذريه ل HULLAC، ونقل الاشعاع بطريقه مونتي كارلو. ونقدم خرائط للكثافه، ودرجه الحراره، والسرعه، ومعلمه التاين من محاكاه ثنائيه الابعاد تعتمد علي الزمن ل Vela X-1 باستخدام FLASH، بالاضافه الي خرائط لتوزيعات الانبعاثيه لخطوط اشعاع الاشعه السينيه.,74,70,ونصف النتائج الأولية لنموذج عالمي للرياح المتأينة التي تحركها الاشعاعية وتدفق تراكمي للنموذج الاشعاعي الاكسجين العالي الاشعاع الاكسجين الثنائي فيلا X-1.ويجمع النموذج الكامل بين حسابات فلاش الهيدروديناميكية، وحسابات تضخيم اكسستار، وبيانات HULLAC الذرية، ونقل مونت كارلو الاشعاعي.ونقدم خرائط لبارامترات الكثافة والحرارة والسرعة والتأيين من نظام FLASH ذي بعدين يعتمدان على الزمن لمحاكاة فيلا X-1، وكذلك خرائط لتوزيعات سرعة انبعاث خطوط الاشعة السينية.,نصف النتائج الأوليه لنموذج عالمي لتدفق الرياح المصطحه بالشعاعه والتكاثيف من السطح الثنائي للشعاع X-1 ذات الكتلة الكبيره من الأشعة السينيه Vela X-1. يجمع النموذج الكامل بين حسابات FLASH الهيدروديناميكيه، وحسابات التصوير الصينيه XSTAR، والبيانات الذرية HULLAC، ونقل الإشعاع مونت كارلو. ونقدم خرائط لمعلم الكثافة، والحراره، والسرعه، ولوجه التشعير من محاكاة FLASH ثنائيه الابعاد الثنائيه للزمني للشعاع X-1، وكذلك خرائط لتوزيع الانبعاثات لخطوط الانبعاثات الشعاع X.
physics,"Onsager conjectured that weak solutions of the Euler equations for
incompressible fluids in 3D conserve energy only if they have a certain minimal
smoothness, (of order of 1/3 fractional derivatives) and that they dissipate
energy if they are rougher. In this paper we prove that energy is conserved for
velocities in the function space $B^{1/3}_{3,c(\NN)}$. We show that this space
is sharp in a natural sense. We phrase the energy spectrum in terms of the
Littlewood-Paley decomposition and show that the energy flux is controlled by
local interactions. This locality is shown to hold also for the helicity flux;
moreover, every weak solution of the Euler equations that belongs to
$B^{2/3}_{3,c(\NN)}$ conserves helicity. In contrast, in two dimensions, the
strong locality of the enstrophy holds only in the ultraviolet range.","افترض أونسَاغِر أن الحلول الضعيفة لمعادلات أويلر للموائع غير القابلة للانضغاط في الأبعاد الثلاثية لا تحفظ الطاقة إلا إذا كانت تتمتع بنعومة دنيا معينة (من رتبة 1/3 مشتقات كسرية)، وأنها تبدد الطاقة إذا كانت أكثر خشونة. في هذه الورقة، نثبت أن الطاقة محفوظة للسرعات الموجودة في فضاء الدوال $B^{1/3}_{3,c(\NN)}$. ونُبيّن أن هذا الفضاء حرج بالمعنى الطبيعي. نصوغ طيف الطاقة بدلالة تحليل ليتلوود-بالي ونوضح أن تدفق الطاقة يحكمه التفاعلات المحلية. ويُظهر أن هذه المحلية تنطبق أيضًا على تدفق اللولبية؛ علاوة على ذلك، فإن كل حل ضعيف لمعادلات أويلر الذي ينتمي إلى $B^{2/3}_{3,c(\NN)}$ يحفظ اللولبية. على النقيض من ذلك، في البعدين، تنطبق المحلية القوية للإنستروفي فقط في النطاق فوق البنفسجي.","Onsager conjectured that weak solutions of the Euler equations for incompressible fluids in 3D conserve energy only if they have a certain minimal smoothness, (of order of 1/3 fractional derivatives) and that they dissipate energy if they are rougher. In this paper we prove that energy is conserved for velocities in the function space $B^{1/3}_{3,c(\NN)}$. We show that this space is sharp in a natural sense. We phrase the energy spectrum in terms of the Littlewood-Paley decomposition and show that the energy flux is controlled by local interactions. This locality is shown to hold also for the helicity flux; moreover, every weak solution of the Euler equations that belongs to $B^{2/3}_{3,c(\NN)}$ conserves helicity. In contrast, in two dimensions, the strong locality of the enstrophy holds only in the ultraviolet range.","افترض اونساغر ان الحلول الضعيفه لمعادلات اويلر للموائع غير القابله للانضغاط في الابعاد الثلاثيه لا تحفظ الطاقه الا اذا كانت تتمتع بنعومه دنيا معينه (من رتبه 1/3 مشتقات كسريه)، وانها تبدد الطاقه اذا كانت اكثر خشونه. في هذه الورقه، نثبت ان الطاقه محفوظه للسرعات الموجوده في فضاء الدوال $B^{1/3}_{3,c(\NN)}$. ونبين ان هذا الفضاء حرج بالمعني الطبيعي. نصوغ طيف الطاقه بدلاله تحليل ليتلوود-بالي ونوضح ان تدفق الطاقه يحكمه التفاعلات المحليه. ويظهر ان هذه المحليه تنطبق ايضا علي تدفق اللولبيه؛ علاوه علي ذلك، فان كل حل ضعيف لمعادلات اويلر الذي ينتمي الي $B^{2/3}_{3,c(\NN)}$ يحفظ اللولبيه. علي النقيض من ذلك، في البعدين، تنطبق المحليه القويه للانستروفي فقط في النطاق فوق البنفسجي.",130,108,"على افتراض أن الحلول الضعيفة لمعادلات Euler للسوائل غير المضغوطة في 3D حفظ الطاقة فقط إذا كان لديها درجة دنيا معينة من السلاسة، (من ترتيب 1/3 مشتقات كسرية) وأنهم يبددون الطاقة إذا كانوا أكثر قسوة. في هذه الورقة نثبت أن الطاقة محفوظة للسرعات في الفضاء العامل $B^1_3_3,c(nn)}$. نظهر أن هذه المساحة حادة بمعنى طبيعي. نعبّر عن طيف الطاقة من حيث تحلل Littlewood-Paley و نظهر أن تدفق الطاقة متحكم به من خلال التفاعلات المحلية. هذا الموقع يظهر أيضاً ليبقى أيضاً من أجل التدفق الشوكي؛ علاوة على ذلك، كل حل ضعيف لمعادلات Euler التي تنتمي إلى $B^2/2/3}_ {3,c\NN}","ووقع اونساجر ان الحلول الضعيفه لمعادله ايولر للسوائل غير القابله للضغط في 3D تحافظ علي الطاقة فقط اذا كان لها سلاسه بسيطه معينه، (من النظام من المشتقات الفصليه 1/3) ، وان انها تشتت الطاقة اذا كانت خشنه. في هذه الورقه، نثبت ان الطاقة يتم الحفاظ علي السرعات في المساحه الوظيفيه $B^{1/3}_{3,c(\NN)}$. ونحن نظهر ان هذا المساحه حاد في المعنى الطبيعي. ونقول طيف الطاقة من حيث التفكك ليتلوود-بالي، ونظهر ان تدفق الطاقة يتم التحكم في التفاعلات المحليه. يظهر هذا الموقع ان يحافظ ايضا لدرج التدفق؛ علاوة علي ذلك، كل حل ضعيف من معادله ايولر ينتمي الي $B{2/3}_{3,c(\N$N}$. يحافظ الارتفاعي، في المقابل، الي الي اليوليتروفيلي، اليوليتروفي، اليوليتروفي، اليوليتروفي، اليوليتروفي، اليوليتروفي، اليوليتروفي، اليوليتروفي، اليوليتروفي."
physics,"A toroidal trap combined with external time-dependent electric field can be
used for implementing different dynamical regimes of matter waves. In
particular, we show that dynamical and stochastic acceleration, localization
and implementation of the Kapitza pendulum can be originated by means of proper
choice of the external force.",يمكن استخدام مصيدة طورانية مقترنة بمجال كهربائي خارجي متغير مع الزمن لتحقيق أنظمة ديناميكية مختلفة للموجات المادية. على وجه الخصوص، نوضح أن التسارع الديناميكي والعشوائي، والتموضع، وتطبيق بندول كابيتسا يمكن أن تنشأ عن طريق الاختيار المناسب للقوة الخارجية.,"A toroidal trap combined with external time-dependent electric field can be used for implementing different dynamical regimes of matter waves. In particular, we show that dynamical and stochastic acceleration, localization and implementation of the Kapitza pendulum can be originated by means of proper choice of the external force.",يمكن استخدام مصيده طورانيه مقترنه بمجال كهربائي خارجي متغير مع الزمن لتحقيق انظمه ديناميكيه مختلفه للموجات الماديه. علي وجه الخصوص، نوضح ان التسارع الديناميكي والعشوائي، والتموضع، وتطبيق بندول كابيتسا يمكن ان تنشا عن طريق الاختيار المناسب للقوه الخارجيه.,48,38,ويمكن استخدام مصيدة تدريجية مقرونة بحقل كهربائي خارجي يعتمد على الزمن لتنفيذ نظم ديناميكية مختلفة لموجات المادة، وبصفة خاصة، نبين أن التسارع الديناميكي والتوقفي، وتحديد موقعية، وتنفيذ بندول كابيتزا يمكن أن تنشأ عن طريق الاختيار السليم للقوة الخارجية.,يمكن استخدام فخ طائري، مزجرا مع حقل كهربائي خارجي يعتمد علي الزمن، لتنفيذ نظامات ديناميكيه مختلفه لمتافهات المادة. على وجه الخصوص، نحن نظهر ان التسارع الديناميكي والششريطي، والتحديد المحلي، وتنفيذ مدرج كابيتزا يمكن ان ينشأ عن طريق اختيار مناسب للقوه الخارجيه.
computer_science,"We study numerically the cascading failure problem by using artificially
created scale-free networks and the real network structure of the power grid.
The capacity for a vertex is assigned as a monotonically increasing function of
the load (or the betweenness centrality). Through the use of a simple
functional form with two free parameters, revealed is that it is indeed
possible to make networks more robust while spending less cost. We suggest that
our method to prevent cascade by protecting less vertices is particularly
important for the design of more robust real-world networks to cascading
failures.","ندرس عدديا مشكلة الفشل المتتالية باستخدام مصطنع
إنشاء شبكات خالية من النطاق وبنية الشبكة الحقيقية لشبكة الطاقة.
يتم تعيين القدرة على قمة كوظيفة متزايدة رتيبة من
(وَالْمُؤْمِنِينَ) : أي: الثقل. من خلال استخدام بسيطة
شكل وظيفي مع اثنين من المعلمات الحرة، وكشف هو أنه في الواقع
من الممكن جعل الشبكات أكثر قوة مع إنفاق أقل تكلفة. نقترح أن
طريقتنا لمنع تتالي من خلال حماية أقل القمم بشكل خاص
مهم لتصميم شبكات أكثر قوة في العالم الحقيقي إلى المتتالية
الفشل.","We study numerically the cascading failure problem by using artificially created scale-free networks and the real network structure of the power grid. The capacity for a vertex is assigned as a monotonically increasing function of the load (or the betweenness centrality). Through the use of a simple functional form with two free parameters, revealed is that it is indeed possible to make networks more robust while spending less cost. We suggest that our method to prevent cascade by protecting less vertices is particularly important for the design of more robust real-world networks to cascading failures.",ندرس عدديا مشكله الفشل المتتاليه باستخدام مصطنع انشاء شبكات خاليه من النطاق وبنيه الشبكه الحقيقيه لشبكه الطاقه. يتم تعيين القدره علي قمه كوظيفه متزايده رتيبه من (والمؤمنين) : اي: الثقل. من خلال استخدام بسيطه شكل وظيفي مع اثنين من المعلمات الحره، وكشف هو انه في الواقع من الممكن جعل الشبكات اكثر قوه مع انفاق اقل تكلفه. نقترح ان طريقتنا لمنع تتالي من خلال حمايه اقل القمم بشكل خاص مهم لتصميم شبكات اكثر قوه في العالم الحقيقي الي المتتاليه الفشل.,95,79,ونحن ندرس عددياً مشكلة فشل التعاقب باستخدام شبكات خالية من المقياس المنشأة اصطناعياً وهيكل الشبكة الحقيقية لشبكة الطاقة. القدرة على القمة يتم تعيينها كدالة متزايدة بالأحادية للحمل (أو بين مركزية). من خلال استخدام شكل وظيفي بسيط مع اثنين من البارامترات الحرة، يكشف عن أنه من الممكن حقاً جعل الشبكات أكثر قوة وإنفاق تكلفة أقل. ونحن نقترح أن أسلوبنا لمنع التعاقب من خلال حماية أقل قمم مهمة بشكل خاص لتصميم المزيد من شبكات العالم الحقيقي القوية لتعطيل الفشل.,ندرس عدديا مشكلة فشل التفجير عبر استخدام الشبكات الخالية من النطاق المبدعه بشكل صناعي والبنية الحقيقيه للشبكه الكهربائيه. يتم تخصيص قدره للقمة كداله متزايده بشكل متوحد للحمله (أو مركزيه الارتباط بينهما). من خلال استخدام شكل وظيفي بسيط مع معايير حريهين، تكشف أنه من الممكن فعلا جعل الشبكات أكثر صلبا مع انفاق أقل تكلفه. ونحن نقترح ان طريقتنا لمنع التفجير عن طريق حمايه أقل قمم مهمه بشكل خاص لتصميم شبكات عالمه أكثر صلبا في العالم الحقيقي من التفجيرات المتفجيره.
physics,"  We present broadband NIR spectra of A0620-00 obtained with SpeX on the IRTF.
The spectrum is characterized by a blue continuum on which are superimposed
broad emission lines of HI and HeII and a host of narrower absorption lines of
neutral metals and molecules. Spectral type standard star spectra scaled to the
dereddened spectrum of A0620-00 in K exceed the A0620-00 spectrum in J and H
for all stars of spectral type K7V or earlier, demonstrating that the donor
star, unless later than K7V, cannot be the sole NIR flux source in A0620-00. In
addition, the atomic absorption lines in the K3V spectrum are too weak with
respect to those of A0620-00 even at 100% donor star contribution, restricting
the spectral type of the donor star in A0620-00 to later than K3V. Comparison
of the A0620-00 spectrum to scaled K star spectra indicates that the CO
absorption features are significantly weaker in A0620-00 than in field dwarf
stars. Fits of scaled model spectra of a Roche lobe-filling donor star to the
spectrum of A0620-00 show that the best match to the CO absorption lines is
obtained when the C abundance is reduced to [C/H] = -1.5. The donor star
contribution in the H waveband is determined to be 82+-2%. Combined with
previous published results from Froning & Robinson (2001) and Marsh et al.
(1994), this gives a precise mass for the black hole in A0620-00 of M_BH =
9.7+-0.6 M_solar.
","نقدم الأطوال الموجية العريضة للأشعة تحت الحمراء من نوع A0620-00 التي تم الحصول عليها باستخدام SpeX على IRTF.
يتميز الطيف باستمرارية زرقاء يتم فوقها وضع خطوط انبعاث عريضة من نوع HI وHeII ومجموعة من خطوط الامتصاص الضيقة للمواد المعدنية والمركبات المحايدة.
تتجاوز نجوم النوع الطيفي القياسية المعيارية المقاسة على الطيف المُعاد تحديده لـ A0620-00 في نطاق K نطاق A0620-00 في نطاق J وH جميع نجوم النوع الطيفي K7V أو ما قبله، مما يُظهر أن النجم المانح، ما لم يكن لاحقًا من نوع K7V، لا يمكن أن يكون المصدر الوحيد لتدفق الأشعة تحت الحمراء في A0620-00. بالإضافة إلى ذلك، فإن خطوط الامتصاص الذرية في طيف K3V ضعيفة جدًا مقارنة بتلك الخاصة بنجوم A0620-00 حتى عند مساهمة النجم المانح بنسبة 100%، مما يحد من النوع الطيفي للنجم المانح في A0620-00 إلى ما بعد نوع K3V. تشير مقارنة طيف A0620-00 بنماذج مقاسة لنجوم K إلى أن خصائص امتصاص CO أضعف بكثير في A0620-00 مقارنة بالنجوم القزمة الميدانية. وتُظهر مقارنة نماذج مقاسة للطيف من نجم مانح يملأ حيز روش مع طيف A0620-00 أن أفضل تطابق لخطوط امتصاص CO يتم الحصول عليه عندما يتم تقليل وفرة C إلى [C/H] = -1.5. وقد تم تحديد مساهمة النجم المانح في نطاق الموجة H على أنها 82+2%. وبالاقتران مع النتائج المنشورة السابقة من فرونينغ وروب
","We present broadband NIR spectra of A0620-00 obtained with SpeX on the IRTF. The spectrum is characterized by a blue continuum on which are superimposed broad emission lines of HI and HeII and a host of narrower absorption lines of neutral metals and molecules. Spectral type standard star spectra scaled to the dereddened spectrum of A0620-00 in K exceed the A0620-00 spectrum in J and H for all stars of spectral type K7V or earlier, demonstrating that the donor star, unless later than K7V, cannot be the sole NIR flux source in A0620-00. In addition, the atomic absorption lines in the K3V spectrum are too weak with respect to those of A0620-00 even at 100% donor star contribution, restricting the spectral type of the donor star in A0620-00 to later than K3V. Comparison of the A0620-00 spectrum to scaled K star spectra indicates that the CO absorption features are significantly weaker in A0620-00 than in field dwarf stars. Fits of scaled model spectra of a Roche lobe-filling donor star to the spectrum of A0620-00 show that the best match to the CO absorption lines is obtained when the C abundance is reduced to [C/H] = -1.5. The donor star contribution in the H waveband is determined to be 82+-2%. Combined with previous published results from Froning & Robinson (2001) and Marsh et al. (1994), this gives a precise mass for the black hole in A0620-00 of M_BH = 9.7+-0.6 M_solar.",نقدم الاطوال الموجيه العريضه للاشعه تحت الحمراء من نوع A0620-00 التي تم الحصول عليها باستخدام SpeX علي IRTF. يتميز الطيف باستمراريه زرقاء يتم فوقها وضع خطوط انبعاث عريضه من نوع HI وHeII ومجموعه من خطوط الامتصاص الضيقه للمواد المعدنيه والمركبات المحايده. تتجاوز نجوم النوع الطيفي القياسيه المعياريه المقاسه علي الطيف المعاد تحديده ل A0620-00 في نطاق K نطاق A0620-00 في نطاق J وH جميع نجوم النوع الطيفي K7V او ما قبله، مما يظهر ان النجم المانح، ما لم يكن لاحقا من نوع K7V، لا يمكن ان يكون المصدر الوحيد لتدفق الاشعه تحت الحمراء في A0620-00. بالاضافه الي ذلك، فان خطوط الامتصاص الذريه في طيف K3V ضعيفه جدا مقارنه بتلك الخاصه بنجوم A0620-00 حتي عند مساهمه النجم المانح بنسبه 100%، مما يحد من النوع الطيفي للنجم المانح في A0620-00 الي ما بعد نوع K3V. تشير مقارنه طيف A0620-00 بنماذج مقاسه لنجوم K الي ان خصائص امتصاص CO اضعف بكثير في A0620-00 مقارنه بالنجوم القزمه الميدانيه. وتظهر مقارنه نماذج مقاسه للطيف من نجم مانح يملا حيز روش مع طيف A0620-00 ان افضل تطابق لخطوط امتصاص CO يتم الحصول عليه عندما يتم تقليل وفره C الي [C/H] = -1.5. وقد تم تحديد مساهمه النجم المانح في نطاق الموجه H علي انها 82+2%. وبالاقتران مع النتائج المنشوره السابقه من فرونينغ وروب,240,207,ونعرض طيف النطاق الواسع من A0620-00 الذي تم الحصول عليه مع Spex على IRTF. ويتميز هذا الطيف بسلسلة زرقاء تتميز بخطوط انبعاث واسعة من النوع HI وHII ومجموعة من خطوط الامتصاص الضيقة للفلزات والجزيئات المحايدة. وأطياف الطيف الطيفي، ومطياف النجم القياسي من النوع الطيفي المائل من الفئة A0620-00 في K يتجاوز طيف A0620-00 في J وH بالنسبة لجميع نجوم النوع الطيفي K7V أو ما قبل ذلك، مما يبين أن النجم المانح، ما لم يكن في وقت متأخر عن K7V، هو مصدر التدفق الوحيد في A0620-00. وبالإضافة إلى ذلك، فإن خطوط الامتصاص الذرية في طيف K3V ضعيفة جدا فيما يتعلق بخطوط A0620-00 حتى بمساهمة نجوم المانحين 100 في المائة، مما يقيد النوع الطيف الطيفي لنجم المانح في A0620-00 إلى ما بعد K3V.,نقدم طيفيات NIR ذات النطاق العريض من A0620-00 التي تم الحصول عليها باستخدام SpeX علي IRTF. يتميز الطيف بمستمر طيف زرقاء يقع عليه خطوط انبعاث واسعه من HI و HeII وسلاله من خطوط امتصاص اسيق من المعادن والجزيئات المحايده. طيفيات النوع الطيفي النمطيه النمطيه المتوسعه الي الطيف المتحكم من A0620-00 في K تتجاوز الطيف A0620-00 في J و H لجميع النجوم من نوع الطيف K7V او سابق، مما يوضح ان النجم المانع، بعد K7V، لا يمكن ان يكون المصدر الوحيد لتدفق NIR في لوبو A0620-00. بالإضافة الي ذلك، فإن خطوط امتصاص الذرات في طيف K3V ضعيفه جدا بالنسبة الي نتائج امتصاص A0620-00 في روتشيه بنسبة 100٪، وتظهر نوع الطيف المانع A0620-00 في طيف A20-00 في H، عندما يتم تحديد المساهمه من نوع A0620-00 في طيف K. وذلك عندما يتم تقييم التداول من نوع A0620-00 في المظهر المانع في طيف K. وبالغ من المشاركه الكمريده في طيف K. وبالغ من المشاركه من طيف K. وبالغ من المشاركه من طيف K. وبالغ من المشاركه من طيف K. وبالغ من المشاركه من طيف K. وبالغ من المشاركه من طيف K. وبالغ من المشاركه من طيف K.
physics,"GEMS and GOODS fields were examined to z~1.4 for galaxy interactions and
mergers. The basic morphologies are familiar: antennae with long tidal tails,
tidal dwarfs, and merged cores; M51-type galaxies with disk spirals and tidal
arm companions; early-type galaxies with diffuse plumes; equal-mass
grazing-collisions; and thick J-shaped tails beaded with star formation and
double cores. One type is not common locally and is apparently a loose
assemblage of smaller galaxies. Photometric measurements were made of the tails
and clumps, and physical sizes were determined assuming photometric redshifts.
Antennae tails are a factor of ~3 smaller in GEMS and GOODS systems compared to
local antennae; their disks are a factor of ~2 smaller than locally. Collisions
among early type galaxies generally show no fine structure in their tails,
indicating that stellar debris is usually not unstable. One exception has a
5x10**9 Msun smooth red clump that could be a pure stellar condensation. Most
tidal dwarfs are blue and probably form by gravitational instabilities in the
gas. One tidal dwarf looks like it existed previously and was incorporated into
the arm tip by tidal forces. The star-forming regions in tidal arms are 10 to
1000 times more massive than star complexes in local galaxies, although their
separations are about the same. If they all form by gravitational
instabilities, then the gaseous velocity dispersions in interacting galaxies
have to be larger than in local galaxies by a factor of ~5 or more; the gas
column densities have to be larger by the square of this factor.",تم فحص حقلي GEMS و GOODS حتى انزياح أحمر z~1.4 بحثاً عن تفاعلات واندماجات المجرات. الأشكال المورفولوجية الأساسية مألوفة: مجرات الهوائيات ذات الذيول المدِّيَّة الطويلة، والمجرات القزمة المدِّيَّة، والنوى المندمجة؛ والمجرات من نوع M51 ذات الحلزونات القرصية والرفيقات ذات الأذرع المدِّيَّة؛ والمجرات المبكرة ذات الريش المنتشرة؛ والاصطدامات الرعوية متساوية الكتلة؛ وذيول سميكة على شكل حرف J مرصّعة بتشكّل النجوم ونوى مزدوجة. نوع واحد ليس شائعاً محلياً ويبدو أنه تجمّع فضفاض من مجرات أصغر. تم إجراء قياسات ضوئية للذيول والتكتلات، وتم تحديد الأحجام الفيزيائية بافتراض انزياحات حمراء ضوئية. ذيول مجرات الهوائيات أصغر بنحو 3 مرات في أنظمة GEMS و GOODS مقارنة بمجرات الهوائيات المحلية؛ وأقراصها أصغر بنحو مرتين مما هي عليه محلياً. الاصطدامات بين المجرات المبكرة لا تُظهر عموماً بنية دقيقة في ذيولها، مما يشير إلى أن الحطام النجمي عادة ما يكون مستقراً. هناك استثناء واحد يمتلك تكتلاً أحمر أملس بكتلة قدرها 5x10^9 كتلة شمسية قد يكون تكاثفاً نجمياً محضاً. معظم المجرات القزمة المدِّيَّة زرقاء وربما تتشكل بفعل عدم الاستقرار الجاذبي في الغاز. تبدو إحدى المجرات القزمة المدِّيَّة وكأنها كانت موجودة مسبقاً وتم دمجها في طرف الذراع بفعل القوى المدِّيَّة. مناطق تشكّل النجوم في الأذرع المدِّيَّة أكبر كتلةً بـ 10 إلى 1000 مرة من المجمعات النجمية في المجرات المحلية، على الرغم من أن مسافاتها الفاصلة متقاربة. إذا كانت كلها تتشكل بفعل عدم الاستقرار الجاذبي، فإن تشتتات السرعة الغازية في المجرات المتفاعلة يجب أن تكون أكبر مما هي عليه في المجرات المحلية بعامل يقارب 5 أو أكثر؛ ويجب أن تكون الكثافات العمودية للغاز أكبر بمربع هذا العامل.,"GEMS and GOODS fields were examined to z~1.4 for galaxy interactions and mergers. The basic morphologies are familiar: antennae with long tidal tails, tidal dwarfs, and merged cores; M51-type galaxies with disk spirals and tidal arm companions; early-type galaxies with diffuse plumes; equal-mass grazing-collisions; and thick J-shaped tails beaded with star formation and double cores. One type is not common locally and is apparently a loose assemblage of smaller galaxies. Photometric measurements were made of the tails and clumps, and physical sizes were determined assuming photometric redshifts. Antennae tails are a factor of ~3 smaller in GEMS and GOODS systems compared to local antennae; their disks are a factor of ~2 smaller than locally. Collisions among early type galaxies generally show no fine structure in their tails, indicating that stellar debris is usually not unstable. One exception has a 5x10**9 Msun smooth red clump that could be a pure stellar condensation. Most tidal dwarfs are blue and probably form by gravitational instabilities in the gas. One tidal dwarf looks like it existed previously and was incorporated into the arm tip by tidal forces. The star-forming regions in tidal arms are 10 to 1000 times more massive than star complexes in local galaxies, although their separations are about the same. If they all form by gravitational instabilities, then the gaseous velocity dispersions in interacting galaxies have to be larger than in local galaxies by a factor of ~5 or more; the gas column densities have to be larger by the square of this factor.",تم فحص حقلي GEMS و GOODS حتي انزياح احمر z~1.4 بحثا عن تفاعلات واندماجات المجرات. الاشكال المورفولوجيه الاساسيه مالوفه: مجرات الهوائيات ذات الذيول المديه الطويله، والمجرات القزمه المديه، والنوي المندمجه؛ والمجرات من نوع M51 ذات الحلزونات القرصيه والرفيقات ذات الاذرع المديه؛ والمجرات المبكره ذات الريش المنتشره؛ والاصطدامات الرعويه متساويه الكتله؛ وذيول سميكه علي شكل حرف J مرصعه بتشكل النجوم ونوي مزدوجه. نوع واحد ليس شائعا محليا ويبدو انه تجمع فضفاض من مجرات اصغر. تم اجراء قياسات ضوئيه للذيول والتكتلات، وتم تحديد الاحجام الفيزيائيه بافتراض انزياحات حمراء ضوئيه. ذيول مجرات الهوائيات اصغر بنحو 3 مرات في انظمه GEMS و GOODS مقارنه بمجرات الهوائيات المحليه؛ واقراصها اصغر بنحو مرتين مما هي عليه محليا. الاصطدامات بين المجرات المبكره لا تظهر عموما بنيه دقيقه في ذيولها، مما يشير الي ان الحطام النجمي عاده ما يكون مستقرا. هناك استثناء واحد يمتلك تكتلا احمر املس بكتله قدرها 5x10^9 كتله شمسيه قد يكون تكاثفا نجميا محضا. معظم المجرات القزمه المديه زرقاء وربما تتشكل بفعل عدم الاستقرار الجاذبي في الغاز. تبدو احدي المجرات القزمه المديه وكانها كانت موجوده مسبقا وتم دمجها في طرف الذراع بفعل القوي المديه. مناطق تشكل النجوم في الاذرع المديه اكبر كتله ب 10 الي 1000 مره من المجمعات النجميه في المجرات المحليه، علي الرغم من ان مسافاتها الفاصله متقاربه. اذا كانت كلها تتشكل بفعل عدم الاستقرار الجاذبي، فان تشتتات السرعه الغازيه في المجرات المتفاعله يجب ان تكون اكبر مما هي عليه في المجرات المحليه بعامل يقارب 5 او اكثر؛ ويجب ان تكون الكثافات العموديه للغاز اكبر بمربع هذا العامل.,253,245,وفحصت ميادين نظام المعلومات الإدارية المتكامل ونظام المعلومات الإدارية المتكامل (GEMS and GothS) من أجل تحسين التفاعلات والاندماجات، والمراحل الأساسية مألوفة في هذا الصدد: (Huel) مع طول ذيل المداولة، و(System 5) و(M51) من نوعه، مع حلقات عمل و(Disclements) و(Desk J-Shop-suels) مع تكوين النجوم والقلبين المزدوجين، وأحدها ليس شائعاً محلياً، ويبدو أنه من الواضح أنه مساميع أصغر من المجرات الصغيرة، وقد أجريت قياسات إشعاعية من ذيولها وأجزاءها، وتم تحديد أحجامها الفيزيائية على افتراض التحولات الحمراء الضوئية، ثم تتفاعل معها، وتتمثل ذيول النعناء في عامل أصغر من - 3 في نظامي GEMS وGOS مقارنة بالهوائي المحلي؛ وأقراصها هي عامل يبلغ -2 أصغر من المحلي، والاصدامات فيما بين الأنواع الأولى من المجرات تبين عموماً عدم وجود هيكل دقيق في ذيولها، مما يدل على أن احتراق الحطام غير غير مستقرة في العادة.,تم فحص حقل GEMS و GOODS بحيث تصل قيمتها الي z~1.4 للتفاعلات والاندماج في المجرات. وتعرف التشكلات المعتاديه: التشويشات ذات الذيل الطويلة الموجيه، والقزم الموجيه، والنواح المدمجه؛ والجماهير من نوع M51 ذات الدباقات القصه ورفاقات الذراع الموجيه؛ والجماهير من النوع المبكر ذات الرصاص المنتشره؛ والتصادمات المراعي ذات الكتلة المساواهههه؛ والذيلات ذات الشويشات ذات الشكل الاكس؛ والذيلات ذات الشكل الاكسيه ذات الشكل الاكسيه مع تشكيل النجوم والنواح المزدو. لا يوجد نوع واحد شائع محليا، ويبدو أنه تجمع فضفاض من المجرات أصغر. تم قياسات فوتومترييه من الذيلات والجماه، وتم تحديد الحجمات الفيزيائيه التي تتضمن سرعات حمراء فوتومتري. وتعتبر ذيلات التشويشويش من نوع من نوع من نوع من نوع من نوع من نوع من نوع من نوع من نوع من نوع من نوع من نوع من نوع من نوع من نوع من نوع من نوع من نوع من نوع من نوع من نوع من نوع من نوع من نوع من نوع من نوع من نوع من نوع من نوع من نوع من نوع من نوع من نوع من نوع من نوع من نوع من نوع من نوع من نوع من نوع من نوع من نوع من نوع من نوع من نوع من نوع من نوع من نوع من نوع من نوع من نوع من نوع من نوع من نوع من نوع من نوع من نوع من النجوم. ويمكن ان يكون لها عامل من نوع من نوع من نوع من النجوم من نوع من نوع من نوع من نوع من نوع من نوع من نوع من نوع من نوع من النجوم من نوع من نوع من نوع من نوع من نوع من نوع من نوع من نوع من نوع من نوع من النجوم من نوع من نوع من نوع من نوع من نوع من نوع من نوع من نوع من نوع من نوع من نوع من النجوم. وعليه، والتي تكون هذه العواحيات الكمضات الكمراء الكباكه في هذه الكمراء الكباكه من نوع من نوع من نوع من نوع من نوع من نوع من نوع من نوع
physics,"Employing the nonequilibrium Green's function method, we develop a fully
quantum mechanical model to study the coupled electron-phonon transport in
one-dimensional atomic junctions in the presence of a weak electron-phonon
interaction. This model enables us to study the electronic and phononic
transport on an equal footing. We derive the electrical and energy currents of
the coupled electron-phonon system and the energy exchange between them. As an
application, we study the heat dissipation in current carrying atomic junctions
within the self-consistent Born approximation, which guarantees energy current
conservation. We find that the inclusion of phonon transport is important in
determining the heat dissipation and temperature change of the atomic
junctions.",باستخدام طريقة دوال جرين غير المتوازنة، قمنا بتطوير نموذج ميكانيكي كمي متكامل لدراسة النقل المقترن للإلكترونات والفوتونات الصوتية في الوصلات الذرية أحادية البعد في ظل وجود تفاعل إلكترون-فوتون صوتي ضعيف. يتيح لنا هذا النموذج دراسة النقل الإلكتروني والنقل الفوتوني الصوتي على قدم المساواة. لقد اشتققنا التيارات الكهربائية وتيارات الطاقة للنظام المقترن للإلكترونات والفوتونات الصوتية، بالإضافة إلى تبادل الطاقة بينهما. كتطبيق، قمنا بدراسة تبديد الحرارة في الوصلات الذرية حاملة التيار ضمن تقريب بورن المتسق ذاتياً، والذي يضمن انحفاظ تيار الطاقة. وجدنا أن إدراج النقل الفوتوني الصوتي مهم في تحديد تبديد الحرارة وتغير درجة حرارة الوصلات الذرية.,"Employing the nonequilibrium Green's function method, we develop a fully quantum mechanical model to study the coupled electron-phonon transport in one-dimensional atomic junctions in the presence of a weak electron-phonon interaction. This model enables us to study the electronic and phononic transport on an equal footing. We derive the electrical and energy currents of the coupled electron-phonon system and the energy exchange between them. As an application, we study the heat dissipation in current carrying atomic junctions within the self-consistent Born approximation, which guarantees energy current conservation. We find that the inclusion of phonon transport is important in determining the heat dissipation and temperature change of the atomic junctions.",باستخدام طريقه دوال جرين غير المتوازنه، قمنا بتطوير نموذج ميكانيكي كمي متكامل لدراسه النقل المقترن للالكترونات والفوتونات الصوتيه في الوصلات الذريه احاديه البعد في ظل وجود تفاعل الكترون-فوتون صوتي ضعيف. يتيح لنا هذا النموذج دراسه النقل الالكتروني والنقل الفوتوني الصوتي علي قدم المساواه. لقد اشتققنا التيارات الكهربائيه وتيارات الطاقه للنظام المقترن للالكترونات والفوتونات الصوتيه، بالاضافه الي تبادل الطاقه بينهما. كتطبيق، قمنا بدراسه تبديد الحراره في الوصلات الذريه حامله التيار ضمن تقريب بورن المتسق ذاتيا، والذي يضمن انحفاظ تيار الطاقه. وجدنا ان ادراج النقل الفوتوني الصوتي مهم في تحديد تبديد الحراره وتغير درجه حراره الوصلات الذريه.,109,95,نطور نموذجا ميكانيكيا كميا كاملا لدراسة نقل الإلكترون - الفونون في ملتقيات ذرية ذات بعد واحد في وجود تفاعل إلكترون - فونون ضعيف. هذا النموذج يمكننا من دراسة النقل الإلكتروني والفونوني على قدم المساواة. نستمد تيارات الكهرباء والطاقة من نظام الإلكترون - الفونونون المختلط وتبادل الطاقة بينهما. كتطبيق، ندرس التحلل الحراري في الحالي يحمل مفترقات ذرية داخل التقريب القائم على الثبات الذاتي، الذي يضمن المحافظة على التيار الطاقي. نجد أن إدراج نقل الفونونون مهم في تحديد انقسام الحرارة وتغير درجة الحرارة في الملتقيات الذرية.,باستخدام طريقة وظيفه غرين عدم التوازن، قمنا بتطوير نموذج ميكانيكي كمي بالكامل لدراسة نقل الالكترونات والفونونات المزدهره في التقاطعات الذرية ذات الابعاد الواحد في وجود تفاعل الالكترونات والفونات الضعيف. يسمح لنا هذا النموذج بدراسة النقل الكتروني والفونوني علي قدم متساوي. نستخرج التيارات الكهربائيه والطاقة لنظام الالكترونات والفونات المزدهره وتبادل الطاقة بينها. وكطبيق، ندرس تسريب الحراره في التقاطعات الذرية الحامله الحاليه داخل التقاطعات الذرية ذات التماسك من التقارير المولود، مما يضمن حفظ الطاقة. نجد ان تضمين نقل الفونات مهم في تحديد تسريب الحراره وتغير درجات الحراره في التقاطعات الذرية.
other,"The light curves produced by all-sky monitors, such as the Rossi X-ray Timing
Explorer All-Sky Monitor and the Swift Burst Alert Telescope (BAT), generally
have non-uniform error bars. In searching for periodic modulation in this type
of data using power spectra it can be important to use appropriate weighting of
data points to achieve the best sensitivity. It was recently demonstrated that
for Swift BAT data a simple weighting scheme can actually sometimes reduce the
sensitivity of the power spectrum depending on source brightness. Instead, a
modified weighting scheme, based on the Cochran semi-weighted mean, gives
improved results independent of source brightness. We investigate the benefits
of weighting power spectra in period searches using simulated GLAST LAT
observations of gamma-ray binaries.",تمتلك منحنيات الضوء الناتجة عن أجهزة رصد السماء الشاملة، مثل مراقب السماء الشامل لمستكشف روسي لتوقيت أشعة X ومقراب سويفت لتنبيه الاندفاعات (BAT)، عادةً أشرطة خطأ غير موحدة. عند البحث عن التعديل الدوري في هذا النوع من البيانات باستخدام أطياف القدرة، قد يكون من المهم استخدام ترجيح مناسب لنقاط البيانات لتحقيق أفضل حساسية. لقد تبين مؤخرًا أن بالنسبة لبيانات Swift BAT، يمكن لمخطط ترجيح بسيط أن يقلل أحيانًا من حساسية طيف القدرة اعتمادًا على سطوع المصدر. بدلاً من ذلك، يعطي مخطط ترجيح معدّل، يستند إلى متوسط كوكران شبه المرجّح، نتائج محسّنة ومستقلة عن سطوع المصدر. نحن نحقق في فوائد ترجيح أطياف القدرة في عمليات البحث عن الدوريات باستخدام مراقبات محاكاة من GLAST LAT للأنظمة الثنائية لأشعة غاما.,"The light curves produced by all-sky monitors, such as the Rossi X-ray Timing Explorer All-Sky Monitor and the Swift Burst Alert Telescope (BAT), generally have non-uniform error bars. In searching for periodic modulation in this type of data using power spectra it can be important to use appropriate weighting of data points to achieve the best sensitivity. It was recently demonstrated that for Swift BAT data a simple weighting scheme can actually sometimes reduce the sensitivity of the power spectrum depending on source brightness. Instead, a modified weighting scheme, based on the Cochran semi-weighted mean, gives improved results independent of source brightness. We investigate the benefits of weighting power spectra in period searches using simulated GLAST LAT observations of gamma-ray binaries.",تمتلك منحنيات الضوء الناتجه عن اجهزه رصد السماء الشامله، مثل مراقب السماء الشامل لمستكشف روسي لتوقيت اشعه X ومقراب سويفت لتنبيه الاندفاعات (BAT)، عاده اشرطه خطا غير موحده. عند البحث عن التعديل الدوري في هذا النوع من البيانات باستخدام اطياف القدره، قد يكون من المهم استخدام ترجيح مناسب لنقاط البيانات لتحقيق افضل حساسيه. لقد تبين مؤخرا ان بالنسبه لبيانات Swift BAT، يمكن لمخطط ترجيح بسيط ان يقلل احيانا من حساسيه طيف القدره اعتمادا علي سطوع المصدر. بدلا من ذلك، يعطي مخطط ترجيح معدل، يستند الي متوسط كوكران شبه المرجح، نتائج محسنه ومستقله عن سطوع المصدر. نحن نحقق في فوائد ترجيح اطياف القدره في عمليات البحث عن الدوريات باستخدام مراقبات محاكاه من GLAST LAT للانظمه الثنائيه لاشعه غاما.,121,117,إن منحنىات الضوء التي تنتجها جميع شاشات الرصد، مثل جهاز الرصد All-Sky Al-Sky Latin وجهاز تلميذ الانذار بسرعته (BAT)، عادة ما تكون لها عوارض خطأ غير انحلالية. عند البحث عن تعديل دوري في هذا النوع من البيانات باستخدام طيف الطاقة، يمكن أن يكون من المهم استخدام الترجيح المناسب لنقاط البيانات لتحقيق أفضل حساسية. لقد ثبت مؤخراً أنه بالنسبة لبيانات أفضل التقنيات المتاحة للطبقات، فإن مخططاً بسيطاً للترجيح يمكن أن يؤدي في الواقع في بعض الأحيان إلى تقليل حساسية طيف الطاقة اعتماداً على سعة المصدر. بدلاً من ذلك، فإن مخططاً معدلاً للترجيح، يستند إلى متوسط كوكران شبه المرجح، يعطي نتائج محسّنة مستقلة عن سطوع المصدر. نحن نتحرى فوائد طيف القدرة الترجيحية في عمليات البحث باستخدام عمليات الرصد المُحَكَمَدة لترددات أشعة غاما.,يحتوي منحنيات الضوء التي تنتجها مراقبات السماء الكاملة، مثل رصد السماء الكامل لمتفاحر التوقيت من اشعه رسين ومتجه تحذير الانفجار السريع (BAT)، عادة ما تكون لها شريطات الخطأ غير موحدة. في البحث عن التكيف الدوري في هذا النوع من البيانات باستخدام طيفيات الطاقة، قد يكون من المهم استخدام وزن مناسب لبنود البيانات لتحقيق احسن الحساسيه. وقد ثبت مؤخرًا أنه بالنسبة لبيانات Swift BAT، يمكن لهذه النظام الوزن البسيط في الواقع في بعض الأحيان تقليل حساسيه طيف الطاقة اعتمادا علي سطوع المصدر. بدلا من ذلك، فإن مخطط وزن معدله، استنادا علي متوسط كوخران شبه الوزن، يعطي نتائج تحسيا مستقلة عن سطوع المصدر. ندرس فوائد الطيفيات الوزن في البحثات الدوريه باستخدام مشاهدات GLAST LAT المثبته لمتكاليفات غاما-rays.
physics,"We investigate the formation of collisionless shocks along the spatial profile of a gaussian laser beam propagating in nonlocal nonlinear media. For defocusing nonlinearity the shock survives the smoothing effect of the nonlocal response, though its dynamics is qualitatively affected by the latter, whereas for focusing nonlinearity it dominates over filamentation. The patterns observed in a thermal defocusing medium are interpreted in the framework of our theory.",نحقق في تكوين الصدمات عديمة الاصطدام (collisionless shocks) على طول المقطع الجانبي المكاني لشعاع ليزر جاوسي ينتشر في وسائط غير خطية لا موضعية. بالنسبة لللاخطية المشتتة، تنجو الصدمة من تأثير التنعيم للاستجابة اللاموضعية، على الرغم من أن ديناميكيتها تتأثر نوعيًا بهذه الاستجابة، بينما بالنسبة لللاخطية المركِّزة (focusing nonlinearity) فإنها تهيمن على التكوّن الخيطي (filamentation). يتم تفسير الأنماط الملاحظة في وسط مشتت حراري في إطار نظريتنا.,"We investigate the formation of collisionless shocks along the spatial profile of a gaussian laser beam propagating in nonlocal nonlinear media. For defocusing nonlinearity the shock survives the smoothing effect of the nonlocal response, though its dynamics is qualitatively affected by the latter, whereas for focusing nonlinearity it dominates over filamentation. The patterns observed in a thermal defocusing medium are interpreted in the framework of our theory.",نحقق في تكوين الصدمات عديمه الاصطدام (collisionless shocks) علي طول المقطع الجانبي المكاني لشعاع ليزر جاوسي ينتشر في وسائط غير خطيه لا موضعيه. بالنسبه لللاخطيه المشتته، تنجو الصدمه من تاثير التنعيم للاستجابه اللاموضعيه، علي الرغم من ان ديناميكيتها تتاثر نوعيا بهذه الاستجابه، بينما بالنسبه لللاخطيه المركزه (focusing nonlinearity) فانها تهيمن علي التكون الخيطي (filamentation). يتم تفسير الانماط الملاحظه في وسط مشتت حراري في اطار نظريتنا.,67,65,ونحن نتحرى عن تكوين صدمات غير اصطدامية على طول الملامح المكانية لشعاع ليزري جاوسي ينتشر في الوسائط غير الخطية غير المحلية، ومن أجل نزع التركيز غير الخطي تنجو الصدمة من الأثر السلس للاستجابة غير المحلية، على الرغم من أن دينامياتها تتأثر نوعياً بالأخير، في حين أنها تهيمن على التفتت لتركيز على اللاخطية، والأنماط التي لوحظت في وسط تركيز حراري تفسر في إطار نظريتنا.,ندرس تشكيل صدمات غير متصادم علي طول الملف الفضائي لمشعه ليزر غوسيان تنتشر في وسائط غير خطيه غير محليه. لتحويل عدم التركيز الحراري، ينجو الصدمة من تأثير التسهيل للرد غير محلي، على الرغم من تأثير ديناميكياتها نوعيا من قبل هذا الأخير، في حين انها تسيطر علي عدم التركيز الحراري، في حين انها تهيمن علي التشعيد. يتم تفسير النمط التي تلاحظ في وسائط تحويل التركيز الحراري في اطار نظريتنا.
physics,"We study the infrared (IR) properties of galaxies in the cluster MS 1054-03
at z=0.83 by combining MIPS 24 micron data with spectra of more than 400
galaxies and a very deep K-band selected catalog. 19 IR cluster members are
selected spectroscopically, and an additional 15 are selected by their
photometric redshifts. We derive the IR luminosity function of the cluster and
find strong evolution compared to the similar-mass Coma cluster. The best
fitting Schechter function gives L*_{IR}=11.49 +0.30/-0.29 L_sun with a fixed
faint end slope, about one order of magnitude larger than that in Coma. The
rate of evolution of the IR luminosity from Coma to MS 1054-03 is consistent
with that found in field galaxies, and it suggests that some internal
mechanism, e.g., the consumption of the gas fuel, is responsible for the
general decline of the cosmic star formation rate (SFR) in different
environments. The mass-normalized integrated SFR within 0.5R_200 in MS 1054-03
also shows evolution compared with other rich clusters at lower redshifts, but
the trend is less conclusive if the mass selection effect is considered. A
nonnegligible fraction (13%) of cluster members, are forming stars actively and
the overdensity of IR galaxies is about 20 compared to the field. It is
unlikely that clusters only passively accrete star forming galaxies from the
surrounding fields and have their star formation quenched quickly afterward;
instead, many cluster galaxies still have large amounts of gas, and their star
formation may be enhanced by the interaction with the cluster.",ندرس الخصائص تحت الحمراء (IR) للمجرات في العنقود المجري MS 1054-03 عند انزياح أحمر z=0.83، وذلك بدمج بيانات MIPS ذات الطول الموجي 24 ميكرومتر مع أطياف لأكثر من 400 مجرة وفهرس عميق جداً مُختار من النطاق K. تم اختيار 19 عضواً من أعضاء العنقود المرصودة بالأشعة تحت الحمراء طيفياً، وتم اختيار 15 عضواً إضافياً بناءً على انزياحاتها الحمراء الضوئية. اشتققنا دالة لمعان الأشعة تحت الحمراء للعنقود ووجدنا تطوراً قوياً مقارنةً بعنقود كوما ذي الكتلة المماثلة. تُعطي دالة شيختر الأفضل مطابقةً قيمة L*_{IR}=11.49 +0.30/-0.29 L_sun مع انحدار ثابت للطرف الخافت، وهي أكبر بحوالي رتبة مقدار واحدة مما هي عليه في كوما. يتوافق معدل تطور اللمعان تحت الأحمر من كوما إلى MS 1054-03 مع ما وُجِد في مجرات الحقل، ويشير إلى أن بعض الآليات الداخلية، مثل استهلاك وقود الغاز، مسؤولة عن التراجع العام لمعدل تكون النجوم الكوني (SFR) في بيئات مختلفة. يظهر معدل تكون النجوم المتكامل والمعاير بالكتلة ضمن 0.5R_200 في MS 1054-03 أيضاً تطوراً مقارنةً بعناقيد غنية أخرى عند انزياحات حمراء أقل، لكن الاتجاه أقل حسمًا إذا أُخذ تأثير اختيار الكتلة في الاعتبار. نسبة لا يستهان بها (13%) من أعضاء العنقود تُشكّل نجوماً بنشاط، وتبلغ الكثافة الزائدة لمجرات الأشعة تحت الحمراء حوالي 20 مقارنةً بالحقل. من غير المرجح أن العناقيد تكتسب فقط مجرات تتكون فيها النجوم بشكل سلبي من الحقول المحيطة بها وتخمد عملية تكون النجوم فيها بسرعة بعد ذلك؛ بدلاً من ذلك، لا يزال العديد من مجرات العنقود تحتوي على كميات كبيرة من الغاز، وقد يتعزز تكون النجوم فيها بفعل التفاعل مع العنقود.,"We study the infrared (IR) properties of galaxies in the cluster MS 1054-03 at z=0.83 by combining MIPS 24 micron data with spectra of more than 400 galaxies and a very deep K-band selected catalog. 19 IR cluster members are selected spectroscopically, and an additional 15 are selected by their photometric redshifts. We derive the IR luminosity function of the cluster and find strong evolution compared to the similar-mass Coma cluster. The best fitting Schechter function gives L*_{IR}=11.49 +0.30/-0.29 L_sun with a fixed faint end slope, about one order of magnitude larger than that in Coma. The rate of evolution of the IR luminosity from Coma to MS 1054-03 is consistent with that found in field galaxies, and it suggests that some internal mechanism, e.g., the consumption of the gas fuel, is responsible for the general decline of the cosmic star formation rate (SFR) in different environments. The mass-normalized integrated SFR within 0.5R_200 in MS 1054-03 also shows evolution compared with other rich clusters at lower redshifts, but the trend is less conclusive if the mass selection effect is considered. A nonnegligible fraction (13%) of cluster members, are forming stars actively and the overdensity of IR galaxies is about 20 compared to the field. It is unlikely that clusters only passively accrete star forming galaxies from the surrounding fields and have their star formation quenched quickly afterward; instead, many cluster galaxies still have large amounts of gas, and their star formation may be enhanced by the interaction with the cluster.",ندرس الخصائص تحت الحمراء (IR) للمجرات في العنقود المجري MS 1054-03 عند انزياح احمر z=0.83، وذلك بدمج بيانات MIPS ذات الطول الموجي 24 ميكرومتر مع اطياف لاكثر من 400 مجره وفهرس عميق جدا مختار من النطاق K. تم اختيار 19 عضوا من اعضاء العنقود المرصوده بالاشعه تحت الحمراء طيفيا، وتم اختيار 15 عضوا اضافيا بناء علي انزياحاتها الحمراء الضوئيه. اشتققنا داله لمعان الاشعه تحت الحمراء للعنقود ووجدنا تطورا قويا مقارنه بعنقود كوما ذي الكتله المماثله. تعطي داله شيختر الافضل مطابقه قيمه L*_{IR}=11.49 +0.30/-0.29 L_sun مع انحدار ثابت للطرف الخافت، وهي اكبر بحوالي رتبه مقدار واحده مما هي عليه في كوما. يتوافق معدل تطور اللمعان تحت الاحمر من كوما الي MS 1054-03 مع ما وجد في مجرات الحقل، ويشير الي ان بعض الاليات الداخليه، مثل استهلاك وقود الغاز، مسؤوله عن التراجع العام لمعدل تكون النجوم الكوني (SFR) في بيئات مختلفه. يظهر معدل تكون النجوم المتكامل والمعاير بالكتله ضمن 0.5R_200 في MS 1054-03 ايضا تطورا مقارنه بعناقيد غنيه اخري عند انزياحات حمراء اقل، لكن الاتجاه اقل حسما اذا اخذ تاثير اختيار الكتله في الاعتبار. نسبه لا يستهان بها (13%) من اعضاء العنقود تشكل نجوما بنشاط، وتبلغ الكثافه الزائده لمجرات الاشعه تحت الحمراء حوالي 20 مقارنه بالحقل. من غير المرجح ان العناقيد تكتسب فقط مجرات تتكون فيها النجوم بشكل سلبي من الحقول المحيطه بها وتخمد عمليه تكون النجوم فيها بسرعه بعد ذلك؛ بدلا من ذلك، لا يزال العديد من مجرات العنقود تحتوي علي كميات كبيره من الغاز، وقد يتعزز تكون النجوم فيها بفعل التفاعل مع العنقود.,250,243,نحن ندرس خواص المجرات في المجموعة MS 1054-03 عند z=0.83 عن طريق الجمع بين بيانات MIPS 24 ميكرون مع طيف يزيد عن 400 مجرة وفئة مختارة شديدة العمق K. وقد اختير 19 نجمة في المجموعة على شكل طيف، واختير 15 عضوا إضافيا على أساس التدرجات الحمراء الضوئية. نستمد دالة التضخيم في المجموعة ونجد تطورا قويا بالمقارنة مع مجموعة الكتلة المماثلة. أفضل وظيفة Schechter تعطي L*_ {IR}=11.49+0.30/-029- L_sun مع ميل خافت ثابت، حوالي درجة واحدة من المقدار أكبر من تلك الموجودة في كوما. معدل تطور التلويثة في المجموعة من IRRR من Coma إلى MS 1054-03 متسقا مع تلك الموجودة في المجرات الميدانية، ويشير إلى أن بعض المجالات الداخلية، e.g، مقارنة باستهلاك وقود الغاز على شكل خافتي ثابت، يكون مسؤولا عن التدهور العام في معدل تكوين النجم الكوني (SFR) في بيئات مختلفة.,ندرس خصائص المجرات تحت الحمراء (IR) في المجموعه MS 1054-03 عند z=0.83، من خلال دمج بيانات MIPS 24 ميكرون مع طيفيات تزيد عن 400 مجرة وتسجيل مختار من طيف K عميق جدا. يتم اختيار 19 عضو في المجموعه IR من الناحيه الطيفيه، و يتم اختيار 15 إضافيه من خلال تحركاتها الحمراء الضوئيه الفوتوماتيه. ونستنتج وظيه الوهم IR للمجموعه ونجد تطورا قويا مقارنيه بمجموعه Coma ذات الكتلة مماثله. وظيه Schechter الملائمه بشكل افضل L*_{IR}=11.49 +0.30/-0.29 L_sun مع انحلال ثابت، حوالي حد واحد من الكمرا في Coma. وتتفق معدل تطور الوهم من 1054-03 MS مع ما وجده في المجرات، وتشير الي ان المجموعه الدنيا، والتي تملك تطورا من النجوم في المجموعه الغزيه، والتي تظهر ان تطورها من النجوم غير الكثيفه في المجموعه، والتي تظهر ان تطورها من النجوم غير الكثيفه في المجموعه، والتي تكون أقل من 0.5% من حجمها، ولكن بعضها من المحتمل ان تكون أقل من المعدل من التطور. يظهر ان التطور من النجوم المجموعه من النجوم المختلفه من المجموعه من النجوم المختلفه من النجوم المختلفه، وبالغ من النجوم من المجموعه من النجوم المختلفه من النجوم، والتيجيه من المختلفه من النجوم، والتيجيه من المجموعه من النجوم المختلفه من المختلفه من النجوم، والتيجيه من المجموعه من المجموعه من النجوم، والتيجيه من المختلفه من النجوم، والتيجيه من المختلفه من النجوم. يظهر ان التطورات المجموعه من النجوم المجموعه من النجوم المختلفه من النجوم المختلفه من المختلفه من النجوم المختلفه من المختلفه من المختلفه من المعدل، والتيقاضيه،
mathematics,"  Given a multiple-input multiple-output (MIMO) channel, feedback from the
receiver can be used to specify a transmit precoding matrix, which selectively
activates the strongest channel modes. Here we analyze the performance of
Random Vector Quantization (RVQ), in which the precoding matrix is selected
from a random codebook containing independent, isotropically distributed
entries. We assume that channel elements are i.i.d. and known to the receiver,
which relays the optimal (rate-maximizing) precoder codebook index to the
transmitter using B bits. We first derive the large system capacity of
beamforming (rank-one precoding matrix) as a function of B, where large system
refers to the limit as B and the number of transmit and receive antennas all go
to infinity with fixed ratios. With beamforming RVQ is asymptotically optimal,
i.e., no other quantization scheme can achieve a larger asymptotic rate. The
performance of RVQ is also compared with that of a simpler reduced-rank scalar
quantization scheme in which the beamformer is constrained to lie in a random
subspace. We subsequently consider a precoding matrix with arbitrary rank, and
approximate the asymptotic RVQ performance with optimal and linear receivers
(matched filter and Minimum Mean Squared Error (MMSE)). Numerical examples show
that these approximations accurately predict the performance of finite-size
systems of interest. Given a target spectral efficiency, numerical examples
show that the amount of feedback required by the linear MMSE receiver is only
slightly more than that required by the optimal receiver, whereas the matched
filter can require significantly more feedback.
","بالنظر إلى قناة متعددة المدخلات ومتعددة المخرجات (MIMO)، يمكن استخدام ردود الفعل من المستقبل لتحديد مصفوفة ترميز الإرسال المسبق، والتي تقوم بتشغيل أنماط القناة بشكل انتقائي.
نقوم هنا بتحليل أداء الترميز الكمي العشوائي المتجهي (RVQ)، حيث يتم اختيار مصفوفة الترميز المسبق من دفتر ترميز عشوائي يحتوي على مدخلات مستقلة موزعة بشكل متساوٍ. نفترض أن عناصر القناة متساوية الحجم ومعروفة للمستقبل، والتي تنقل مؤشر دفتر ترميز الإرسال المسبق الأمثل (الذي يزيد من المعدل إلى أقصى حد) إلى المرسل باستخدام بتات B. نقوم أولاً باستنتاج السعة الكبيرة للنظام من خلال تشكيل الحزمة (مصفوفة الترميز المسبق من الدرجة الأولى) كدالة لـ B، حيث يشير النظام الكبير إلى الحد B، ويذهب عدد هوائيات الإرسال والاستقبال إلى ما لا نهاية بنسب ثابتة. مع تشكيل الحزمة، يصبح RVQ مثاليًا بشكل اقتربي، أي لا يمكن لأي مخطط ترميز كمي آخر تحقيق معدل اقتربي أكبر. كما يتم مقارنة أداء RVQ مع أداء مخطط ترميز كمي سكالوي أبسط ذي رتبة مخفضة، حيث يتم تقييد تشكيل الحزمة في مساحة فرعية عشوائية. بعد ذلك، ننظر في مصفوفة ترميز مسبق ذات رتبة عشوائية، ونقوم بتقدير أداء RVQ التقاربي مع أجهزة استقبال مثالية وخطية (مرشح مطابق والحد الأدنى لمتوسط الخطأ التربيعي (MMSE)). تُظهر الأمثلة العددية أن هذه التقريبات تتنبأ بدقة بأداء أنظمة الحجم المحدود التي تهمنا. بالنظر إلى كفاءة طيفية مستهدفة، تُظهر الأمثلة العددية أن كمية التغذية الراجعة المطلوبة بواسطة مستقبل MMSE الخطي تزيد قليلاً فقط عن الكمية المطلوبة بواسطة المستقبل الأمثل، في حين أن المرشح المطابق يمكن أن يتطلب تغذية راجعة أكثر بكثير.","Given a multiple-input multiple-output (MIMO) channel, feedback from the receiver can be used to specify a transmit precoding matrix, which selectively activates the strongest channel modes. Here we analyze the performance of Random Vector Quantization (RVQ), in which the precoding matrix is selected from a random codebook containing independent, isotropically distributed entries. We assume that channel elements are i.i.d. and known to the receiver, which relays the optimal (rate-maximizing) precoder codebook index to the transmitter using B bits. We first derive the large system capacity of beamforming (rank-one precoding matrix) as a function of B, where large system refers to the limit as B and the number of transmit and receive antennas all go to infinity with fixed ratios. With beamforming RVQ is asymptotically optimal, i.e., no other quantization scheme can achieve a larger asymptotic rate. The performance of RVQ is also compared with that of a simpler reduced-rank scalar quantization scheme in which the beamformer is constrained to lie in a random subspace. We subsequently consider a precoding matrix with arbitrary rank, and approximate the asymptotic RVQ performance with optimal and linear receivers (matched filter and Minimum Mean Squared Error (MMSE)). Numerical examples show that these approximations accurately predict the performance of finite-size systems of interest. Given a target spectral efficiency, numerical examples show that the amount of feedback required by the linear MMSE receiver is only slightly more than that required by the optimal receiver, whereas the matched filter can require significantly more feedback.",بالنظر الي قناه متعدده المدخلات ومتعدده المخرجات (MIMO)، يمكن استخدام ردود الفعل من المستقبل لتحديد مصفوفه ترميز الارسال المسبق، والتي تقوم بتشغيل انماط القناه بشكل انتقائي. نقوم هنا بتحليل اداء الترميز الكمي العشوائي المتجهي (RVQ)، حيث يتم اختيار مصفوفه الترميز المسبق من دفتر ترميز عشوائي يحتوي علي مدخلات مستقله موزعه بشكل متساو. نفترض ان عناصر القناه متساويه الحجم ومعروفه للمستقبل، والتي تنقل مؤشر دفتر ترميز الارسال المسبق الامثل (الذي يزيد من المعدل الي اقصي حد) الي المرسل باستخدام بتات B. نقوم اولا باستنتاج السعه الكبيره للنظام من خلال تشكيل الحزمه (مصفوفه الترميز المسبق من الدرجه الاولي) كداله ل B، حيث يشير النظام الكبير الي الحد B، ويذهب عدد هوائيات الارسال والاستقبال الي ما لا نهايه بنسب ثابته. مع تشكيل الحزمه، يصبح RVQ مثاليا بشكل اقتربي، اي لا يمكن لاي مخطط ترميز كمي اخر تحقيق معدل اقتربي اكبر. كما يتم مقارنه اداء RVQ مع اداء مخطط ترميز كمي سكالوي ابسط ذي رتبه مخفضه، حيث يتم تقييد تشكيل الحزمه في مساحه فرعيه عشوائيه. بعد ذلك، ننظر في مصفوفه ترميز مسبق ذات رتبه عشوائيه، ونقوم بتقدير اداء RVQ التقاربي مع اجهزه استقبال مثاليه وخطيه (مرشح مطابق والحد الادني لمتوسط الخطا التربيعي (MMSE)). تظهر الامثله العدديه ان هذه التقريبات تتنبا بدقه باداء انظمه الحجم المحدود التي تهمنا. بالنظر الي كفاءه طيفيه مستهدفه، تظهر الامثله العدديه ان كميه التغذيه الراجعه المطلوبه بواسطه مستقبل MMSE الخطي تزيد قليلا فقط عن الكميه المطلوبه بواسطه المستقبل الامثل، في حين ان المرشح المطابق يمكن ان يتطلب تغذيه راجعه اكثر بكثير.,246,241,وبالنظر إلى قناة متعددة المدخلات (MIM) يمكن استخدام التغذية المرتدة من المستقبل لتحديد مصفوفة الترميز الأولي للإحالة، التي تقوم بالتنشيط بشكل انتقائي لوسائط القناة الأقوى. هنا نحلل أداء قياس كميّة RVctor (RVQ)، التي يتم فيها اختيار مصفوفة الترميز الأولي من دليل شفري عشوائي يحتوي على قيود مستقلة موزعة توزيعاً عشوائياً. نفترض أن عناصر القناة هي i.i.d. وتعرفها الجهة المتلقية، التي تنقل المؤشر الشفري الأمثل (المعدل الأقصى) إلى جهاز الإرسال باستخدام ب بتات. أولاً نستمد قدرة النظام الكبيرة للترميز الرقابي (مصفوفة قبل الترميز الأول) كدالة من B، حيث يشير النظام الكبير إلى الحد كB وعدد عمليات الإرسال والاستقبال والهوائيات تذهب جميعها إلى ما لا نهاية بنسب ثابتة. ومع أن الشعاع يُشكّل RVQ أكثر من الشكل الأمثل، أي.e.,ونحن نستنتج هنا أداء تقييم المتجهات المسبقه للشكل العشوائي (RVQ) ، حيث يتم اختيار المصفوفات المسبقه للكشف من كتاب رمزي يحتوي علي مدخلات متزايده متزايده متزايده متزايده متزايده متزايده متزايده متداخلات متعدده (MIMO)، ونفترض ان عناصر القنايه هي i.i.i.d ومعروفه للمستلم، والتي ترسل مؤشر كتاب الكود المسبقه المثالي (التعظيم) الي المرسق باستخدام B. ونستخرج اولا من طاقه النظام الكبير لتشكيل الشعاع (التصميم التعدادي) (التصميم التعدادي) كداله ل B، حيث يشير النظام الكبير الي الحد B وعدد التسليم والاتصال الكبير الي اللانه مع العدود الثابت. وبالتالي، يمكن ان تظهر ان ان ان الامكانات المسبقه لتنفيذ المعدد المحدد (MRS) يصل الي الفعاليه المباشره (MRS) بشكل كبير، حيث يمكن ان يظهر ان الاداء المباشر من خلال هذه النظام المباشره (MRS) يصل الي الفعاليه المباشره (MRS) بشكل كبير، حيث لا يصل الي قيمه المعدد المباشر (MRS)، حيث يتم تقييم المعدد المقصره من الفعاليه المباشره (MRS)، حيث يظهر ان الادعه المباشره المباشره لتحكم في الفعاليه المعدد (MRS) المباشره (MRS) تصلحسبقه لقياسه المعدد (MRS) (MRS) (MRS)، حيث يتم تقييم المعدل المعدد المقصره المباشر.
other,"S255N is a luminous far-infrared source that contains many indications of
active star formation but lacks a prominent near-infrared stellar cluster. We
present mid-infrared through radio observations aimed at exploring the
evolutionary state of this region. Our observations include 1.3mm continuum and
spectral line data from the Submillimeter Array, VLA 3.6cm continuum and 1.3cm
water maser data, and multicolor IRAC images from the Spitzer Space Telescope.
The cometary morphology of the previously-known UCHII region G192.584-0.041 is
clearly revealed in our sensitive, multi-configuration 3.6cm images. The 1.3mm
continuum emission has been resolved into three compact cores, all of which are
dominated by dust emission and have radii < 7000AU. The mass estimates for
these cores range from 6 to 35 Msun. The centroid of the brightest dust core
(SMA1) is offset by 1.1'' (2800 AU) from the peak of the cometary UCHII region
and exhibits the strongest HC3N, CN, and DCN line emission in the region. SMA1
also exhibits compact CH3OH, SiO, and H2CO emission and likely contains a young
hot core. We find spatial and kinematic evidence that SMA1 may contain further
multiplicity, with one of the components coincident with a newly-detected H2O
maser. There are no mid-infrared point source counterparts to any of the dust
cores, further suggesting an early evolutionary phase for these objects. The
dominant mid-infrared emission is a diffuse, broadband component that traces
the surface of the cometary UCHII region but is obscured by foreground material
on its southern edge. An additional 4.5 micron linear feature emanating to the
northeast of SMA1 is aligned with a cluster of methanol masers and likely
traces a outflow from a protostar within SMA1. Our observations provide direct
evidence that S255N is forming a cluster of intermediate to high-mass stars.",S255N هو مصدر ساطع للأشعة تحت الحمراء البعيدة، يحتوي على العديد من مؤشرات تكون النجوم النشط ولكنه يفتقر إلى عنقود نجمي بارز في الأشعة تحت الحمراء القريبة. نقدم أرصادًا في المدى من الأشعة تحت الحمراء المتوسطة حتى الموجات الراديوية تهدف إلى استكشاف الحالة التطورية لهذه المنطقة. تشمل أرصادنا بيانات الاستمرارية والخطوط الطيفية عند 1.3 ملم من مصفوفة تحت المليمتر (Submillimeter Array)، وبيانات الاستمرارية عند 3.6 سم ومازر الماء عند 1.3 سم من VLA، وصور IRAC متعددة الألوان من تلسكوب سبيتزر الفضائي. يتكشف الشكل المذنبي لمنطقة UCHII المعروفة سابقًا G192.584-0.041 بوضوح في صورنا الحساسة والمتعددة التشكيلات عند 3.6 سم. تم فصل الانبعاث المستمر عند 1.3 ملم إلى ثلاث نوى مضغوطة، تهيمن عليها جميعًا انبعاثات الغبار ويبلغ نصف قطرها أقل من 7000 وحدة فلكية. تتراوح تقديرات الكتلة لهذه النوى من 6 إلى 35 كتلة شمسية. يقع مركز ألمع نواة غبار (SMA1) على بعد 1.1 ثانية قوسية (2800 وحدة فلكية) من ذروة منطقة UCHII المذنبية، ويعرض أقوى انبعاثات خطوط HC3N وCN وDCN في المنطقة. تعرض SMA1 أيضًا انبعاثات CH3OH وSiO وH2CO المضغوطة، ومن المرجح أنها تحتوي على نواة ساخنة فتية. نجد شواهد مكانية وحركية على أن SMA1 قد تحتوي على تعددية إضافية، حيث يتطابق أحد المكونات مع مازر H2O مكتشف حديثًا. لا توجد مصادر نقطية مقابلة في الأشعة تحت الحمراء المتوسطة لأي من نوى الغبار، مما يشير كذلك إلى مرحلة تطورية مبكرة لهذه الأجرام. الانبعاث السائد في الأشعة تحت الحمراء المتوسطة هو مكون منتشر وعريض النطاق يتتبع سطح منطقة UCHII المذنبية، ولكنه محجوب بمواد أمامية على حافتها الجنوبية. تتماشى سمة خطية إضافية عند 4.5 ميكرون تنبعث إلى الشمال الشرقي من SMA1 مع عنقود من مازرات الميثانول، ومن المرجح أنها تتتبع تدفقًا خارجًا من نجم أولي داخل SMA1. تقدم أرصادنا دليلًا مباشرًا على أن S255N تشكل عنقودًا من النجوم متوسطة إلى عالية الكتلة.,"S255N is a luminous far-infrared source that contains many indications of active star formation but lacks a prominent near-infrared stellar cluster. We present mid-infrared through radio observations aimed at exploring the evolutionary state of this region. Our observations include 1.3mm continuum and spectral line data from the Submillimeter Array, VLA 3.6cm continuum and 1.3cm water maser data, and multicolor IRAC images from the Spitzer Space Telescope. The cometary morphology of the previously-known UCHII region G192.584-0.041 is clearly revealed in our sensitive, multi-configuration 3.6cm images. The 1.3mm continuum emission has been resolved into three compact cores, all of which are dominated by dust emission and have radii < 7000AU. The mass estimates for these cores range from 6 to 35 Msun. The centroid of the brightest dust core (SMA1) is offset by 1.1'' (2800 AU) from the peak of the cometary UCHII region and exhibits the strongest HC3N, CN, and DCN line emission in the region. SMA1 also exhibits compact CH3OH, SiO, and H2CO emission and likely contains a young hot core. We find spatial and kinematic evidence that SMA1 may contain further multiplicity, with one of the components coincident with a newly-detected H2O maser. There are no mid-infrared point source counterparts to any of the dust cores, further suggesting an early evolutionary phase for these objects. The dominant mid-infrared emission is a diffuse, broadband component that traces the surface of the cometary UCHII region but is obscured by foreground material on its southern edge. An additional 4.5 micron linear feature emanating to the northeast of SMA1 is aligned with a cluster of methanol masers and likely traces a outflow from a protostar within SMA1. Our observations provide direct evidence that S255N is forming a cluster of intermediate to high-mass stars.",S255N هو مصدر ساطع للاشعه تحت الحمراء البعيده، يحتوي علي العديد من مؤشرات تكون النجوم النشط ولكنه يفتقر الي عنقود نجمي بارز في الاشعه تحت الحمراء القريبه. نقدم ارصادا في المدي من الاشعه تحت الحمراء المتوسطه حتي الموجات الراديويه تهدف الي استكشاف الحاله التطوريه لهذه المنطقه. تشمل ارصادنا بيانات الاستمراريه والخطوط الطيفيه عند 1.3 ملم من مصفوفه تحت المليمتر (Submillimeter Array)، وبيانات الاستمراريه عند 3.6 سم ومازر الماء عند 1.3 سم من VLA، وصور IRAC متعدده الالوان من تلسكوب سبيتزر الفضائي. يتكشف الشكل المذنبي لمنطقه UCHII المعروفه سابقا G192.584-0.041 بوضوح في صورنا الحساسه والمتعدده التشكيلات عند 3.6 سم. تم فصل الانبعاث المستمر عند 1.3 ملم الي ثلاث نوي مضغوطه، تهيمن عليها جميعا انبعاثات الغبار ويبلغ نصف قطرها اقل من 7000 وحده فلكيه. تتراوح تقديرات الكتله لهذه النوي من 6 الي 35 كتله شمسيه. يقع مركز المع نواه غبار (SMA1) علي بعد 1.1 ثانيه قوسيه (2800 وحده فلكيه) من ذروه منطقه UCHII المذنبيه، ويعرض اقوي انبعاثات خطوط HC3N وCN وDCN في المنطقه. تعرض SMA1 ايضا انبعاثات CH3OH وSiO وH2CO المضغوطه، ومن المرجح انها تحتوي علي نواه ساخنه فتيه. نجد شواهد مكانيه وحركيه علي ان SMA1 قد تحتوي علي تعدديه اضافيه، حيث يتطابق احد المكونات مع مازر H2O مكتشف حديثا. لا توجد مصادر نقطيه مقابله في الاشعه تحت الحمراء المتوسطه لاي من نوي الغبار، مما يشير كذلك الي مرحله تطوريه مبكره لهذه الاجرام. الانبعاث السائد في الاشعه تحت الحمراء المتوسطه هو مكون منتشر وعريض النطاق يتتبع سطح منطقه UCHII المذنبيه، ولكنه محجوب بمواد اماميه علي حافتها الجنوبيه. تتماشي سمه خطيه اضافيه عند 4.5 ميكرون تنبعث الي الشمال الشرقي من SMA1 مع عنقود من مازرات الميثانول، ومن المرجح انها تتتبع تدفقا خارجا من نجم اولي داخل SMA1. تقدم ارصادنا دليلا مباشرا علي ان S255N تشكل عنقودا من النجوم متوسطه الي عاليه الكتله.,290,289,255N هي مصدر بالغ الأهمية ويندرج فيه العديد من الدلائل على تشكيل نجمي نشط ولكنه يفتقر إلى مجموعة ذات بصمة قريبة منه منه إلى خارجه. ونعرض في هذه المنطقة الجزء الأوسط منه من خلال عمليات الرصد الراديوي التي تهدف إلى استكشاف الحالة التطورية لهذه المنطقة. وتشمل عمليات الرصد لدينا بيانات عن السلسلة البالغة 1.3 ملم والخط الطيفي من بيانات أراي تحت الحمراء، وسلسلة VLA 3.6cm وسواسات المياه البالغة 1.3cm، وصورا متعددة الكلور من مقراب سبيتزر الفضائي. ونعرض في هذا المجال عناصر أخرى في شكلها من هذا القبيل من خلال عمليات الرصد الإشعاعي التي كانت معروفة سابقاً في المنطقة G192-484-0.041، وقد كشفنا بوضوح في صورنا الحساسة والمتعددة الجوانب التي تمثلها 3CCm. وقد تم حل هذا الانبعاث في ثلاثة نواب مدمجة، ويهيمن على هذه العناصر كلها من الغبار ويكون لها صبغة أقل من 700AU. أما التقديرات الكتلية لهذه النواحي من 6 إلى 35 Sythun فتجد المزيد من هذه النواة، وتحتوي أيضاً على النواة التي يقابلها 1-1 (2800 AUP) من ذروة منطقة المؤتيكسيدات، وكلها هي عبارة عن الانبعاث هي: (UCHI) وهي:,S255N هو مصدر متبلد متبلد تحت الحمراء تحت تحت تحت تحت تحت يحتوي علي العديد من المؤشرات علي تكوين النجوم النشط ولكن يفتقر الي مجموعة نجميه قريبيه من الحمراء تحت الحمراء الاخره بارعه. ونحن نقدم في منتصف الحمراء تحت الحمراء الاخره من خلال الملاحظات الراديويه التي تهدف الى استكشاف الحاله التطوريه لهذه المنطقة. وتشمل ملاحظاتنا بيانات خطات مستمر ومتطال 1.3 مليمتر من Submillimeter Array، و SMA SMA 3.6 مليمتر و 1.3 مليمتر بيانات ماسير المياه، والصور IRAC متعدده اللون من تلسكوب الفضائي سبيتزر. يظهر التمثيل الكوميدي للمنطقة UCHHE المعروفه سابقا G192.584-0.041 بوضوح في صورنا الحساسه متعدده التكوين 3.6 مليمتر. وقد تم حل الانبعاث S25-SIM في ثلاث مكونات مدمره، وجميعها يهيمن علي الانبعاثات المكليثات المكليثيه، ولها تحتوي علي <MCOA1. الميزه المحتمال ان هذه النواجه المكليله من الانبعاثات المباشره من المكليله من النجوم المكليله من الانبعاثات المكليله من النجوميه الاوله الي الي الي الي الي الي الي الي الي الي الي الي الي الي الي الي الي الي الي الي الي الي الي الي الي الي الي الي الي الي الي الي الي الي الي الي الي الي الي الي الي الي الي الي الي الي الي الي الي الي الي الي الي الي الي الي الي الي الي الي الي الي الي الي الي الي الي الي الي الي الي الي الي الي الي الي الي الي الي الي الي الي الي الي الي الي الي الي الي الي الي الي الي الي الي الي الي الي الي الي الي الي الي الي الي الي الي الي الي الي الي الي الي الي الي الي الي الي الي الي الي الي الي الي الي الي الي الي الي الي الي الي الي الي الي الي الي الي الي الي الي الي الي الي الي الي الي الي الي الي الي الي الي الي الي الي الي الي الي الي الي الي الي الي الي الي الي الي الي الي الي الي الي الي الي الي
other,"The present status and understanding of the ""spectral sequence"" of blazars is
discussed in the perspective of the upcoming GLAST launch. The vast improvement
in sensitivity will allow to i) determine more objectively the ""average""
gamma-ray properties of classes objects ii) probe more deeply the ratio between
accretion power and jet power in different systems.","الوضع الحالي وفهم ""التسلسل الطيفي"" للبلازار هو
تمت مناقشته في منظور إطلاق GLAST القادم. التحسن الكبير
في حساسية تسمح لط) تحديد أكثر موضوعية ""المتوسط""
خصائص أشعة غاما من فئات الكائنات II) التحقيق أكثر عمقا في النسبة بين
قوة التراكم والطاقة النفاثة في أنظمة مختلفة.","The present status and understanding of the ""spectral sequence"" of blazars is discussed in the perspective of the upcoming GLAST launch. The vast improvement in sensitivity will allow to i) determine more objectively the ""average"" gamma-ray properties of classes objects ii) probe more deeply the ratio between accretion power and jet power in different systems.","الوضع الحالي وفهم ""التسلسل الطيفي"" للبلازار هو تمت مناقشته في منظور اطلاق GLAST القادم. التحسن الكبير في حساسيه تسمح لط) تحديد اكثر موضوعيه ""المتوسط"" خصائص اشعه غاما من فئات الكائنات II) التحقيق اكثر عمقا في النسبه بين قوه التراكم والطاقه النفاثه في انظمه مختلفه.",55,44,"يُناقش الوضع الحالي ""التسلسل الطيفي"" للبلازارز وفهمه في منظور الإطلاق القادم لـ GLAST. وسيسمح التحسن الهائل في الحساسية بـ `1` التحديد الأكثر موضوعية لخصائص ""متوسط"" أشعة غاما الخاصة بفئات الأجسام 'i') بمسح أكثر عمقاً النسبة بين قوة الامتصاص وطاقة النفاثة في نظم مختلفة.","يتم مناقشته الوضع الحالي والفهم ل ""السلسلة الطيفيه"" للشعاب النطاقي في منظور اطلاق GLAST القادم. سوف يسمح التحسن الكبير في الحساسيه (أ) بتحديد خصائص الأشعة الغاما ""المعتاد"" للفئات من الكائنات (ب) دراسه بعمق أكثر النسب بين طاقه الاكتيار والقوة النابطه في النظم المختلفه."
physics,"We present electronic structure calculations for aluminium nanocontacts.
Addressing the neck of the contact, we compare characteristic geometries to
investigate the effects of the local aluminium coordination on the electronic
states. We find that the Al 3pz states are very sensitive against modifications
of the orbital overlap, which has serious consequences for the transport
properties. Stretching of the contact shifts states towards the Fermi energy,
leaving the system instable against ferromagnetic ordering. By spacial
restriction, hybridization is locally suppressed at nanocontacts and the charge
neutrality is violated. We discuss the influence of mechanical stress by means
of quantitative results for the charge transfer.",نقدم حسابات للبنية الإلكترونية للملامسات النانوية للألومنيوم. عند تناول عنق التلامس، نقارن بين الأشكال الهندسية المميزة للتحقيق في تأثيرات التنسيق المحلي للألومنيوم على الحالات الإلكترونية. نجد أن حالات $3pz$ لذرة $\text{Al}$ حساسة جداً للتعديلات في التداخل المداري (orbital overlap)، مما له عواقب وخيمة على خصائص النقل. يؤدي شد التلامس إلى تحويل الحالات نحو طاقة فيرمي، مما يترك النظام غير مستقر ضد الترتيب المغناطيسي الحديدي (ferromagnetic ordering). عن طريق التقييد المكاني، يتم قمع التهجين (hybridization) محليًا عند الملامسات النانوية ويتم انتهاك حيادية الشحنة. نناقش تأثير الإجهاد الميكانيكي عن طريق نتائج كمية لانتقال الشحنة.,"We present electronic structure calculations for aluminium nanocontacts. Addressing the neck of the contact, we compare characteristic geometries to investigate the effects of the local aluminium coordination on the electronic states. We find that the Al 3pz states are very sensitive against modifications of the orbital overlap, which has serious consequences for the transport properties. Stretching of the contact shifts states towards the Fermi energy, leaving the system instable against ferromagnetic ordering. By spacial restriction, hybridization is locally suppressed at nanocontacts and the charge neutrality is violated. We discuss the influence of mechanical stress by means of quantitative results for the charge transfer.",نقدم حسابات للبنيه الالكترونيه للملامسات النانويه للالومنيوم. عند تناول عنق التلامس، نقارن بين الاشكال الهندسيه المميزه للتحقيق في تاثيرات التنسيق المحلي للالومنيوم علي الحالات الالكترونيه. نجد ان حالات $3pz$ لذره $\text{Al}$ حساسه جدا للتعديلات في التداخل المداري (orbital overlap)، مما له عواقب وخيمه علي خصائص النقل. يؤدي شد التلامس الي تحويل الحالات نحو طاقه فيرمي، مما يترك النظام غير مستقر ضد الترتيب المغناطيسي الحديدي (ferromagnetic ordering). عن طريق التقييد المكاني، يتم قمع التهجين (hybridization) محليا عند الملامسات النانويه ويتم انتهاك حياديه الشحنه. نناقش تاثير الاجهاد الميكانيكي عن طريق نتائج كميه لانتقال الشحنه.,103,92,نعرض حسابات البنية الإلكترونية للاتصالات النانوية من الألومنيوم. في معالجة رقبة الملامسة، نقارن الجيوميترات المميزة للتحقيق في آثار التنسيق المحلي للألمونيوم على الدول الإلكترونية. نجد أن ولايات الـ 3pz حساسة جداً ضد التعديلات في التداخل المداري، والتي لها عواقب خطيرة على خواص النقل. نوسع نقاط التلامس نحو طاقة فيرمي، تاركاً النظام غير مستقر ضد الطلب المغنطيسي الحديدي. عن طريق التقييد الحصري، يتم قمع التهجين محلياً عند التلامس النانوي ويتم انتهاك حياد الشحنة. نناقش تأثير الإجهاد الميكانيكي عن طريق النتائج الكمية لنقل الشحنة.,نقدم حسابات هيكله االكترونيه للاملامعالات النانو الملمنيوميه. معالجه رقبة الاتصال، ونقارن هندسهات خصائصيه لاستكشاف تأثير التنسيق المحلي لالملمنيوم علي الحالات الالكترونيه. ونحن نكتشف ان الحالات ال 3pz الحساسه جدا ضد تغييرات التداخل المداري، والتي لها عواقب خطيره علي خصائص النقل. تمديد الحالات التحولات الاتصال نحو طاقه فيرمي، مما يترك النظام غير مستقره ضد التنظيم السوداني. من خلال قيود الفضاء، يتم قمع التشجيع محليا في الاتصالات النانو، وينتهك الحياديه. نناقش تأثير التوتر الميكاني عن طريق النتائج الكمييه لنقل الشحن.
other,"By using tools of time-frequency analysis, we obtain some improved local
well-posedness results for the NLS, NLW and NLKG equations with Cauchy data in
modulation spaces $M{p, 1}_{0,s}$.","باستخدام أدوات تحليل التردد الزمني، نحصل على بعض النتائج المحسّنة لحسن التحديد الموضعي لمعادلات NLS و NLW و NLKG مع معطيات كوشي في فضاءات التعديل $M{p, 1}_{0,s}$.","By using tools of time-frequency analysis, we obtain some improved local well-posedness results for the NLS, NLW and NLKG equations with Cauchy data in modulation spaces $M{p, 1}_{0,s}$.","باستخدام ادوات تحليل التردد الزمني، نحصل علي بعض النتائج المحسنه لحسن التحديد الموضعي لمعادلات NLS و NLW و NLKG مع معطيات كوشي في فضاءات التعديل $M{p, 1}_{0,s}$.",28,27,"وباستخدام أدوات تحليل الوقت والتردد، نحصل على بعض النتائج المحسّنة للمكانات المحلية الجيدة بالنسبة لمعادلات NLS و NLW و NLKG مع بيانات كاوشي في المساحات التعديلية $M {p, 1}__ {0.s}.","باستخدام أدوات تحليل التردد الزمني، نحصل علي بعض نتائج الملائمة المحلية المحسنة لمعادلات NLS و NLW و NLKG مع بيانات كوشي في المساحات التكيفيه $M{p، 1}_{0,s}$."
physics,"This paper discusses the benefits of describing the world as information,
especially in the study of the evolution of life and cognition. Traditional
studies encounter problems because it is difficult to describe life and
cognition in terms of matter and energy, since their laws are valid only at the
physical scale. However, if matter and energy, as well as life and cognition,
are described in terms of information, evolution can be described consistently
as information becoming more complex.
  The paper presents eight tentative laws of information, valid at multiple
scales, which are generalizations of Darwinian, cybernetic, thermodynamic,
psychological, philosophical, and complexity principles. These are further used
to discuss the notions of life, cognition and their evolution.","تناقش هذه الورقة فوائد وصف العالم بأنه معلومات.
خاصة في دراسة تطور الحياة والإدراك. التقليدية التقليدية التقليدية
تواجه الدراسات مشاكل لأنه من الصعب وصف الحياة.
المعرفة من حيث المادة والطاقة ، لأن قوانينها صالحة فقط في
المقياس المادي. ومع ذلك ، إذا كانت المادة والطاقة ، وكذلك الحياة والإدراك ،
يتم وصفها من حيث المعلومات ، يمكن وصف التطور باستمرار
المعلومات تصبح أكثر تعقيدا.
تقدم الورقة ثمانية قوانين مبدئية للمعلومات، صالحة لعدة قوانين
المقاييس ، والتي هي تعميمات الداروينية ، السيبرنيتيك ، الديناميكا الحرارية ،
المبادئ النفسية والفلسفية والتعقيد. وتستخدم هذه أيضا
لمناقشة مفاهيم الحياة والإدراك وتطورها.","This paper discusses the benefits of describing the world as information, especially in the study of the evolution of life and cognition. Traditional studies encounter problems because it is difficult to describe life and cognition in terms of matter and energy, since their laws are valid only at the physical scale. However, if matter and energy, as well as life and cognition, are described in terms of information, evolution can be described consistently as information becoming more complex. The paper presents eight tentative laws of information, valid at multiple scales, which are generalizations of Darwinian, cybernetic, thermodynamic, psychological, philosophical, and complexity principles. These are further used to discuss the notions of life, cognition and their evolution.",تناقش هذه الورقه فوائد وصف العالم بانه معلومات. خاصه في دراسه تطور الحياه والادراك. التقليديه التقليديه التقليديه تواجه الدراسات مشاكل لانه من الصعب وصف الحياه. المعرفه من حيث الماده والطاقه ، لان قوانينها صالحه فقط في المقياس المادي. ومع ذلك ، اذا كانت الماده والطاقه ، وكذلك الحياه والادراك ، يتم وصفها من حيث المعلومات ، يمكن وصف التطور باستمرار المعلومات تصبح اكثر تعقيدا. تقدم الورقه ثمانيه قوانين مبدئيه للمعلومات، صالحه لعده قوانين المقاييس ، والتي هي تعميمات الداروينيه ، السيبرنيتيك ، الديناميكا الحراريه ، المبادئ النفسيه والفلسفيه والتعقيد. وتستخدم هذه ايضا لمناقشه مفاهيم الحياه والادراك وتطورها.,116,97,وتناقش هذه الورقة فوائد وصف العالم بأنه معلومات، لا سيما في دراسة تطور الحياة والإدراك، فالدراسات التقليدية تواجه مشاكل بسبب صعوبة وصف الحياة والإدراك من حيث المادة والطاقة، لأن قوانينها لا تكون صالحة إلا على النطاق المادي، ولكن إذا وصفت المادة والطاقة، فضلاً عن الحياة والإدراك، من حيث المعلومات، يمكن وصف التطور على نحو متسق على أنه المعلومات التي أصبحت أكثر تعقيداً، وتعرض الورقة ثمانية قوانين مؤقتة للمعلومات، صالحة على مستويات متعددة، وهي تعميمات لمبادئ الداروينية، والإلكترونية، والحرارية، والدينامية، والنفسانية، والفلسفية، والتعقيد، وهي مبادئ تستخدم أيضاً لمناقشة مفاهيم الحياة، والإدراك وتطورها.,وتناقش هذه الورقه فوائد وصف العالم كمعلومات، وخاصه في دراسه تطور الحياة والمعرفة. تواجه الدراسات التقليديه مشاكل لأنه من الصعب وصف الحياة والمعرفة من حيث المادة والطاقة، حيث أن قوانينها صالحه فقط في المقياس المادي. ومع ذلك، إذا وصفت المادة والطاقة، وكذلك الحياة والمعرفة، من حيث المعلومات، يمكن وصف التطور بشكل متسق، حيث تصبح المعلومات أكثر تعقيدا. يقدم الورقه ثمانيه قوانين مقدمه للمعلومات، صالحه علي مقاييس متعدده، والتي هي تعميمات لمبادئ داروين، والسيبرونيات، والديناميكا الحراريه، والنفسيه، والفلسفيه، وتعقيد استخدامها لمناقش مفاهيم الحياة والمعرفة وتطورها.
physics,"We construct a new random probability measure on the sphere and on the unit
interval which in both cases has a Gibbs structure with the relative entropy
functional as Hamiltonian. It satisfies a quasi-invariance formula with respect
to the action of smooth diffeomorphism of the sphere and the interval
respectively. The associated integration by parts formula is used to construct
two classes of diffusion processes on probability measures (on the sphere or
the unit interval) by Dirichlet form methods. The first one is closely related
to Malliavin's Brownian motion on the homeomorphism group. The second one is a
probability valued stochastic perturbation of the heat flow, whose intrinsic
metric is the quadratic Wasserstein distance. It may be regarded as the
canonical diffusion process on the Wasserstein space.",ننشئ مقياسًا جديدًا للاحتمال العشوائي  على الكرة وعلى الفترة الواحدة، فهو في كلتا الحالتين يمتلك في  بنية غيبس تكون فيها دالة الإنتروبيا النسبية بمثابة هاملتوني. فهو يحقق صيغة شبه ثبات بالنسبة لتأثير التحويل التفاضلي السلس للكرة والفترة على الترتيب. تُستخدم صيغة التكامل بالأجزاء المرتبطة لإنشاء فئتين من عمليات الانتشار على مقاييس الاحتمال (على الكرة أو الفترة الوحدة) وذلك باستخدام طرق نموذج ديريخليه. ترتبط الفئة الأولى ارتباطًا وثيقًا بالحركة البراونية لماليافين على مجموعة التشاكل التوبولوجي. والثانية هي اضطراب عشوائي بقيم احتمالية للتدفق الحراري، الذي مقياسه الجوهري هو مسافة فاسرشتاين التربيعية. يمكن اعتبارها عملية الانتشار المعيارية على فضاء فاسرشتاين.,"We construct a new random probability measure on the sphere and on the unit interval which in both cases has a Gibbs structure with the relative entropy functional as Hamiltonian. It satisfies a quasi-invariance formula with respect to the action of smooth diffeomorphism of the sphere and the interval respectively. The associated integration by parts formula is used to construct two classes of diffusion processes on probability measures (on the sphere or the unit interval) by Dirichlet form methods. The first one is closely related to Malliavin's Brownian motion on the homeomorphism group. The second one is a probability valued stochastic perturbation of the heat flow, whose intrinsic metric is the quadratic Wasserstein distance. It may be regarded as the canonical diffusion process on the Wasserstein space.",ننشئ مقياسا جديدا للاحتمال العشوائي علي الكره وعلي الفتره الواحده، فهو في كلتا الحالتين يمتلك في بنيه غيبس تكون فيها داله الانتروبيا النسبيه بمثابه هاملتوني. فهو يحقق صيغه شبه ثبات بالنسبه لتاثير التحويل التفاضلي السلس للكره والفتره علي الترتيب. تستخدم صيغه التكامل بالاجزاء المرتبطه لانشاء فئتين من عمليات الانتشار علي مقاييس الاحتمال (علي الكره او الفتره الوحده) وذلك باستخدام طرق نموذج ديريخليه. ترتبط الفئه الاولي ارتباطا وثيقا بالحركه البراونيه لماليافين علي مجموعه التشاكل التوبولوجي. والثانيه هي اضطراب عشوائي بقيم احتماليه للتدفق الحراري، الذي مقياسه الجوهري هو مسافه فاسرشتاين التربيعيه. يمكن اعتبارها عمليه الانتشار المعياريه علي فضاء فاسرشتاين.,127,97,ننشئ مقياساً عشوائياً جديداً على المجال وعلى فاصل الوحدة والذي في كلتا الحالتين له هيكل جيبس مع antropy العامل النسبي كما هاميلتونيان. وهو يقنع صيغة شبه متغيرة فيما يتعلق بالعمل من سلاسة Diefoformism للكرة والفاصلة على التوالي. التكامل المرتبط بصيغة الأجزاء يستخدم لبناء فئتين من عمليات الانتشار على قياسات الاحتمال (على المجال أو فاصل الوحدة) بواسطة طرق شكل Dirichlet. الأول يرتبط ارتباطاً وثيقاً بحركة البنيان في مالليافين على المجموعة الترميزية المنزلية. والثاني هو احتمالية تقديرية التأرجح التشافستي لتدفق الحرارة، الذي يكون مقياسه الجوهري هو مسافة Wasersstein التربيعية. قد ينظر إليه على أنه عملية الانتشار الكنسي على مساحة واسرستين.,نطور مقياسا جديدا عشوائيا من الاحتمالات علي الكرة وعلى فاصل الوحده، والذي في كلتا الحالتين يحتوي علي هيكل غيبز مع الانتروبيا النسبيه وظيفيه مثل هاميلتونيه. يلبي صيغه شبه عدم التغير فيما يتعلق بتصرف التباين التفاضلي السلس للكرة والفاصل، على التوالي. يستخدم صيغه التكامل المرتبط بالجزءات لبناء فئتين من عمليات التوزيع علي قياسات الاحتمال (على الكرة او الفاصل الوحده) بواسطه طرق طريقه دينار ديريتشلت. والاول مرتبط ارتباطا وثيقا بزياره براونيه ماليافين علي مجموعة الهوميمومورفيزم. والثاني هو تحررث استوتشاسطي قيمه احتماليا لتدفق الحراره، والذي هي متريكه ذاتيه الوصفيه التربيعيه لويستين. يمكن اعتباره الاختراق الكنوني علي الفضاء الواسع.
physics,"We describe how to recover the quantum numbers of extremal black holes from
their near horizon geometries. This is achieved by constructing the
gravitational Noether-Wald charges which can be used for non-extremal black
holes as well. These charges are shown to be equivalent to the U(1) charges of
appropriately dimensionally reduced solutions. Explicit derivations are
provided for 10 dimensional type IIB supergravity and 5 dimensional minimal
gauged supergravity, with illustrative examples for various black hole
solutions. We also discuss how to derive the thermodynamic quantities and their
relations explicitly in the extremal limit, from the point of view of the
near-horizon geometry. We relate our results to the entropy function formalism.",نصف كيفية استخلاص الأعداد الكمومية للثقوب السوداء القصوى من هندساتها القريبة من الأفق. يتحقق ذلك عن طريق بناء شحنات نويثر-فالد الثقالية، التي يمكن استخدامها أيضاً للثقوب السوداء غير القصوى. يُظهر أن هذه الشحنات مكافئة لشحنات U(1) للحلول المخفضة أبعادياً بشكل مناسب. تُقدم اشتقاقات صريحة لكل من الجاذبية الفائقة من النوع IIB ذات الأبعاد العشرة والجاذبية الفائقة المعايرة الصغرى ذات الأبعاد الخمسة، مع أمثلة توضيحية لحلول مختلفة للثقوب السوداء. كما نناقش كيفية اشتقاق الكميات الثرموديناميكية وعلاقاتها بشكل صريح في الحد الأقصى، من وجهة نظر هندسة الأفق القريب. نربط نتائجنا بصيغة دالة الانتروبيا.,"We describe how to recover the quantum numbers of extremal black holes from their near horizon geometries. This is achieved by constructing the gravitational Noether-Wald charges which can be used for non-extremal black holes as well. These charges are shown to be equivalent to the U(1) charges of appropriately dimensionally reduced solutions. Explicit derivations are provided for 10 dimensional type IIB supergravity and 5 dimensional minimal gauged supergravity, with illustrative examples for various black hole solutions. We also discuss how to derive the thermodynamic quantities and their relations explicitly in the extremal limit, from the point of view of the near-horizon geometry. We relate our results to the entropy function formalism.",نصف كيفيه استخلاص الاعداد الكموميه للثقوب السوداء القصوي من هندساتها القريبه من الافق. يتحقق ذلك عن طريق بناء شحنات نويثر-فالد الثقاليه، التي يمكن استخدامها ايضا للثقوب السوداء غير القصوي. يظهر ان هذه الشحنات مكافئه لشحنات U(1) للحلول المخفضه ابعاديا بشكل مناسب. تقدم اشتقاقات صريحه لكل من الجاذبيه الفائقه من النوع IIB ذات الابعاد العشره والجاذبيه الفائقه المعايره الصغري ذات الابعاد الخمسه، مع امثله توضيحيه لحلول مختلفه للثقوب السوداء. كما نناقش كيفيه اشتقاق الكميات الثرموديناميكيه وعلاقاتها بشكل صريح في الحد الاقصي، من وجهه نظر هندسه الافق القريب. نربط نتائجنا بصيغه داله الانتروبيا.,111,91,نصف كيفية استعادة الأعداد الكمية من الثقوب السوداء الطرفية من أغوارها القريبة من الأرض، ويتحقق ذلك من خلال بناء رسومات Noether-Wald التي يمكن استخدامها في الثقوب السوداء غير المتطرفة أيضاً. هذه الرسوم تظهر على أنها معادلة لشحنات U(1) من الحلول المخفضة الأبعاد المناسبة. يتم توفير مشتقات واضحة لـ 10 أبعاد من النوع IIIB الجاذبية الفائقة و5 أبعاد الجاذبية الفائقة الدنيا المقيسة الدنيا، مع أمثلة توضيحية لمختلف حلول الثقب الأسود. ونناقش أيضاً كيفية اشتقاق الكميات الديناميكية الحرارية وعلاقاتها صراحة في الحد الأقصى، من وجهة نظر الهندسة القريبة من الأفق. نربط نتائجنا بوظيفة الإقتصادية.,نصف كيفية استعادة العدودي الكمومي للثقوب السوداء التطرفيه من هندسياتها القريبه. يتم تحقيق هذا عن طريق بناء الشحوم الجاذبيه نوثر وولد التي يمكن استخدامها للثقوب السوداء غير التطرفيه ايضا. تظهر ان هذه الشحوم تعادل اشحنات U(1) من حلول خفض بعديا بشكل مناسب. يتم توفير مشتقات صريحه لجاذبيه فائقه من نوع IIB 10-الابع والجاذبيه فائقه من الدرجات الحد الاوليه 5 الابعاد، مع مثالات توضيحيه لحلول الثقوب السوداء المختلفه. ونناقش ايضا كيفية استنبذ الكميات الحراريه الديناميكيه وعلاقاتها صريحه في الحد التطرفي، من وجهة نظر هندسه القريبه الي المقياس. نربط نتائجنا الى وظائفيه الانتروبيا.
physics,"We describe results of a narrow band search for ultra-strong emission line
galaxies (USELs) with EW(H beta) > 30 A. 542 candidate galaxies are found in a
half square degree survey using two ~100 Angstrom 8150 A and 9140 A filters
with Subaru/SuprimeCam. Followup spectroscopy for randomly selected objects in
the sample with KeckII/DEIMOS shows they consist of [OIII] 5007, [OII] 3727,
and H alpha selected strong-emission line galaxies at intermediate redshifts (z
< 1), and Ly alpha emitting galaxies at high-redshift (z >> 5). We determine
the H beta luminosity functions and the star formation density of the USELs,
which is 5-10% of the value found from ultraviolet continuum objects at z=0-1,
suggesting they correspond to a major epoch in galaxy formation at these
redshifts. Many USELs show the temperature-sensitive [OIII] 4363 auroral lines
and about a dozen have oxygen abundances characteristic of eXtremely Metal Poor
Galaxies (XMPGs). These XMPGs are the most distant known today. Our high yield
rate of XMPGs suggests this is a powerful method for finding such populations.
The lowest metallicity measured in our sample is 12+log(O/H) = 7.06
(6.78-7.44), close to the minimum metallicity found in local galaxies. The
luminosities, metallicities and star formation rates of USELs are consistent
with the strong emitters being start-up intermediate mass galaxies and suggest
that galaxies are still forming in relatively chemically pristine sites at z <
1.",نصف نتائج بحث ضيق النطاق عن مجرات خطوط الانبعاث فائقة القوة (USELs) بـ $EW(H\beta) > 30 \text{ \AA}$. تم العثور على 542 مجرة مرشحة في مسح بمساحة نصف درجة مربعة باستخدام مرشحين بعرض ~100 أنغستروم عند 8150 \AA و 9140 \AA باستخدام كاميرا Subaru/SuprimeCam. أظهر التحليل الطيفي للمتابعة (Followup spectroscopy) للأجسام المختارة عشوائيًا في العينة باستخدام KeckII/DEIMOS أنها تتكون من مجرات خطوط الانبعاث القوية المختارة بواسطة [OIII] 5007 و [OII] 3727 و H alpha عند انزياحات حمراء متوسطة ($z < 1$)، ومجرات باعثة لـ Ly alpha عند انزياح أحمر مرتفع ($z \gg 5$). نحدد دوال لمعان H beta وكثافة تكوين النجوم لمجرات USELs، والتي تمثل 5-10٪ من القيمة التي تم العثور عليها من أجسام الطيف المستمر فوق البنفسجي عند $z=0-1$، مما يشير إلى أنها تتوافق مع حقبة رئيسية في تكوين المجرات عند هذه الانزياحات الحمراء. تظهر العديد من مجرات USELs خطوط الشفق [OIII] 4363 الحساسة لدرجة الحرارة، وحوالي اثني عشر منها لديها وفرة أكسجين مميزة للمجرات شديدة الفقر بالمعادن (XMPGs). هذه المجرات XMPGs هي الأكثر بعدًا المعروفة اليوم. يشير معدل إنتاجنا المرتفع لهذه المجرات XMPGs إلى أن هذه طريقة قوية للعثور على مثل هذه المجموعات. أقل معدنية تم قياسها في عينتنا هي $12+\log(O/H) = 7.06 (6.78-7.44)$، وهي قريبة من الحد الأدنى للمعدنية الموجودة في المجرات المحلية. تتوافق لمعان ومعدنية ومعدلات تكوين النجوم لـ USELs مع كون البواعث القوية مجرات ناشئة ذات كتلة متوسطة، وتشير إلى أن المجرات لا تزال تتشكل في مواقع نقية كيميائيًا نسبيًا عند $z < 1$.,"We describe results of a narrow band search for ultra-strong emission line galaxies (USELs) with EW(H beta) > 30 A. 542 candidate galaxies are found in a half square degree survey using two ~100 Angstrom 8150 A and 9140 A filters with Subaru/SuprimeCam. Followup spectroscopy for randomly selected objects in the sample with KeckII/DEIMOS shows they consist of [OIII] 5007, [OII] 3727, and H alpha selected strong-emission line galaxies at intermediate redshifts (z > 5). We determine the H beta luminosity functions and the star formation density of the USELs, which is 5-10% of the value found from ultraviolet continuum objects at z=0-1, suggesting they correspond to a major epoch in galaxy formation at these redshifts. Many USELs show the temperature-sensitive [OIII] 4363 auroral lines and about a dozen have oxygen abundances characteristic of eXtremely Metal Poor Galaxies (XMPGs). These XMPGs are the most distant known today. Our high yield rate of XMPGs suggests this is a powerful method for finding such populations. The lowest metallicity measured in our sample is 12+log(O/H) = 7.06 (6.78-7.44), close to the minimum metallicity found in local galaxies. The luminosities, metallicities and star formation rates of USELs are consistent with the strong emitters being start-up intermediate mass galaxies and suggest that galaxies are still forming in relatively chemically pristine sites at z < 1.",نصف نتائج بحث ضيق النطاق عن مجرات خطوط الانبعاث فائقه القوه (USELs) ب $EW(H\beta) > 30 \text{ \AA}$. تم العثور علي 542 مجره مرشحه في مسح بمساحه نصف درجه مربعه باستخدام مرشحين بعرض ~100 انغستروم عند 8150 \AA و 9140 \AA باستخدام كاميرا Subaru/SuprimeCam. اظهر التحليل الطيفي للمتابعه (Followup spectroscopy) للاجسام المختاره عشوائيا في العينه باستخدام KeckII/DEIMOS انها تتكون من مجرات خطوط الانبعاث القويه المختاره بواسطه [OIII] 5007 و [OII] 3727 و H alpha عند انزياحات حمراء متوسطه ($z < 1$)، ومجرات باعثه ل Ly alpha عند انزياح احمر مرتفع ($z \gg 5$). نحدد دوال لمعان H beta وكثافه تكوين النجوم لمجرات USELs، والتي تمثل 5-10٪ من القيمه التي تم العثور عليها من اجسام الطيف المستمر فوق البنفسجي عند $z=0-1$، مما يشير الي انها تتوافق مع حقبه رئيسيه في تكوين المجرات عند هذه الانزياحات الحمراء. تظهر العديد من مجرات USELs خطوط الشفق [OIII] 4363 الحساسه لدرجه الحراره، وحوالي اثني عشر منها لديها وفره اكسجين مميزه للمجرات شديده الفقر بالمعادن (XMPGs). هذه المجرات XMPGs هي الاكثر بعدا المعروفه اليوم. يشير معدل انتاجنا المرتفع لهذه المجرات XMPGs الي ان هذه طريقه قويه للعثور علي مثل هذه المجموعات. اقل معدنيه تم قياسها في عينتنا هي $12+\log(O/H) = 7.06 (6.78-7.44)$، وهي قريبه من الحد الادني للمعدنيه الموجوده في المجرات المحليه. تتوافق لمعان ومعدنيه ومعدلات تكوين النجوم ل USELs مع كون البواعث القويه مجرات ناشئه ذات كتله متوسطه، وتشير الي ان المجرات لا تزال تتشكل في مواقع نقيه كيميائيا نسبيا عند $z < 1$.,220,239,نصف نتائج بحث نطاق ضيق عن المجرات في خط الانبعاث (USELs) مع EW(H Beta) > 30 A. 542 المجرات المرشحة موجودة في دراسة استقصائية نصف معدنية باستخدام اثنين - 100 Agstrrom 8150 A و9140 A مرشّحة بكثافة SSub-RO/SPRIMCAM. وتُظهر متابعة طيف طيف للأجسام المختارة عشوائياً في العينة مع KikkII/DEMOS أنها تتكون من [OIII] 5007، [OII] 3727، وألفا مختارة من سلّم قوي-الانبعاثات من المجرات المتوسطة (z > 5) ونحن نحدد وظائف التلويث بيتا H بيتا وكثافة تكوين نجمي USELs، وهي 5-10 في المائة من القيمة المكتشفة من الأجسام البطولية فوق البنفسجية عند z0-1، مما يشير إلى أنها تناظر مع أحد الأجسام الرئيسية في تكوين المجرة عند هذه التحولات الحمراء، وكثير من هذه الانجازات تُبيّن المواقع المُحدّدة درجة الحرارة -,ونصف نتائج بحث في الشريط الضيق للكواكب ذات خطوط الانبعاثات القوية للغاية (USELs) مع EW(H beta) > 30 A. ووجد 542 مجرة مرشحه في مسح نصف درجة مربعه باستخدام اثنين من ~100 Angstrom 8150 A و 9140 A مرشحين مع Subaru/SuprimeCam. تظهر التشريحات التتابع للمجوهات المختارة عشوائيا في العينيه مع KeckII/DEIMOS أنها تتكون من [OIII] 5007، [OII] 3727، و H الفا المنتخبة من المجوهات ذات خطوط الانبعاثات القوية في الارتفاع الاحمر المتوسط (z > 5). ونحن تحدد وظائف بيتا H وضمعه تشكيل النجوم USELs، والتي هي 5-10% من القيمة التي وجدها من كائنات متواصل فوق البنفسج عند z=0-1G، مما يوحي ان العديد منها تتوافق مع عصرا رئيسيا في هذه الطرق الحمراء. يظهر العينات المعدل المعدليه المعدليه في الولايات المتحدة (XOIII) ، والتي تبين ان هذه المجوهات المعدل المعدليه القويله في الدرجه المعدل المعدليه (XO3.6+7.6+7.6). وتظهر هذه المعدل المعدل المعدل المعدل المعدل المعدليه في المعدل المعدل المعدل (XO3.6+7.6+7.6+7.6). وتظهر هذه المعدل المعدل المعدل المعدل المعدل المعدل المعدل المعدل المعدل المنتقل.
mathematics,"An n-homomorphism between algebras is a linear map $\phi : A \to B$ such that
$\phi(a_1 ... a_n) = \phi(a_1)... \phi(a_n)$ for all elements $a_1, >..., a_n
\in A.$ Every homomorphism is an n-homomorphism, for all n >= 2, but the
converse is false, in general. Hejazian et al. [7] ask: Is every *-preserving
n-homomorphism between C*-algebras continuous? We answer their question in the
affirmative, but the even and odd n arguments are surprisingly disjoint. We
then use these results to prove stronger ones: If n >2 is even, then $\phi$ is
just an ordinary *-homomorphism. If n >= 3 is odd, then $\phi$ is a difference
of two orthogonal *-homomorphisms. Thus, there are no nontrivial *-linear
n-homomorphisms between C*-algebras.","التشاكل من الرتبة n (n-تشاكل) بين الجبرات هو تطبيق خطي $\phi : A \to B$ بحيث $\phi(a_1 ... a_n) = \phi(a_1)... \phi(a_n)$ لجميع العناصر $a_1, ..., a_n \in A.$ كل تشاكل هو n-تشاكل، لكل n >= 2، لكن العكس غير صحيح بشكل عام. يتساءل حجازيان وآخرون [7]: هل كل n-تشاكل حافِظ للنجمة بين جبر-*C متصل؟ نجيب على سؤالهم بالإيجاب، لكن حجج n الزوجية والفردية منفصلة بشكل مفاجئ. ثم نستخدم هذه النتائج لإثبات نتائج أقوى: إذا كان n > 2 عددًا زوجيًا، فإن $\phi$ يكون مجرد تشاكل نجمة عادي. إذا كان n >= 3 عددًا فرديًا، فإن $\phi$ هو فرق بين تشاكلين نجمة متعامدين. وبالتالي، لا توجد n-تشاكلات خطية نجمية غير تافهة بين جبر-*C.","An n-homomorphism between algebras is a linear map $\phi : A \to B$ such that $\phi(a_1 ... a_n) = \phi(a_1)... \phi(a_n)$ for all elements $a_1, >..., a_n \in A.$ Every homomorphism is an n-homomorphism, for all n >= 2, but the converse is false, in general. Hejazian et al. [7] ask: Is every *-preserving n-homomorphism between C*-algebras continuous? We answer their question in the affirmative, but the even and odd n arguments are surprisingly disjoint. We then use these results to prove stronger ones: If n >2 is even, then $\phi$ is just an ordinary *-homomorphism. If n >= 3 is odd, then $\phi$ is a difference of two orthogonal *-homomorphisms. Thus, there are no nontrivial *-linear n-homomorphisms between C*-algebras.","التشاكل من الرتبه n (n-تشاكل) بين الجبرات هو تطبيق خطي $\phi : A \to B$ بحيث $\phi(a_1 ... a_n) = \phi(a_1)... \phi(a_n)$ لجميع العناصر $a_1, ..., a_n \in A.$ كل تشاكل هو n-تشاكل، لكل n >= 2، لكن العكس غير صحيح بشكل عام. يتساءل حجازيان واخرون [7]: هل كل n-تشاكل حافظ للنجمه بين جبر-*C متصل؟ نجيب علي سؤالهم بالايجاب، لكن حجج n الزوجيه والفرديه منفصله بشكل مفاجئ. ثم نستخدم هذه النتائج لاثبات نتائج اقوي: اذا كان n > 2 عددا زوجيا، فان $\phi$ يكون مجرد تشاكل نجمه عادي. اذا كان n >= 3 عددا فرديا، فان $\phi$ هو فرق بين تشاكلين نجمه متعامدين. وبالتالي، لا توجد n-تشاكلات خطيه نجميه غير تافهه بين جبر-*C.",120,113,"n-homoferation بين الجبريات هي خريطة خطية. phy(a_1... a_n) = phi(phi(a_1) a_1..)/phi(a_n) دولار لجميع العناصر a__1,... a_n\in A.","التشابه المتماثل بين الجبرات هو خريطه خطيه $\phi: A \to B$ بحيث $\phi(a_1 ... a_n) = \phi(a_1)... \phi(a_n) $ لجميع العناصر $a_1, >..., a_n \in A.$ كل التشابه هو n-homomorphism، لجميع n >= 2, ولكن العكس هو خاطئ، بشكل عام. Hejazian et al. [7] تسأل: هل كل *- الحفاظ على التشابه المتماثل بين الجبرات C * مستمر؟ نحن نجيب على سؤاله بشكل إيجابي، ولكن الحجج الحادث و n متناقص بشكل غريب. ثم نثبت استخدام هذه النتائج لتقوية: n $ >2 هو، ثم \$ هو عادي *-homomorphism. ثم N $ 3 $ هو فرق الحالي بين الجبرات C *، وبالتالي، لا يوجد فرق حادي في الحدود الحادثي."
physics,"To explain the cosmic speed up, brought to light by the recent SNIa and CMB
observations, we propose the following: a) In a spacetime endowed with a FRW
metric, we choose an empirical scale factor that best explains the
observations. b) We assume a modified gravity, generated by an unspecified
field lagrangian, $f(R)$. c) We use the adopted empirical scale factor to work
back retroactively to obtain $f(R)$, hence the term `Inverse $f(R)$'. d) Next
we consider the classic GR and a conventional FRW universe that, in addition to
its known baryonic content, possesses a hypothetical `Dark Energy' component.
We compare the two scenarios, and find the density, the pressure, and the
equation of the state of the Dark Energy required to make up for the
differences between the conventional and the modified GR models.",الأهداف: نحلل المعلومات المتاحة عن النجم BD+43 3654 للتحقيق في احتمالية أن يكون أصله في تجمع OB2 الدائري الضخم. الأساليب: نقدم ملاحظات طيفية جديدة تسمح بتصنيف طيفي موثوق للنجم، ونناقش ملاحظات MSX الحالية لموجة الصدمة القوسية (bow المرتبطة به والمعلومات الفلكية الموضعية التي لم تُدرس سابقًا. النتائج: تكشف ملاحظاتنا أن BD+43 3654 هو نجم مبكر جدًا ومضيء من النوع الطيفي $\text{O4If}$، بكتلة تقديرية تبلغ $(70 \pm 15)$ كتلة شمسية وعمر حوالي $1.6 \text{ مليون سنة}$. تتيح لنا الدقة المكانية العالية لملاحظات MSX تحديد اتجاه حركته في مستوى السماء بواسطة محور التناظر لموجة الصدمة القوسية المحددة جيدًا، والذي يتطابق جيدًا مع الاتجاه المتوقع من الحركة الذاتية. بتتبع مساره عبر السماء نجد أن BD+43 3654 كان يقع بالقرب من المنطقة المركزية والأكثر كثافة في Cygnus OB2 في وقت في الماضي مشابه لعمره التقديري. الاستنتاجات: تبين أن BD+43 3654 هو واحد من أكبر ثلاثة نجوم هاربة (runaway stars) معروفة كتلة، ومن المرجح أنه تشكل في المنطقة المركزية من Cygnus OB2. تتفق آلية التكوين الهارب عن طريق القذف الديناميكي مع نتائجنا.,"To explain the cosmic speed up, brought to light by the recent SNIa and CMB observations, we propose the following: a) In a spacetime endowed with a FRW metric, we choose an empirical scale factor that best explains the observations. b) We assume a modified gravity, generated by an unspecified field lagrangian, $f(R)$. c) We use the adopted empirical scale factor to work back retroactively to obtain $f(R)$, hence the term `Inverse $f(R)$'. d) Next we consider the classic GR and a conventional FRW universe that, in addition to its known baryonic content, possesses a hypothetical `Dark Energy' component. We compare the two scenarios, and find the density, the pressure, and the equation of the state of the Dark Energy required to make up for the differences between the conventional and the modified GR models.",الاهداف: نحلل المعلومات المتاحه عن النجم BD+43 3654 للتحقيق في احتماليه ان يكون اصله في تجمع OB2 الدائري الضخم. الاساليب: نقدم ملاحظات طيفيه جديده تسمح بتصنيف طيفي موثوق للنجم، ونناقش ملاحظات MSX الحاليه لموجه الصدمه القوسيه (bow المرتبطه به والمعلومات الفلكيه الموضعيه التي لم تدرس سابقا. النتائج: تكشف ملاحظاتنا ان BD+43 3654 هو نجم مبكر جدا ومضيء من النوع الطيفي $\text{O4If}$، بكتله تقديريه تبلغ $(70 \pm 15)$ كتله شمسيه وعمر حوالي $1.6 \text{ مليون سنه}$. تتيح لنا الدقه المكانيه العاليه لملاحظات MSX تحديد اتجاه حركته في مستوي السماء بواسطه محور التناظر لموجه الصدمه القوسيه المحدده جيدا، والذي يتطابق جيدا مع الاتجاه المتوقع من الحركه الذاتيه. بتتبع مساره عبر السماء نجد ان BD+43 3654 كان يقع بالقرب من المنطقه المركزيه والاكثر كثافه في Cygnus OB2 في وقت في الماضي مشابه لعمره التقديري. الاستنتاجات: تبين ان BD+43 3654 هو واحد من اكبر ثلاثه نجوم هاربه (runaway stars) معروفه كتله، ومن المرجح انه تشكل في المنطقه المركزيه من Cygnus OB2. تتفق اليه التكوين الهارب عن طريق القذف الديناميكي مع نتائجنا.,135,167,ولتوضيح السرعة الكونية، التي أبرزتها الملاحظات الأخيرة الصادرة عن مجلس الأمن الوطني ومجلس الوزراء، نقترح ما يلي: (أ) في وقت فراغي مزوّد بمقياس للضوء، نختار عامل نطاق تجريبي يفسر الملاحظات على أفضل وجه. (ب) نفترض جاذبية معدلة، تولّدها حقل غير محدد، وهو لاغرانجي، و(ف) دولار. (ج) نستخدم عامل الجدول التجريبي المعتمد للعمل بأثر رجعي للحصول على دولار (ر ر) من دولارات الولايات المتحدة، ومن ثمّ مصطلح 'بالكبس دولار (و)`. د).,لشرح السرعه الكونيه التي تظهر في النور من خلال ملاحظات SNIa و CMB الحديثه، نقترح ما يلي: (أ) في فقه الوقت الموهوب بمقياس FRW، نختار عامل مقياس تجريبي يفسر الملاحظات بشكل افضل. (ب) نفترض جاذبيه معدله، ويتولدها للارنجيانيه غير محدده، $f(R) $. (ج) نستخدم عامل مقياس تجريبي اعتمد للعمل مرة أخرى بشكل رجعي للحصول علي $f(R) $، وبالتالي نعتبر GR الكلاسيكي و FRW كائن تقليدي، والتي، بالإضافة الي محتوى FRW باريونيها المعروف، تمتلك عنصر طاقه ظلامي افتراضي. نقارن السيناريين، ونجد كثافه وضغط، وحاله الطاقة المظلمه المطلوبه لتشكيل الاختلافات بين النماذج GR و FRW التقليدي. ونجد اختلافات الدرجه المعدله بين النماذج GR و GR.
physics,"The model considered in the paper is used nowadays to describe spin dynamics
of quantum dots after optical excitation. Based on the exact diagonalization of
a model Hamiltonian, we solve the problems of the electron spin polarization
decay and magnetic field dependence of the steady state polarization. The
important role of the nuclear state is shown and methods of its calculation for
different regimes of optical excitation are proposed. The effect of spin echo
observed after application of the magnetic field $\pi$-pulse is predicted.","يستخدم النموذج الذي تم النظر فيه في الورقة في الوقت الحاضر لوصف ديناميات الدوران
من النقاط الكمومية بعد الإثارة البصرية. استنادا إلى القطر الدقيق ل
نموذج هاملتونيان، ونحن حل المشاكل من الإلكترون تدور الاستقطاب
الاضمحلال واعتماد المجال المغناطيسي لاستقطاب الحالة الثابتة. The The
يظهر الدور الهام للدولة النووية وطرق حسابها
يتم اقتراح أنظمة مختلفة من الإثارة البصرية. تأثير صدى الدوران
لوحظ بعد تطبيق المجال المغناطيسي نبض $ / pi $.","The model considered in the paper is used nowadays to describe spin dynamics of quantum dots after optical excitation. Based on the exact diagonalization of a model Hamiltonian, we solve the problems of the electron spin polarization decay and magnetic field dependence of the steady state polarization. The important role of the nuclear state is shown and methods of its calculation for different regimes of optical excitation are proposed. The effect of spin echo observed after application of the magnetic field $\pi$-pulse is predicted.",يستخدم النموذج الذي تم النظر فيه في الورقه في الوقت الحاضر لوصف ديناميات الدوران من النقاط الكموميه بعد الاثاره البصريه. استنادا الي القطر الدقيق ل نموذج هاملتونيان، ونحن حل المشاكل من الالكترون تدور الاستقطاب الاضمحلال واعتماد المجال المغناطيسي لاستقطاب الحاله الثابته. The The يظهر الدور الهام للدوله النوويه وطرق حسابها يتم اقتراح انظمه مختلفه من الاثاره البصريه. تاثير صدي الدوران لوحظ بعد تطبيق المجال المغناطيسي نبض $ / pi $.,84,70,ويُستخدم النموذج الذي تناولته الورقة في الوقت الحاضر لوصف ديناميات الدوران للنقاط الكمية بعد الإكثار البصري. واستناداً إلى التأثير القطري الدقيق لنموذج هاميليان، فإننا نحل مشاكل اضمحلال الدوران الإلكتروني واعتماد المجال المغنطيسي على الاستقطاب الثابت للدولة. ويظهر الدور الهام للدولة النووية وتقترح طرق لحسابها لمختلف نظم الإكثار البصري. ويُتوقع تأثير صدى الدوران الملاحظ بعد تطبيق الحقل المغنطيسي بدولار/دولار - بولز.,يستخدم النموذج الذي تم النظر فيه في الورقه حاليا لصف ديناميكيات الدوران للنقاط الكموميه بعد الارتفاع البصري. بناء علي التشابك الدقيق لنموذج هاميلتوني، نحل مشاكل تدهور تقطيع الدوران الكتروني والدعوه الميدان المغناطيسي لتقطيع الحاله الثابته. يتم عرض الدور المهم للحاله النوويه ويتم اقتراح طرق حسابها لنظائم مختلفه من الارتفاع البصري. يتم التنبؤ بتأثير الارتفاع الدوران الملاحظ بعد تطبيق النقل المغناطيسي $\pi$-pulse.
physics,"  In a previous paper, we showed how certain orientations of the edges of a
graph G embedded in a closed oriented surface S can be understood as discrete
spin structures on S. We then used this correspondence to give a geometric
proof of the Pfaffian formula for the partition function of the dimer model on
G. In the present article, we generalize these results to the case of compact
oriented surfaces with boundary. We also show how the operations of cutting and
gluing act on discrete spin structures and how they change the partition
function. These operations allow to reformulate the dimer model as a quantum
field theory on surface graphs.
","في ورقة سابقة، أظهرنا كيف يمكن فهم بعض اتجاهات حواف الرسم البياني G المدمج في سطح مغلق موجه على أنها هياكل دوامية منفصلة على S. ثم استخدمنا هذه المراسلات لتقديم دليل هندسي على صيغة Pfaffian لدالة التقسيم لنموذج الثنائي على G. وفي هذه المقالة، نعمم هذه النتائج على حالة الأسطح الموجهة المدمجة ذات الحدود. كما نُظهر كيف تؤثر عمليات القطع واللصق على الهياكل الدوامية المنفصلة وكيف تغير دالة التقسيم. وتسمح هذه العمليات بإعادة صياغة نموذج الثنائي كنظرية حقلية كمية على الرسوم البيانية السطحية.
","In a previous paper, we showed how certain orientations of the edges of a graph G embedded in a closed oriented surface S can be understood as discrete spin structures on S. We then used this correspondence to give a geometric proof of the Pfaffian formula for the partition function of the dimer model on G. In the present article, we generalize these results to the case of compact oriented surfaces with boundary. We also show how the operations of cutting and gluing act on discrete spin structures and how they change the partition function. These operations allow to reformulate the dimer model as a quantum field theory on surface graphs.",في ورقه سابقه، اظهرنا كيف يمكن فهم بعض اتجاهات حواف الرسم البياني G المدمج في سطح مغلق موجه علي انها هياكل دواميه منفصله علي S. ثم استخدمنا هذه المراسلات لتقديم دليل هندسي علي صيغه Pfaffian لداله التقسيم لنموذج الثنائي علي G. وفي هذه المقاله، نعمم هذه النتائج علي حاله الاسطح الموجهه المدمجه ذات الحدود. كما نظهر كيف تؤثر عمليات القطع واللصق علي الهياكل الدواميه المنفصله وكيف تغير داله التقسيم. وتسمح هذه العمليات باعاده صياغه نموذج الثنائي كنظريه حقليه كميه علي الرسوم البيانيه السطحيه.,111,83,في ورقة سابقة، أظهرنا كيف يمكن فهم توجهات معينة لحافلات الرسم البياني G المضمنة في سطح مغلق موجه S على أنها هياكل دوران منفصلة على S. ثم استخدمنا هذه المراسلة لإعطاء إثبات هندسي لصيغة بفافيان لدالة تقسيم نموذج الدايمر على G. في هذه المقالة، نعمم هذه النتائج على حالة الأسطح ذات التوجه المدمج مع الحدود. كما نعرض كيف تعمل عمليات التقطيع والتلألؤ على هياكل دوران منفصلة وكيف تغير دالة التقسيم. تسمح هذه العمليات بإعادة صياغة نموذج الدايمر كنظرية حقل كمي على الرسوم البيانية للسطح.,في ورقه سابقه، اظهرنا كيف يمكن فهم اتجاهات معينه لجان الرسم البياني G المضمنه في سطح مغلق موجه S كهياكل دور منفصل علي S. ثم استخدمنا هذا التكاليف لتقديم دليل هندسي لصلفه فافيان لنداء تقسيم نموذج الديمر علي G. في المقال الحالي، ونقوم بتعميم هذه النتائج لحاله السطحات الموجيه المزده مع الحدود. كما نظهر كيف تعمل عمليات قطع والتمزق علي الهياكل المنفصله المنفصله و كيف تغير وظيه القسيم. تسمح هذه العمليات بتعديل نموذج الديمر كنظريه كميه علي الرسوم البياني علي السطح.
other,"We summarize a theoretical framework based on global time-reparametrization
invariance that explains the origin of dynamic fluctuations in glassy systems.
We introduce the main ideas without getting into much technical details. We
describe a number of consequences arising from this scenario that can be tested
numerically and experimentally distinguishing those that can also be explained
by other mechanisms from the ones that we believe, are special to our proposal.
We support our claims by presenting some numerical checks performed on the 3d
Edwards-Anderson spin-glass. Finally, we discuss up to which extent these ideas
apply to super-cooled liquids that have been studied in much more detail up to
present.",لشرح التسارع الكوني، الذي كشفت عنه ملاحظات SNIa و CMB الأخيرة، نقترح ما يلي: أ) في الزمكان المزود بمترية $\text{FRW}$، نختار عامل مقياس تجريبي يشرح الملاحظات على أفضل وجه. ب) نفترض جاذبية معدلة، يتم توليدها بواسطة لاغرانجية مجال غير محددة، $f(R)$. ج) نستخدم عامل المقياس التجريبي المعتمد للعمل رجوعًا للحصول على $f(R)$، ومن هنا جاء مصطلح 'Inverse $f(R)$' (معكوس $f(R)$). د) بعد ذلك، ننظر في نظرية النسبية العامة الكلاسيكية (classic GR) وكون $\text{FRW}$ تقليدي يمتلك، بالإضافة إلى محتواه الباريوني المعروف، مكونًا افتراضيًا 'للطاقة المظلمة'. نقارن السيناريوهين، ونجد الكثافة والضغط ومعادلة الحالة للطاقة المظلمة المطلوبة للتعويض عن الاختلافات بين النماذج التقليدية ونماذج النسبية العامة المعدلة.,"We summarize a theoretical framework based on global time-reparametrization invariance that explains the origin of dynamic fluctuations in glassy systems. We introduce the main ideas without getting into much technical details. We describe a number of consequences arising from this scenario that can be tested numerically and experimentally distinguishing those that can also be explained by other mechanisms from the ones that we believe, are special to our proposal. We support our claims by presenting some numerical checks performed on the 3d Edwards-Anderson spin-glass. Finally, we discuss up to which extent these ideas apply to super-cooled liquids that have been studied in much more detail up to present.",لشرح التسارع الكوني، الذي كشفت عنه ملاحظات SNIa و CMB الاخيره، نقترح ما يلي: ا) في الزمكان المزود بمتريه $\text{FRW}$، نختار عامل مقياس تجريبي يشرح الملاحظات علي افضل وجه. ب) نفترض جاذبيه معدله، يتم توليدها بواسطه لاغرانجيه مجال غير محدده، $f(R)$. ج) نستخدم عامل المقياس التجريبي المعتمد للعمل رجوعا للحصول علي $f(R)$، ومن هنا جاء مصطلح 'Inverse $f(R)$' (معكوس $f(R)$). د) بعد ذلك، ننظر في نظريه النسبيه العامه الكلاسيكيه (classic GR) وكون $\text{FRW}$ تقليدي يمتلك، بالاضافه الي محتواه الباريوني المعروف، مكونا افتراضيا 'للطاقه المظلمه'. نقارن السيناريوهين، ونجد الكثافه والضغط ومعادله الحاله للطاقه المظلمه المطلوبه للتعويض عن الاختلافات بين النماذج التقليديه ونماذج النسبيه العامه المعدله.,108,104,نلخص إطاراً نظرياً مبنياً على إطار عالمي لضبط الزمن وإعادة النظر فيه، وهو ما يفسر منشأ التقلبات الدينامية في النظم الزجاجية، ونقدم الأفكار الرئيسية دون أن ندخل في تفاصيل تقنية كثيرة، ونصف عدداً من النتائج الناشئة عن هذا السيناريو التي يمكن اختبارها رقمياً وتجريبياً وتمييز تلك التي يمكن أن تفسرها أيضاً آليات أخرى عن الآليات التي نعتقد أنها خاصة بمقترحنا، ونحن نؤيد مطالبنا بعرض بعض الفحوصات العددية التي أجريت على الزجاج الدائري 3d إدواردز - أندرسون، وأخيراً نناقش إلى أي مدى تنطبق هذه الأفكار على السوائل الفائقة البرودة التي درست بتفصيل أكبر حتى الآن.,نختصر إطار نظري يعتمد علي عدم تغير التغيير في تعديل الوقت العالمي الذي يفسر اصل التذبذب الديناميكي في النظم الزجاجيه. ونقدم الافكار الرئيسيه دون دخول الكثير من التفاصيل التقنية. ونصف عدد من العواقب الناجمه عن هذا السيناريو التي يمكن اختبارها عدديا وتجريبيا، وتمييز تلك التي يمكن تفسيرها ايضا بواسطه آليات اخرى من تلك التي نعتقد انها مميزه خاصه مقترحنا. ونحن ندعم ادعائنا عن طريق تقديم بعض التحقق العدديات التي تمت القيام بها علي الزجاج الدواردز-أندرسون الثالث الالتالي. وفي النهايه، نناقش مدى تطبيق هذه الافكار علي السوائل المبرده العالي التي تم دراستها بشكل أكثر تفصيلا حتى الان.
quantum_mechanics,"Some multipartite quantum states can be generated in a sequential manner
which may be implemented by various physical setups like microwave and optical
cavity QED, trapped ions, and quantum dots etc. We analyze the general N to M
qubits Universal Quantum Cloning Machine (UQCM) within a sequential generation
scheme. We show that the N to M sequential UQCM is available. The case of
d-level quantum states sequential cloning is also presented.","يمكن توليد بعض الحالات الكمومية المتعددة الأجزاء بطريقة متسلسلة
والتي يمكن تنفيذها من قبل مختلف الاجهزة المادية مثل الميكروويف والبصرية
تجويف QED ، الأيونات المحاصرة ، والنقاط الكمية الخ نحن نحلل العام N إلى M
آلة الاستنساخ الكمي العالمي (UQCM) في جيل متتابع
مخطط. نظهر أن UQCM المتسلسلة من N إلى M متاح. حالة
كما يتم تقديم الاستنساخ المتتابع للحالات الكمومية d-level quantum states.","Some multipartite quantum states can be generated in a sequential manner which may be implemented by various physical setups like microwave and optical cavity QED, trapped ions, and quantum dots etc. We analyze the general N to M qubits Universal Quantum Cloning Machine (UQCM) within a sequential generation scheme. We show that the N to M sequential UQCM is available. The case of d-level quantum states sequential cloning is also presented.",يمكن توليد بعض الحالات الكموميه المتعدده الاجزاء بطريقه متسلسله والتي يمكن تنفيذها من قبل مختلف الاجهزه الماديه مثل الميكروويف والبصريه تجويف QED ، الايونات المحاصره ، والنقاط الكميه الخ نحن نحلل العام N الي M اله الاستنساخ الكمي العالمي (UQCM) في جيل متتابع مخطط. نظهر ان UQCM المتسلسله من N الي M متاح. حاله كما يتم تقديم الاستنساخ المتتابع للحالات الكموميه d-level quantum states.,71,64,يمكن توليد بعض ولايات كم متعددة الأطراف بطريقة متتابعة يمكن تنفيذها بواسطة تركيبات فيزيائية مختلفة مثل الميكروويف والتجويف البصري QDD، الأيونات المحصورة، والنقاط الكمية وما إلى ذلك. نقوم بتحليل آلة استنساخ الكمية العالمية من N إلى M Qobits في إطار مخطط جيل متتابع. نظهر أن N إلى Maling uQQCM متاحة. حالة الولايات الكمية من مستوى d عرض أيضاً الاستنساخ المتتابع.,ويمكن توليد بعض الحالات الكموميه متعدده الحصص بطريقة تسلسليه يمكن تنفيذها من خلال مختلف التكوينات الفيزيائيه مثل الميكروويف والفقه البصريه QED، واليهونات المحاصره، والنقاط الكموميه، وما إلى ذلك. ونحن نحلل الكومومات الكموميه الكلوريه الكوميه من N الي M الكوبات العام (UQCM) ضمن مخطط توليد تسلسلي. ونظهر ان UQCM تسلسليه N الي M متاحه. كما يتم عرض قضيه التسلسليه التسلسلي للاستات الكموميه من المستوى d.
computer_science,"In a sensor network, in practice, the communication among sensors is subject
to:(1) errors or failures at random times; (3) costs; and(2) constraints since
sensors and networks operate under scarce resources, such as power, data rate,
or communication. The signal-to-noise ratio (SNR) is usually a main factor in
determining the probability of error (or of communication failure) in a link.
These probabilities are then a proxy for the SNR under which the links operate.
The paper studies the problem of designing the topology, i.e., assigning the
probabilities of reliable communication among sensors (or of link failures) to
maximize the rate of convergence of average consensus, when the link
communication costs are taken into account, and there is an overall
communication budget constraint. To consider this problem, we address a number
of preliminary issues: (1) model the network as a random topology; (2)
establish necessary and sufficient conditions for mean square sense (mss) and
almost sure (a.s.) convergence of average consensus when network links fail;
and, in particular, (3) show that a necessary and sufficient condition for both
mss and a.s. convergence is for the algebraic connectivity of the mean graph
describing the network topology to be strictly positive. With these results, we
formulate topology design, subject to random link failures and to a
communication cost constraint, as a constrained convex optimization problem to
which we apply semidefinite programming techniques. We show by an extensive
numerical study that the optimal design improves significantly the convergence
speed of the consensus algorithm and can achieve the asymptotic performance of
a non-random network at a fraction of the communication cost.",في شبكة استشعار، يخضع الاتصال بين المستشعرات عمليًا لـ: (1) أخطاء أو أعطال في أوقات عشوائية؛ (3) تكاليف؛ و (2) قيود، وذلك لأن المستشعرات والشبكات تعمل في ظل موارد شحيحة، مثل الطاقة، أو معدل البيانات، أو الاتصال. تُعد نسبة الإشارة إلى الضوضاء (SNR) عادةً عاملاً رئيسيًا في تحديد احتمالية الخطأ (أو فشل الاتصال) في الرابط. ثم تُعد هذه الاحتمالات مؤشرًا لنسبة الإشارة إلى الضوضاء (SNR) التي تعمل بموجبها الروابط. تتناول الورقة مشكلة تصميم الطوبولوجيا، أي تخصيص احتمالات الاتصال الموثوق به بين المستشعرات (أو احتمالات فشل الروابط) لزيادة معدل تقارب التوافق المتوسط، وذلك مع الأخذ في الاعتبار تكاليف الاتصال للروابط، ووجود قيد على الميزانية الإجمالية للاتصال. لمعالجة هذه المشكلة، نتناول عددًا من القضايا الأولية: (1) نمذجة الشبكة كطوبولوجيا عشوائية؛ (2) وضع شروط ضرورية وكافية لتقارب التوافق المتوسط بمعنيي مربع المتوسط (mss) وشبه الأكيد (a.s.) عندما تفشل روابط الشبكة؛ و، على وجه الخصوص، (3) نبين أن شرطًا ضروريًا وكافيًا لكل من تقارب مربع المتوسط وشبه الأكيد هو أن تكون الاتصالية الجبرية للمخطط المتوسط الذي يصف طوبولوجيا الشبكة موجبة تمامًا. باستخدام هذه النتائج، نصيغ تصميم الطوبولوجيا، الخاضع لفشل الروابط العشوائي وقيد تكلفة الاتصال، كمسألة تحسين محدب مقيدة نطبق عليها تقنيات البرمجة شبه المُحددة. نُظهر من خلال دراسة عددية واسعة النطاق أن التصميم الأمثل يُحسّن بشكل كبير سرعة تقارب خوارزمية التوافق، ويمكنه تحقيق الأداء التقاربي لشبكة غير عشوائية بجزء بسيط من تكلفة الاتصال.,"In a sensor network, in practice, the communication among sensors is subject to:(1) errors or failures at random times; (3) costs; and(2) constraints since sensors and networks operate under scarce resources, such as power, data rate, or communication. The signal-to-noise ratio (SNR) is usually a main factor in determining the probability of error (or of communication failure) in a link. These probabilities are then a proxy for the SNR under which the links operate. The paper studies the problem of designing the topology, i.e., assigning the probabilities of reliable communication among sensors (or of link failures) to maximize the rate of convergence of average consensus, when the link communication costs are taken into account, and there is an overall communication budget constraint. To consider this problem, we address a number of preliminary issues: (1) model the network as a random topology; (2) establish necessary and sufficient conditions for mean square sense (mss) and almost sure (a.s.) convergence of average consensus when network links fail; and, in particular, (3) show that a necessary and sufficient condition for both mss and a.s. convergence is for the algebraic connectivity of the mean graph describing the network topology to be strictly positive. With these results, we formulate topology design, subject to random link failures and to a communication cost constraint, as a constrained convex optimization problem to which we apply semidefinite programming techniques. We show by an extensive numerical study that the optimal design improves significantly the convergence speed of the consensus algorithm and can achieve the asymptotic performance of a non-random network at a fraction of the communication cost.",في شبكه استشعار، يخضع الاتصال بين المستشعرات عمليا ل: (1) اخطاء او اعطال في اوقات عشوائيه؛ (3) تكاليف؛ و (2) قيود، وذلك لان المستشعرات والشبكات تعمل في ظل موارد شحيحه، مثل الطاقه، او معدل البيانات، او الاتصال. تعد نسبه الاشاره الي الضوضاء (SNR) عاده عاملا رئيسيا في تحديد احتماليه الخطا (او فشل الاتصال) في الرابط. ثم تعد هذه الاحتمالات مؤشرا لنسبه الاشاره الي الضوضاء (SNR) التي تعمل بموجبها الروابط. تتناول الورقه مشكله تصميم الطوبولوجيا، اي تخصيص احتمالات الاتصال الموثوق به بين المستشعرات (او احتمالات فشل الروابط) لزياده معدل تقارب التوافق المتوسط، وذلك مع الاخذ في الاعتبار تكاليف الاتصال للروابط، ووجود قيد علي الميزانيه الاجماليه للاتصال. لمعالجه هذه المشكله، نتناول عددا من القضايا الاوليه: (1) نمذجه الشبكه كطوبولوجيا عشوائيه؛ (2) وضع شروط ضروريه وكافيه لتقارب التوافق المتوسط بمعنيي مربع المتوسط (mss) وشبه الاكيد (a.s.) عندما تفشل روابط الشبكه؛ و، علي وجه الخصوص، (3) نبين ان شرطا ضروريا وكافيا لكل من تقارب مربع المتوسط وشبه الاكيد هو ان تكون الاتصاليه الجبريه للمخطط المتوسط الذي يصف طوبولوجيا الشبكه موجبه تماما. باستخدام هذه النتائج، نصيغ تصميم الطوبولوجيا، الخاضع لفشل الروابط العشوائي وقيد تكلفه الاتصال، كمساله تحسين محدب مقيده نطبق عليها تقنيات البرمجه شبه المحدده. نظهر من خلال دراسه عدديه واسعه النطاق ان التصميم الامثل يحسن بشكل كبير سرعه تقارب خوارزميه التوافق، ويمكنه تحقيق الاداء التقاربي لشبكه غير عشوائيه بجزء بسيط من تكلفه الاتصال.,266,219,وفي شبكة الاستشعار، يخضع الاتصال فيما بين أجهزة الاستشعار، في الممارسة العملية، لما يلي: (1) الأخطاء أو الإخفاقات في الأوقات العشوائية؛ (3) التكاليف؛ و(2) القيود لأن أجهزة الاستشعار والشبكات تعمل في ظل موارد شحيحة، مثل الطاقة، أو معدل البيانات، أو الاتصال. وعادة ما تكون نسبة الإشارة إلى الضجيج (التقارب) عاملاً رئيسياً في تحديد احتمال الخطأ (أو فشل الاتصال) في حلقة ما. وهذه الاحتمالات هي عندئذ وكيلة لنموذج الإبلاغ الخاص الذي تعمل في إطاره الروابط. وتدرس الورقة مشكلة تصميم الطوبولوجيا، أي تحديد احتمالات الاتصال الموثوق به بين أجهزة الاستشعار (أو سرعة فشل الربط) لتعظيم معدل التقارب بين متوسط توافق الآراء، عندما تؤخذ تكاليف الاتصال بالربط في الاعتبار، وهناك قيد عام في ميزانية الاتصال. وبغية النظر في هذه المشكلة، نعالج عدداً من المسائل الأولية: (1) نموذج الشبكة كطوبوية عشوائية؛ (2) تحديد الظروف الضرورية والكافية لمتوسط الحواس المربع (أو فشل الربط) ويكامل شبه مؤكدة (أ.,في شبكة حساسات، في الواقع، تخضع الاتصال بين المستشعرين ل: 1) أخطاء أو فشل في الأوقات العشوائية؛ (3) تكاليف؛ و 2) قيود، حيث تعمل المستشعرات والشبكات تحت الموارد النادرة، مثل الطاقة، وتسعير البيانات، أو الاتصال. عادة ما يكون نسبة الإشارة للضوضاء (SNR) عامل رئيسي في تحديد احتمال الخطأ (أو فشل الاتصال) في صله. هذه الاحتمالات تكون بعد ذلك وكيلا ل SNR التي تعمل الروابط تحتها. دراسه الورقه مشكلة تصميم التولوجيا، أي، تخصيص احتمالات الاتصال الموثوق بين المستشعرات (أو فشل الروابط) لزيادة معدل التناغم المتوسط في التوافق، عندما يتم أخذ تكاليف الاتصال في الاعتبار، وهناك تقييد ميزاني للتواصل العام. لشمال هذه المشكلة، ندرس عدد من القضايا الاوليه: (1) التناغم؛ حيث تطور التكالوجيا العشوائيه، و (2) تطور التناغم، ويمكننا تطبيق هذه النظاميه التناغم، و (2) تطور التناغمير، و (2) تطور التناغمير، ويمكنناول التكالوجيه الكفيه الكافيه في صيغ التوافق الجاميعي، و (2) تطورهماثل المعدد الكافي لتحسين التوافق الجاميعي، و (3) تطورا لتحسين التوافق الجاميع المعدد الكافي لخطط.
physics,"  We systematically explore the evolution of the merger of two carbon-oxygen
(CO) white dwarfs. The dynamical evolution of a 0.9 Msun + 0.6 Msun CO white
dwarf merger is followed by a three-dimensional SPH simulation. We use an
elaborate prescription in which artificial viscosity is essentially absent,
unless a shock is detected, and a much larger number of SPH particles than
earlier calculations. Based on this simulation, we suggest that the central
region of the merger remnant can, once it has reached quasi-static equilibrium,
be approximated as a differentially rotating CO star, which consists of a
slowly rotating cold core and a rapidly rotating hot envelope surrounded by a
centrifugally supported disc. We construct a model of the CO remnant that
mimics the results of the SPH simulation using a one-dimensional hydrodynamic
stellar evolution code and then follow its secular evolution. The stellar
evolution models indicate that the growth of the cold core is controlled by
neutrino cooling at the interface between the core and the hot envelope, and
that carbon ignition in the envelope can be avoided despite high effective
accretion rates. This result suggests that the assumption of forced accretion
of cold matter that was adopted in previous studies of the evolution of double
CO white dwarf merger remnants may not be appropriate. Our results imply that
at least some products of double CO white dwarfs merger may be considered good
candidates for the progenitors of Type Ia supernovae. In this case, the
characteristic time delay between the initial dynamical merger and the eventual
explosion would be ~10^5 yr. (Abridged).
","نستكشف بشكل منهجي تطور اندماج قزمين أبيضين من نوع الكربون والأكسجين (CO). ويتبع التطور الديناميكي لاندماج قزمين أبيضين من نوع CO بكتلة 0.9 Msun + 0.6 Msun من نوع CO بواسطة SPH محاكاة ثلاثية الأبعاد باستخدام صيغة معقدة لا يوجد فيها زيت اصطناعي بشكل أساسي، إلا في حالة اكتشاف صدمة، وعدد أكبر بكثير من جزيئات SPH مقارنة بالحسابات السابقة. وبناءً على هذه المحاكاة، نقترح أن المنطقة المركزية من بقايا الاندماج يمكن، بمجرد وصولها إلى حالة توازن شبه ثابت، أن تُقدَّر على أنها نجم كربوني يدور بشكل مختلف، ويتكون من نواة باردة تدور ببطء وغلاف ساخن يدور بسرعة محاط بقرص مدعوم طردياً. ونقوم ببناء نموذج لبقايا الكربون الذي يحاكي نتائج محاكاة SPH باستخدام صيغة هيدروليكية ديناميكية أحادية البعد، ثم نتابع تطوره العلماني. وتشير نماذج التطور النجمي إلى أن نمو النواة الباردة يتحكم فيه التبريد النيوتريني عند الواجهة بين النواة والغلاف الساخن، وأنه يمكن تجنب اشتعال الكربون في الغلاف على الرغم من ارتفاع معدلات التراكم الفعالة. وتشير هذه النتيجة إلى أن افتراض التراكم القسري للمادة الباردة الذي تم اعتماده في الدراسات السابقة لتطور بقايا الاندماج المزدوجة للقزمين الأبيضين من نوع CO قد لا يكون مناسباً. وتشير نتائجنا إلى أنه يمكن
","We systematically explore the evolution of the merger of two carbon-oxygen (CO) white dwarfs. The dynamical evolution of a 0.9 Msun + 0.6 Msun CO white dwarf merger is followed by a three-dimensional SPH simulation. We use an elaborate prescription in which artificial viscosity is essentially absent, unless a shock is detected, and a much larger number of SPH particles than earlier calculations. Based on this simulation, we suggest that the central region of the merger remnant can, once it has reached quasi-static equilibrium, be approximated as a differentially rotating CO star, which consists of a slowly rotating cold core and a rapidly rotating hot envelope surrounded by a centrifugally supported disc. We construct a model of the CO remnant that mimics the results of the SPH simulation using a one-dimensional hydrodynamic stellar evolution code and then follow its secular evolution. The stellar evolution models indicate that the growth of the cold core is controlled by neutrino cooling at the interface between the core and the hot envelope, and that carbon ignition in the envelope can be avoided despite high effective accretion rates. This result suggests that the assumption of forced accretion of cold matter that was adopted in previous studies of the evolution of double CO white dwarf merger remnants may not be appropriate. Our results imply that at least some products of double CO white dwarfs merger may be considered good candidates for the progenitors of Type Ia supernovae. In this case, the characteristic time delay between the initial dynamical merger and the eventual explosion would be ~10^5 yr. (Abridged).",نستكشف بشكل منهجي تطور اندماج قزمين ابيضين من نوع الكربون والاكسجين (CO). ويتبع التطور الديناميكي لاندماج قزمين ابيضين من نوع CO بكتله 0.9 Msun + 0.6 Msun من نوع CO بواسطه SPH محاكاه ثلاثيه الابعاد باستخدام صيغه معقده لا يوجد فيها زيت اصطناعي بشكل اساسي، الا في حاله اكتشاف صدمه، وعدد اكبر بكثير من جزيئات SPH مقارنه بالحسابات السابقه. وبناء علي هذه المحاكاه، نقترح ان المنطقه المركزيه من بقايا الاندماج يمكن، بمجرد وصولها الي حاله توازن شبه ثابت، ان تقدر علي انها نجم كربوني يدور بشكل مختلف، ويتكون من نواه بارده تدور ببطء وغلاف ساخن يدور بسرعه محاط بقرص مدعوم طرديا. ونقوم ببناء نموذج لبقايا الكربون الذي يحاكي نتائج محاكاه SPH باستخدام صيغه هيدروليكيه ديناميكيه احاديه البعد، ثم نتابع تطوره العلماني. وتشير نماذج التطور النجمي الي ان نمو النواه البارده يتحكم فيه التبريد النيوتريني عند الواجهه بين النواه والغلاف الساخن، وانه يمكن تجنب اشتعال الكربون في الغلاف علي الرغم من ارتفاع معدلات التراكم الفعاله. وتشير هذه النتيجه الي ان افتراض التراكم القسري للماده البارده الذي تم اعتماده في الدراسات السابقه لتطور بقايا الاندماج المزدوجه للقزمين الابيضين من نوع CO قد لا يكون مناسبا. وتشير نتائجنا الي انه يمكن,262,188,نستكشف على نحو منهجي تطور دمج اثنين من الأقواس البيضاء كربون - أوكسجين (CO) ويعقب التطور الديناميكي لـ 0.9 مم + 0.6 م/م/م/م اندماج أبيض بمحاكاة ثلاثية الأبعاد SPH. ونستخدم وصفة متقنة تكون فيها اللزوجة الاصطناعية غائبة أساسا، ما لم تكتشف صدمة، وعدد أكبر بكثير من جسيمات SPH مقارنة بالحسابات السابقة. واستنادا إلى هذه المحاكاة، نقترح أن المنطقة الوسطى من عملية الاندماج يمكن، بمجرد وصولها إلى التوازن شبه الاستاتيكي، أن تقرب من نجم CO، الذي يتألف من نواة باردة دوارة ببطء ومظروف حار سريع الدوران يحيط به قرص مدعوم بالطرد المركزي. ونبني نموذجا لبقيرة CO يحاكي نتائج محاكاة SPH باستخدام رمز تطور هيدرودينامية وحيد الأبعاد ثم يتبع تطوره العلماني. وتشير نماذج التطور إلى أن نمو النواة النواة الباردة يتم التحكم فيها بالتبريد النيتروني عند الواجهة بين النواة والمظروف الساخن. ونبني نموذجا لمحاكاة الكربون في الظرف يمكن تجنبه على الرغم من معدلات تطور عالية الفعالية. وتوحي هذه النتيجة إلى أن افتراض أن عملية التأجيل القسري يمكن أن تكون في حالة جيدة غير مناسبة.,نستكشف بشكل منهجي تطور دمج اثنين من الكائنات الكمراء البيضاء من الكربون والأكسجين (CO)، ونحن نقترح ان التطور الديناميكي لدمج الكائنات الكمراء البيضاء 0.9 من الشمس + 0.6 من الشمس CO يليه دمج الكائنات الكمراء البيضاء 0.9 من الشمس، يتم تدوير محاكاة SPH ثلاثي الابعاد. نستخدم وصفه مطوره حيث الغلق الاصطناعي هو غائبا في الغالب، ما لم يتم اكتشاف صدمة، وعدد كبير بكثير من جزيئات SPH مقارنة بالحسابات السابقه. بناء علي هذا التدوير، نقترح ان المنطقة المركزيه للبقايا الاندماجيه يمكن، بمجرد وصولها الي التوازن شبه الدمني، ان تكون مقربا كنجم CO تدور بشكل مختلف، والتي تتكون من سرد تدور ببطء وتدوير ساخن تدور بسرعة محاطه بواسطه قرص مدعوم بالمرك. نبني نتائج تحاكي نتائج النمو الكمري الكمري الكمري الكمري الكمري الكمري الكبيد، التي تتبع في الاخير، على الرغم من استخدام النموذج الكمري الكمري الكمري الكمري الكبيد، ان هذه النموذج الكمري الكمري الكمري الكمري الكمري الكبيد الكمري الكبيد، قد تكون مثله في الارتفاعه في الظهور، والانتاجيه في الاكثر من النمو النمو النموذجيه. في هذه الحاله، يمكن اعتباره النموذجاذج الاكر المثيفه في الاكر. في المحتمال، ان النموذج الكمري الكمري الكمري الكمري الكمري الكمري الكمري الكمري الكمري الكمري الكمري الكمري الكمري الكمري الكمري الكمري الكبيد الكمري الكمري الكبيد. في هذه النماثريه، يمكن ان تكون نتيجه الارتفاعه في الاكاريه في الاكتفاعي في الاكتتابع بين النمو النمويات الك
quantum_mechanics,"  We numerically study Barrett-Crane models of Riemannian quantum gravity. We
have extended the existing numerical techniques to handle q-deformed models and
arbitrary space-time triangulations. We present and interpret expectation
values of a few selected observables for each model, including a spin-spin
correlation function which gives insight into the behaviour of the models. We
find the surprising result that, as the deformation parameter q goes to 1
through roots of unity, the limit is discontinuous.
","نقوم بدراسة عددية لنماذج باريت-كرين لجاذبية ريمان الكمية. وقد قمنا بتوسيع التقنيات العددية الحالية للتعامل مع النماذج المشوهة بمعامل q والتقسيمات الفضائية الزمانية العشوائية. ونقدم ونفسر قيم التوقعات لبعض القياسات المرصودة المختارة لكل نموذج، بما في ذلك دالة الارتباط بين الدوران والدوران، والتي تقدم نظرة ثاقبة حول سلوك النماذج. ونجد النتيجة المفاجئة التي مفادها أنه عندما يصل معامل التشوه q إلى 1 من خلال جذور الوحدات، فإن الحد يصبح غير مستمر.
","We numerically study Barrett-Crane models of Riemannian quantum gravity. We have extended the existing numerical techniques to handle q-deformed models and arbitrary space-time triangulations. We present and interpret expectation values of a few selected observables for each model, including a spin-spin correlation function which gives insight into the behaviour of the models. We find the surprising result that, as the deformation parameter q goes to 1 through roots of unity, the limit is discontinuous.",نقوم بدراسه عدديه لنماذج باريت-كرين لجاذبيه ريمان الكميه. وقد قمنا بتوسيع التقنيات العدديه الحاليه للتعامل مع النماذج المشوهه بمعامل q والتقسيمات الفضائيه الزمانيه العشوائيه. ونقدم ونفسر قيم التوقعات لبعض القياسات المرصوده المختاره لكل نموذج، بما في ذلك داله الارتباط بين الدوران والدوران، والتي تقدم نظره ثاقبه حول سلوك النماذج. ونجد النتيجه المفاجئه التي مفادها انه عندما يصل معامل التشوه q الي 1 من خلال جذور الوحدات، فان الحد يصبح غير مستمر.,74,71,نحن ندرس عدديا نماذج باريت - كران لجاذبية كم ريمانيان. لقد قمنا بتوسيع التقنيات العددية الحالية للتعامل مع النماذج المفككة q والتماثلات المثلثة المكانية - الزمنية التعسفية. نحن نقدم و نفسر قيم التوقع لعدد قليل مختار من القابليات للرصد لكل نموذج، بما في ذلك دالة ارتباط دوران - دوران تعطي نظرة ثاقبة على سلوك النماذج. نحن نجد النتيجة المفاجئة أنه عندما يذهب معامل التشويه q إلى 1 من خلال جذور الوحدة، فإن الحد متقطع.,ندرس نموذجات باريت كرين العددي للجاذبيه الكموميه ريمانيه. وقد تمدنا التقنيات العدديه الحاليه للتعامل مع النماذج المتحوهه ق والثلاثيات التعسفيه في الفضاء والزمان. نقدم ونفسح قيم التوقعات لعدد قليل من الملاحظات المختارة لكل نموذج، بما في ذلك وظيه ارتباط الدوران-دوار الذي يمنح نظرة علي سلوك النماذج. ونجد نتيجه مفاجئ انه، حيث يذهب معيار التشوه q الي 1 من خلال جذور الوحده، يكون الحد متواصل.
physics,"We quantify the contributions of hyperfine and spin-orbit mediated
singlet-triplet mixing in weakly coupled InAs quantum dots by electron
transport spectroscopy in the Pauli spin blockade regime. In contrast to double
dots in GaAs, the spin-orbit coupling is found to be more than two orders of
magnitudes larger than the hyperfine mixing energy. It is already effective at
magnetic fields of a few mT, where deviations from hyperfine mixing are
observed.",نحدد كمياً مساهمات اختلاط الحالة الأحادية والثلاثية المتواسط بواسطة التفاعل فائق الدقة والاقتران سبين-مداري في النقاط الكمومية من زرنيخيد الإنديوم (InAs) المقترنة بشكل ضعيف، وذلك باستخدام مطيافية نقل الإلكترونات في نظام حجب باولي اللف المغزلي. على عكس النقاط الكمومية المزدوجة في زرنيخيد الغاليوم (GaAs)، وُجد أن الاقتران سبين-مداري أكبر بأكثر من رتبتين من المقدار مقارنةً بطاقة اختلاط التفاعل فائق الدقة. إنه فعال بالفعل عند حقول مغناطيسية تبلغ بضعة ميلي تسلا (mT)، حيث تُلاحظ انحرافات عن اختلاط التفاعل فائق الدقة.,"We quantify the contributions of hyperfine and spin-orbit mediated singlet-triplet mixing in weakly coupled InAs quantum dots by electron transport spectroscopy in the Pauli spin blockade regime. In contrast to double dots in GaAs, the spin-orbit coupling is found to be more than two orders of magnitudes larger than the hyperfine mixing energy. It is already effective at magnetic fields of a few mT, where deviations from hyperfine mixing are observed.",نحدد كميا مساهمات اختلاط الحاله الاحاديه والثلاثيه المتواسط بواسطه التفاعل فائق الدقه والاقتران سبين-مداري في النقاط الكموميه من زرنيخيد الانديوم (InAs) المقترنه بشكل ضعيف، وذلك باستخدام مطيافيه نقل الالكترونات في نظام حجب باولي اللف المغزلي. علي عكس النقاط الكموميه المزدوجه في زرنيخيد الغاليوم (GaAs)، وجد ان الاقتران سبين-مداري اكبر باكثر من رتبتين من المقدار مقارنه بطاقه اختلاط التفاعل فائق الدقه. انه فعال بالفعل عند حقول مغناطيسيه تبلغ بضعه ميلي تسلا (mT)، حيث تلاحظ انحرافات عن اختلاط التفاعل فائق الدقه.,71,79,ونحن نقيس حجم مساهمات الاقتران فوق البنفسجي والمدار الدوراني الممازج منفرداً إلى ثلاثة أو ثلاثة في نقاط كمية ضعيفة الاقتران في نقاط كمية ضعيفة الاقتران بواسطة الاكترونات في مجال النقل الطيفية في نظام حصار الدوران بولي. وعلى النقيض من النقاط المزدوجة في GAs، وجد أن الاقتران المداري الدوراني يزيد على درجتين من الحجم أكبر من طاقة المزج فوق الفائق. وهو فعّال بالفعل في الحقول المغنطيسية لبضعة أمتار مترية، حيث لوحظت الانحرافات عن المزج الزائد عن الفين.,نحن نقوم بتقييم مساهمات خلط الجهاز المتعزز الحددي الثلاثي المتوسط في المدار الدوري والدوران الدوري في النقاط الكموميه للنافسات الدنيا المتزايده ضعفا بواسطه طيفيات النقل الكتروني في نظام حظر الدوران بولي. على عكس النقاط المزدوجه في GaAs، وجد ان الارتباط في المدار الدوري هو أكثر من درجتين من الكبرى اكبر من طاقه الاختلاط الحدودي. وهو فعال بالفعل في المجالات المغناطيسيه لبضع ميترات، حيث يتم ملاحظا الانحرافات من الاختلاط الحدودي.
physics,"In this paper we study the Metropolis algorithm in connection with two
mean--field spin systems, the so called mean--field Ising model and the
Blume--Emery--Griffiths model. In both this examples the naive choice of
proposal chain gives rise, for some parameters, to a slowly mixing Metropolis
chain, that is a chain whose spectral gap decreases exponentially fast (in the
dimension $N$ of the problem). Here we show how a slight variant in the
proposal chain can avoid this problem, keeping the mean computational cost
similar to the cost of the usual Metropolis. More precisely we prove that, with
a suitable variant in the proposal, the Metropolis chain has a spectral gap
which decreases polynomially in 1/N. Using some symmetry structure of the
energy, the method rests on allowing appropriate jumps within the energy level
of the starting state.",في هذه الورقة، ندرس خوارزمية متروبوليس بالارتباط بنظامين مغزليين ذوي مجال متوسط، وهما ما يُعرف بنموذج إيزينج ذي المجال المتوسط ونموذج بلوم-إيمري-جريفيث. في كلا هذين المثالين، يؤدي الاختيار الساذج لسلسلة الاقتراح، لبعض المعاملات، إلى سلسلة متروبوليس بطيئة الخلط، أي سلسلة تتناقص فجوتها الطيفية أُسيًا بسرعة (في البُعد N للمشكلة). نُظهر هنا كيف يمكن لتغيير طفيف في سلسلة الاقتراح أن يتجنب هذه المشكلة، مع الحفاظ على متوسط التكلفة الحسابية مشابهًا لتكلفة متروبوليس المعتادة. وبشكل أكثر دقة، نبرهن أنه، بتغيير مناسب في الاقتراح، فإن لسلسلة متروبوليس فجوة طيفية تتناقص حدوديًا بدلالة 1/N. وبالاعتماد على بعض البنى التناظرية للطاقة، تستند الطريقة إلى السماح بقفزات مناسبة ضمن مستوى طاقة الحالة الابتدائية.,"In this paper we study the Metropolis algorithm in connection with two mean--field spin systems, the so called mean--field Ising model and the Blume--Emery--Griffiths model. In both this examples the naive choice of proposal chain gives rise, for some parameters, to a slowly mixing Metropolis chain, that is a chain whose spectral gap decreases exponentially fast (in the dimension $N$ of the problem). Here we show how a slight variant in the proposal chain can avoid this problem, keeping the mean computational cost similar to the cost of the usual Metropolis. More precisely we prove that, with a suitable variant in the proposal, the Metropolis chain has a spectral gap which decreases polynomially in 1/N. Using some symmetry structure of the energy, the method rests on allowing appropriate jumps within the energy level of the starting state.",في هذه الورقه، ندرس خوارزميه متروبوليس بالارتباط بنظامين مغزليين ذوي مجال متوسط، وهما ما يعرف بنموذج ايزينج ذي المجال المتوسط ونموذج بلوم-ايمري-جريفيث. في كلا هذين المثالين، يؤدي الاختيار الساذج لسلسله الاقتراح، لبعض المعاملات، الي سلسله متروبوليس بطيئه الخلط، اي سلسله تتناقص فجوتها الطيفيه اسيا بسرعه (في البعد N للمشكله). نظهر هنا كيف يمكن لتغيير طفيف في سلسله الاقتراح ان يتجنب هذه المشكله، مع الحفاظ علي متوسط التكلفه الحسابيه مشابها لتكلفه متروبوليس المعتاده. وبشكل اكثر دقه، نبرهن انه، بتغيير مناسب في الاقتراح، فان لسلسله متروبوليس فجوه طيفيه تتناقص حدوديا بدلاله 1/N. وبالاعتماد علي بعض البني التناظريه للطاقه، تستند الطريقه الي السماح بقفزات مناسبه ضمن مستوي طاقه الحاله الابتدائيه.,137,107,في هذه الورقة ندرس خوارزمية متروبوليس فيما يتعلق بنظامين متوسطين -- نظم دوران الحقل، ما يسمى بالمتوسط -- نموذج حقل آيسينغ و Blume- Emry- Grifeths. في كلا المثالين هذا الاختيار الساذج لسلسلة الاقتراحات يؤدي إلى ارتفاع، لبعض البارامترات، إلى خلط سلسلة متروبوليس ببطء، وهي سلسلة تتناقص الفجوة الطيفية بسرعة كبيرة (في البعد دولار نيوتن من المشكلة). هنا نعرض كيف يمكن لمتغير طفيف في سلسلة المقترح أن يتجنب هذه المشكلة، مع الحفاظ على متوسط التكلفة الحسابية مشابه لتكلفة المتروبوليس المعتادة. أكثر تحديداً نحن نثبت أنه مع متغير مناسب في المقترح، فإن سلسلة متروبوليس لديها فجوة الطيف التي تنقص من متعدد الأنونيومات في 1/N. باستخدام بعض بنية التماثل للطاقة، تعتمد الطريقة على السماح بالقفزات المناسبة داخل مستوى الطاقة في حالة البدء.,في هذه الورقه، ندرس خوارزميه متروبوليس في صله مع نظامين متداولين متوسطين، ما يسمى نموذج Ising المتوسطين، ونموذج Blume-Emery-Griffiths. في كل من هذه الأمثلة، يسبب الاختيار الباطل لسلسلسلة المقترح، بالنسبة لبعض العناصر، لسلسلة متروبوليس مزجعه ببطء، أي سلسله يقلف الفجوة الطيفيه بشكل متسارع بشكل متكامل (في ابعاد $N$ للمشكلة). هنا، نظهر كيف يمكن لمتغير طفيف في سلسلة المقترح التجنب هذه المشكلة، والحفاظ علي متوسط التكلفه الحسابيه مماثله لتكلفه المتروبوليس المعتاد. وبشكل أكثر دقة، نثبت أنه، مع متغير مناسب في المقترح، يمتلك سلسلة متروبوليس فجوة طيفيه تقلب بشكل متعدد النساوي في 1/N. باستخدام بعض هيكل التماثل للطاقة، تسمح الوسائل بالقفز المناسب داخل مستوى الطاقة المبدء للحاله.
mathematics,"A celebrated result of F. Jaeger states that the Tutte polynomial of a planar
graph is determined by the HOMFLY polynomial of an associated link. Here we are
interested in the converse of this result. We consider the question `to what
extent does the Tutte polynomial determine the HOMFLY polynomial of any knot?'
We show that the HOMFLY polynomial of a knot is determined by Tutte polynomials
of plane graphs associated to the knot.",تنص نتيجة شهيرة لـ ف. ييغر على أن متعدد حدود تاتي لمخطط مستوٍ  يُحدد بواسطة متعدد حدود هومفلي لعقدة مرتبطة به. نحن هنا مهتمون بعكس هذه النتيجة. ننظر في السؤال التالي: 'إلى أي مدى يحدد متعدد حدود تاتي متعدد حدود هومفلي لأي عقدة؟' نُظهر أن متعدد حدود هومفلي لعقدة ما يُحدد بواسطة متعددات حدود تاتي للمخططات المستوية المرتبطة بتلك العقدة.,A celebrated result of F. Jaeger states that the Tutte polynomial of a planar graph is determined by the HOMFLY polynomial of an associated link. Here we are interested in the converse of this result. We consider the question `to what extent does the Tutte polynomial determine the HOMFLY polynomial of any knot?' We show that the HOMFLY polynomial of a knot is determined by Tutte polynomials of plane graphs associated to the knot.,تنص نتيجه شهيره ل ف. ييغر علي ان متعدد حدود تاتي لمخطط مستو يحدد بواسطه متعدد حدود هومفلي لعقده مرتبطه به. نحن هنا مهتمون بعكس هذه النتيجه. ننظر في السؤال التالي: 'الي اي مدي يحدد متعدد حدود تاتي متعدد حدود هومفلي لاي عقده؟' نظهر ان متعدد حدود هومفلي لعقده ما يحدد بواسطه متعددات حدود تاتي للمخططات المستويه المرتبطه بتلك العقده.,74,60,تقول النتيجة الشهيرة لـ F. Jyger أن توت متعدد الحدود للرسم البياني المخطط يحدده متعدد الحدود البينية للوصلة المرتبطة. هنا نحن مهتمون بالعكس من هذه النتيجة. نحن ننظر في السؤال 'إلى أي مدى يحدد متعدد الحدود التوتية متعدد الحدود هومغلي لأي عقدة؟' ونحن نبين أن متعدد الحدود الشاهقة لعقدة يتم تحديده بواسطة متعدد الحدود التوتية للرسوم البيانية للطائرة المرتبطة بالعقدة.,وتقول نتيجه شهوره لـ F. Jaeger ان عدده التوتيه للجراف المستوي يتم تحديدها بواسطه عدده التوتيه للشبكه المرتبطه. هنا نحن مهتمون بالعكس لهذه النتيجة. ونحن ندرس السؤال ` تا الحدي الاخرى التي تحدد عدده التوتيه عدده التوتيه للشبكه اي؟ ونظهر ان عدده التوتيه للشبكه يتم تحديدها بواسطه عدده التوتيه للشبكه المستويات المرتبطه بالشبكه.
physics,"A number of giant HII regions are associated with soft diffuse X-ray
emission. Among these, the Carina nebula possesses the brightest soft diffuse
emission. The required plasma temperature and thermal energy can be produced by
collisions or termination of fast winds from main-sequence or embedded young O
stars, but the extended emission is often observed from regions apart from
massive stellar clusters. The origin of the X-ray emission is unknown.
  The XIS CCD camera onboard Suzaku has the best spectral resolution for
extended soft sources so far, and is therefore capable of measuring key
emission lines in the soft band. Suzaku observed the core and the eastern side
of the Carina nebula (Car-D1) in 2005 Aug and 2006 June, respectively. Spectra
of the south part of the core and Car-D1 similarly showed strong L-shell lines
of iron ions and K-shell lines of silicon ions, while in the north of the core
these lines were much weaker. Fitting the spectra with an absorbed thin-thermal
plasma model showed kT~0.2, 0.6 keV and NH~1-2e21 cm-2 with a factor of 2-3
abundance variation in oxygen, magnesium, silicon and iron. The plasma might
originate from an old supernova, or a super shell of multiple supernovae.","يرتبط عدد من مناطق HII العملاقة بالأشعة السينية الناعمة المنتشرة
الانبعاثات. من بين هذه ، يمتلك سديم كارينا ألمع منتشر ناعم
الانبعاثات. يمكن إنتاج درجة حرارة البلازما المطلوبة والطاقة الحرارية بواسطة
التصادمات أو إنهاء الرياح السريعة من التسلسل الرئيسي أو الشباب المضمن
النجوم ، ولكن غالبا ما يلاحظ الانبعاث الممتد من مناطق بعيدة عن
مجموعات نجمية ضخمة. أصل انبعاث الأشعة السينية غير معروف.
كاميرا XIS CCD على متن سوزاكو لديها أفضل دقة طيفية ل
المصادر اللينة الموسعة حتى الآن ، وبالتالي فهي قادرة على قياس المفتاح
خطوط الانبعاثات في الفرقة الناعمة. لاحظ سوزاكو النواة والجانب الشرقي
سديم كارينا (Car-D1) في أغسطس 2005 ويونيو 2006 على التوالي. الطيف الطيفي
من الجزء الجنوبي من النواة و Car-D1 بالمثل أظهرت خطوط L-shell قوية
من أيونات الحديد وخطوط قذيفة K من أيونات السيليكون ، بينما في شمال النواة
كانت هذه الخطوط أضعف بكثير. تركيب الأطياف مع امتصاص رقيقة الحرارية
أظهر نموذج البلازما kT ~ 0.2 ، 0.6 كيلو فولت و NH ~ 1-2e21 سم-2 مع عامل 2-3
وفرة الاختلاف في الأكسجين والمغنيسيوم والسيليكون والحديد. البلازما قد
تنشأ من المستعرات العظمى القديمة، أو قذيفة عظمى من المستعرات العظمى المتعددة.","A number of giant HII regions are associated with soft diffuse X-ray emission. Among these, the Carina nebula possesses the brightest soft diffuse emission. The required plasma temperature and thermal energy can be produced by collisions or termination of fast winds from main-sequence or embedded young O stars, but the extended emission is often observed from regions apart from massive stellar clusters. The origin of the X-ray emission is unknown. The XIS CCD camera onboard Suzaku has the best spectral resolution for extended soft sources so far, and is therefore capable of measuring key emission lines in the soft band. Suzaku observed the core and the eastern side of the Carina nebula (Car-D1) in 2005 Aug and 2006 June, respectively. Spectra of the south part of the core and Car-D1 similarly showed strong L-shell lines of iron ions and K-shell lines of silicon ions, while in the north of the core these lines were much weaker. Fitting the spectra with an absorbed thin-thermal plasma model showed kT~0.2, 0.6 keV and NH~1-2e21 cm-2 with a factor of 2-3 abundance variation in oxygen, magnesium, silicon and iron. The plasma might originate from an old supernova, or a super shell of multiple supernovae.",يرتبط عدد من مناطق HII العملاقه بالاشعه السينيه الناعمه المنتشره الانبعاثات. من بين هذه ، يمتلك سديم كارينا المع منتشر ناعم الانبعاثات. يمكن انتاج درجه حراره البلازما المطلوبه والطاقه الحراريه بواسطه التصادمات او انهاء الرياح السريعه من التسلسل الرئيسي او الشباب المضمن النجوم ، ولكن غالبا ما يلاحظ الانبعاث الممتد من مناطق بعيده عن مجموعات نجميه ضخمه. اصل انبعاث الاشعه السينيه غير معروف. كاميرا XIS CCD علي متن سوزاكو لديها افضل دقه طيفيه ل المصادر اللينه الموسعه حتي الان ، وبالتالي فهي قادره علي قياس المفتاح خطوط الانبعاثات في الفرقه الناعمه. لاحظ سوزاكو النواه والجانب الشرقي سديم كارينا (Car-D1) في اغسطس 2005 ويونيو 2006 علي التوالي. الطيف الطيفي من الجزء الجنوبي من النواه و Car-D1 بالمثل اظهرت خطوط L-shell قويه من ايونات الحديد وخطوط قذيفه K من ايونات السيليكون ، بينما في شمال النواه كانت هذه الخطوط اضعف بكثير. تركيب الاطياف مع امتصاص رقيقه الحراريه اظهر نموذج البلازما kT ~ 0.2 ، 0.6 كيلو فولت و NH ~ 1-2e21 سم-2 مع عامل 2-3 وفره الاختلاف في الاكسجين والمغنيسيوم والسيليكون والحديد. البلازما قد تنشا من المستعرات العظمي القديمه، او قذيفه عظمي من المستعرات العظمي المتعدده.,200,184,وهناك عدد من مناطق HII العملاقة ترتبط بالانبعاثات من الأشعة السينية، ومن بين هذه المناطق، فإن كارينا نيبولا تملك أعلى قدر من الانبعاث، ويمكن إنتاج درجة حرارة البلازما والطاقة الحرارية المطلوبة عن طريق الاصطدامات أو إنهاء الرياح السريعة من السلسلة الرئيسية أو من ضمنها النجوم الشابة، ولكن كثيرا ما يلاحظ الانبعاث الممتد من مناطق أخرى بخلاف المجموعات الضخمة، ومن بينها مصدر الانبعاث بالأشعة السينية غير معروف، وكاميرا XIS CCP على متن سوزاكو لديها أفضل الاستبانة الطيفية لمصادر لينة ممتدة حتى الآن، ومن ثم فهي قادرة على قياس خطوط الانبعاث الرئيسية في النطاق اللين، وراقب سوزاكو قلب والطرف الشرقي لنيبولا كارينا (كار-دال 1) في 2005 آب/أغسطس و2006 على التوالي، وأظهرت طيف الجزء الجنوبي من القلب وسرة السيارة-D1 بالمثل خطوط قوية من خط الصدم L من الحديد وخطوط K-Sell من الأيونات السيليكونية في النطاق اللينة، بينما كانت هذه الخطوط في شمال النواة أضعف بكثير.,ترتبط عدد من مناطق HII العملاقه بتبذير اشعه X المنتشره الناعمه. من بين هذه، تمتلك كاميرا Carina CCD الاكثر وضوحا من الانبعاثات الناعمه المنتشره. يمكن ان تنتج درجة الحراره والطاقة الحراريه المطلوبه من خلال التصادم او انتهاء الرياح السريعه من التسلسل الرئيسي او نجوم O الشابيه المضمنه، ولكن غالبا ما يتم رصد الانبعاث الممتد من مناطق خارج المجموعات النجميه الكبيره. لا يعرف مصدر انبعاث اشعه X. لديها كاميرا XIS CCD علي متن سوزاكو افضل حل طيفي لمصادر الناعمه الممتدده حتى الان، وبالتالي قادره علي قياس خطوط الانبعاث الرئيسيه في المجموعه الناعمه. لاحظت Suzaku الجانب الشرقي من كابولا Carina (Car-D1) في 2005 و2006، على التوالي. شهدت امواج الشرقيه من الجزء الجنوبي من Car-D1 وKV1 في الشمال، ان هذه الخطوط الحديده من السيليكون والغنيوم قد تكون من نوع من النوايا الحديده الكبيره الكبيره، والتي تشتتفاع من السيليكون الاكثر من 0.1-22 سم، ويمكن ان تكون من النموذج الحديده من السيليكون، ويمكن ان تكون من نوعا من النوايا الحديده الكبيره الكبيره الكبيره الكبيره في الشماليه. وقد تبذرت هذه الخطوط الشماليه من النوابه في المعدل الاكره من السيليكون، والحديده من الاكثر من السيليكون، والحديده من الاكثر من الاكثر من الاكثر من السيليكون، والحديد، والحديده من الاكثر من الاكثر من الاكثر من الاكثر من الاكثر من الاكثر في الاكثر في الاكثر.
physics,"We consider a two-brane system in a five-dimensional anti-de Sitter
spacetime. We study particle creation due to the motion of the physical brane
which first approaches the second static brane (contraction) and then recedes
from it(expansion). The spectrum and the energy density of the generated
gravitons are calculated. We show that the massless gravitons have a blue
spectrum and that their energy density satisfies the nucleosynthesis bound with
very mild constraints on the parameters. We also show that the Kaluza-Klein
modes cannot provide the dark matter in an anti-de-Sitter braneworld. However,
for natural choices of parameters, backreaction from the Kaluza-Klein gravitons
may well become important. The main findings of this work have been published
in the form of a Letter [R. Durrer and M. Ruser, Phys. Rev. Lett. 99, 071601
(2007), arXiv:0704.0756].","ننظر في نظام من غشائين في زمكان خماسي الأبعاد من نوع مضاد دي سيتر. ندرس توليد الجسيمات الناتج عن حركة الغشاء الفيزيائي، والذي يقترب أولاً من الغشاء الساكن الثاني (انكماش) ثم يبتعد عنه (توسع). يتم حساب الطيف وكثافة الطاقة للغرْفيتونات المتولدة. نُبيّن أن الغرْفيتونات عديمة الكتلة لديها طيف أزرق، وأن كثافة طاقتها تفي بحد التخليق النووي مع قيود خفيفة جداً على المعاملات. كما نُبيّن أن أنماط كالوزا-كلاين لا يمكن أن توفر المادة المظلمة في عالم غشائي من نوع مضاد دي سيتر. إلا أنه، لاختيارات طبيعية للمعاملات، قد يصبح التفاعل الخلفي من الغرْفيتونات من نوع كالوزا-كلاين مهماً بالفعل. نُشرت النتائج الرئيسية لهذا العمل على شكل رسالة [R. Durrer and M. Ruser, Phys. Rev. Lett. 99, 071601 (2007), arXiv:0704.0756].","We consider a two-brane system in a five-dimensional anti-de Sitter spacetime. We study particle creation due to the motion of the physical brane which first approaches the second static brane (contraction) and then recedes from it(expansion). The spectrum and the energy density of the generated gravitons are calculated. We show that the massless gravitons have a blue spectrum and that their energy density satisfies the nucleosynthesis bound with very mild constraints on the parameters. We also show that the Kaluza-Klein modes cannot provide the dark matter in an anti-de-Sitter braneworld. However, for natural choices of parameters, backreaction from the Kaluza-Klein gravitons may well become important. The main findings of this work have been published in the form of a Letter [R. Durrer and M. Ruser, Phys. Rev. Lett. 99, 071601 (2007), arXiv:0704.0756].","ننظر في نظام من غشائين في زمكان خماسي الابعاد من نوع مضاد دي سيتر. ندرس توليد الجسيمات الناتج عن حركه الغشاء الفيزيائي، والذي يقترب اولا من الغشاء الساكن الثاني (انكماش) ثم يبتعد عنه (توسع). يتم حساب الطيف وكثافه الطاقه للغرفيتونات المتولده. نبين ان الغرفيتونات عديمه الكتله لديها طيف ازرق، وان كثافه طاقتها تفي بحد التخليق النووي مع قيود خفيفه جدا علي المعاملات. كما نبين ان انماط كالوزا-كلاين لا يمكن ان توفر الماده المظلمه في عالم غشائي من نوع مضاد دي سيتر. الا انه، لاختيارات طبيعيه للمعاملات، قد يصبح التفاعل الخلفي من الغرفيتونات من نوع كالوزا-كلاين مهما بالفعل. نشرت النتائج الرئيسيه لهذا العمل علي شكل رساله [R. Durrer and M. Ruser, Phys. Rev. Lett. 99, 071601 (2007), arXiv:0704.0756].",132,117,"نحن ننظر في نظام من نوعين في وقت مضاد للساتل من خمسة الأبعاد. نحن ندرس خلق الجسيمات بسبب حركة العضلات الفيزيائية التي تقترب أولاً من البطانية الثابتة الثانية (الانكماش) ثم تتراجع منه (التوسع). الطيف وكثافة الطاقة في الجرافيتونات المولدة محسوبة. نحن نظهر أن الجرافتونات عديمة الخصال لديها طيف أزرق وأن كثافتها من الطاقة تفي بالتمثيل النوي مقرونة بالقيود الخفيفة جداً على البارامترات. نحن أيضاً نظهر أن أنماط كالوزا-كلاين لا يمكن أن توفر المادة المظلمة في مادة مضادة للتوترات. لكن بالنسبة للخيارات الطبيعية للبارامترات، رد فعل ظهري من كالوزا-كلاين غرافتون قد يصبح مهماً. النتائج الرئيسية لهذا العمل قد نشرت في شكل حرف [R. Durrerr and M. Ruser, Physer, Rev. 99, 071601 (2007), ArXiv: 0704.0756].","ندرس نظام من اثنين من المسام في فترة الفضاء المضاد لدي سيتر الخمس الابعاد. ندرس خلق الجسيمات بسبب حركة المسام الماديه التي تقترب اولا من المسام الثاني ثابت (التقارب) ثم تتراجع عنها ((التوسع). يتم حساب الطيف والكثافيه الطاقة للجاذبيات المولده. ونظهر ان الجاذبيات بدون كتله لها طيفا زرقاء وان كثافيه الطاقة تلبي التكوين النووي المرتبط بالقيودات الحد من القلود علي العلامات. كما نظهر ان طرق كالوزا-كيلين لا يمكن ان توفر المادة المظلمه في المسام المضاد لدي سيتر. ومع ذلك، بالنسبة للاختيارات الطبيعيه للمعلمات، تصبح رد الفعل من الجاذبيات كالوزا-كلين مهمه جيدا. وقد نشرت النتائج الرئيسيه لهذه العمل في شكل رساله [Rys Ruster, Rys Ruster, Ryster, Ryster, Ryster, Ryster, Ryster، Ryster، Ryster، Ryster، Ryster، Ryster، Ryster، Ryster، Ryster، Ryster، Ryster، Ryster، Ryster، Ryster، Ryster، Ryster، Ryster، Ryster، Ryster، Ryster، Ryster، Ryster، Ryster، Ryster، Ryster، Ryster، Ryster، Ryster، Ryster، Ryster، Ryster، Ryster، Ryster، Ryster، Ryster، Ryster، Ryster، Ryster، Ryster، Ryster، Ryster، Ryster، Ryster، Ryster، Ryster، Ryster، Ryster، Ryster، Ryster، Ryster، Ryster، Ryster، Ryster، Ryster، Ryster، Ryster، Ryster، Ryster، Ryster، Ryster، Ryster، Ryster، Ryster، Ryster، Rys"
computer_science,"  The paper presents a survey of mathematical problems, techniques, and
challenges arising in the Thermoacoustic and Photoacoustic Tomography.
",تقدم هذه الورقة دراسة استقصائية للمشاكل الرياضية والتقنيات والتحديات التي تنشأ في التصوير المقطعي الحراري والصوتي الضوئي.,"The paper presents a survey of mathematical problems, techniques, and challenges arising in the Thermoacoustic and Photoacoustic Tomography.",تقدم هذه الورقه دراسه استقصائيه للمشاكل الرياضيه والتقنيات والتحديات التي تنشا في التصوير المقطعي الحراري والصوتي الضوئي.,18,17,وتقدم الورقة دراسة استقصائية للمشاكل الرياضية والتقنيات والتحديات الناشئة في الترمو الصوتي والتصوير الصوتي الضوئي.,وتقدم الورقه دراسه للمشاكل والمهارات والتحديات الرياضيه التي تنشأ في التصوير التروموجني التارمواكوستي والصوتياكوستي.
mathematics,"In this article we will first prove a result about convergence in capacity.
Using the achieved result we will obtain a general decompositon theorem for
complex Monge-Ampere measues which will be used to prove a comparison principle
for the complex Monge-Ampere operator.","في هذه المقالة سوف نثبت أولا نتيجة حول التقارب في القدرات.
باستخدام النتيجة المحققة سوف نحصل على نظرية التحلل العام ل
مقاييس Monge-Ampere المعقدة التي سيتم استخدامها لإثبات مبدأ المقارنة
لمشغل Monge-Ampere المعقد.",In this article we will first prove a result about convergence in capacity. Using the achieved result we will obtain a general decompositon theorem for complex Monge-Ampere measues which will be used to prove a comparison principle for the complex Monge-Ampere operator.,في هذه المقاله سوف نثبت اولا نتيجه حول التقارب في القدرات. باستخدام النتيجه المحققه سوف نحصل علي نظريه التحلل العام ل مقاييس Monge-Ampere المعقده التي سيتم استخدامها لاثبات مبدا المقارنه لمشغل Monge-Ampere المعقد.,42,33,في هذه المادة سوف نثبت أولاً نتيجة للتقارب في القدرة. وباستخدام النتيجة المحققة سوف نحصل على نظرية التحلل العام للمونج-امبير المعقدة التي سوف تستخدم لإثبات مبدأ المقارنة لمشغل مونج-امبيري المعقد.,في هذه المقالة، سنثبت أولا نتيجة حول التقارب في القدرات. باستخدام النتيجة المحققه، سنحصل علي نظريه تفكير عام لمتسعات مونج-امبير المعقدة، والتي سيتم استخدامها لاثبات مبدأ مقارنة لمشغل مونج-امبير المعقد.
physics,"A recent advance in improving the spatial resolution of magnetic force
microscopy (MFM) uses as sensor tips carbon nanotubes grown at the apex of
conventional silicon cantilever pyramids and coated with a thin ferromagnetic
layer. Magnetic images of high density vertically recorded media using these
tips exhibit a doubling of the spatial frequency under some conditions. Here we
demonstrate that this spatial frequency doubling is due to the switching of the
moment direction of the nanotube tip. This results in a signal which is
proportional to the absolute value of the signal normally observed in MFM. Our
modeling indicates that a significant fraction of the tip volume is involved in
the observed switching, and that it should be possible to image very high bit
densities with nanotube magnetic force sensors.","تقدم حديث في تحسين الاستبانة المكانية للقوة المغناطيسية
يستخدم الفحص المجهري (MFM) كنصائح استشعار أنابيب الكربون النانوية التي تزرع في قمة
أهرامات السيليكون الكابولي التقليدية والمغلفة مع المغناطيسي الحديدي رقيقة
طبقة. الصور المغناطيسية عالية الكثافة الوسائط المسجلة عموديا باستخدام هذه
تظهر النصائح مضاعفة التردد المكاني في ظل بعض الظروف. ها نحن ذا
إثبات أن مضاعفة التردد المكاني هذا يرجع إلى تبديل
اتجاه لحظة طرف الأنابيب النانوية. وهذا يؤدي إلى إشارة التي هي
متناسبة مع القيمة المطلقة للإشارة التي لوحظت عادة في MFM. لدينا
النمذجة تشير إلى أن جزءا كبيرا من حجم طرف تشارك في
التبديل لوحظ، وأنه ينبغي أن يكون من الممكن لصورة عالية جدا
الكثافات مع مستشعرات القوة المغناطيسية الأنبوبية النانوية.","A recent advance in improving the spatial resolution of magnetic force microscopy (MFM) uses as sensor tips carbon nanotubes grown at the apex of conventional silicon cantilever pyramids and coated with a thin ferromagnetic layer. Magnetic images of high density vertically recorded media using these tips exhibit a doubling of the spatial frequency under some conditions. Here we demonstrate that this spatial frequency doubling is due to the switching of the moment direction of the nanotube tip. This results in a signal which is proportional to the absolute value of the signal normally observed in MFM. Our modeling indicates that a significant fraction of the tip volume is involved in the observed switching, and that it should be possible to image very high bit densities with nanotube magnetic force sensors.",تقدم حديث في تحسين الاستبانه المكانيه للقوه المغناطيسيه يستخدم الفحص المجهري (MFM) كنصائح استشعار انابيب الكربون النانويه التي تزرع في قمه اهرامات السيليكون الكابولي التقليديه والمغلفه مع المغناطيسي الحديدي رقيقه طبقه. الصور المغناطيسيه عاليه الكثافه الوسائط المسجله عموديا باستخدام هذه تظهر النصائح مضاعفه التردد المكاني في ظل بعض الظروف. ها نحن ذا اثبات ان مضاعفه التردد المكاني هذا يرجع الي تبديل اتجاه لحظه طرف الانابيب النانويه. وهذا يؤدي الي اشاره التي هي متناسبه مع القيمه المطلقه للاشاره التي لوحظت عاده في MFM. لدينا النمذجه تشير الي ان جزءا كبيرا من حجم طرف تشارك في التبديل لوحظ، وانه ينبغي ان يكون من الممكن لصوره عاليه جدا الكثافات مع مستشعرات القوه المغناطيسيه الانبوبيه النانويه.,130,112,أحدث تقدم في تحسين الاستبانة المكانية لميكروسكوب القوة المغنطيسية (MFM) في استخدامات كمواضيع نانوية الكربونية المستنبتة على قمة الأهرامات التقليدية للكمبيوتر السليكونية المغلفة بطبقة مغناطيسية رقيقة. الصور المغنطيسية للوسائط المسجلة رأسياً ذات الكثافة العالية والتي تستخدم هذه الصفات تظهر مضاعفة التردد المكاني في بعض الظروف. هنا نثبت أن هذا التكرار المكاني يرجع إلى تغيير اتجاه اللحظة من طرف الأنبوب النانوي. هذا يسفر عن إشارة تتناسب مع القيمة المطلقة للإشارة التي لوحظت عادة في MFM. نمذجنا يشير إلى أن جزءاً كبيراً من حجم الطرفة ينطوي على التحول الملاحظ، وأنه ينبغي أن يكون من الممكن تصوير كثافات صغيرة عالية جداً مع أجهزة الاستشعار ذات القوة المغناطيسية النانوية.,وتستخدم النابضات الكربونيه النانيه للنوابه كمؤخرات الاستشعار، التي تنمو علي قمة الهرمات الكامنة السيليكونية التقليديه، وتغطيها طبقه فيروماغنيه رقيقه. تظهر الصور المغناطيسيه لوسائط عاليه الكثافه المنسجه عموديًا باستخدام هذه النوابه تضاعيف التردد الفضائي في ظل ظروف معينه. هنا نوضح ان هذا التضاعيف الفضائي هو بسبب تغيير اتجاه اللحظة لخط النانوتوبي. ويهدف هذا الي اشارة تناسب القيم الحتميه للمشاره التي تلاحظ عاده في MFM. تشير نموذجنا الي ان جزءا كبيرا من النوابه يشارك في تغيير حجم الملاحظ، وأن التصوير علي ان يكون ممكنا لتحويل الكثافه العالي جدا بقوه النانوتوبيه المغناطيسيه.
physics,"The electromagnetic form factors of the exotic baryons are calculated in the
framework of the relativistic quark model at small and intermediate momentum
transfer. The charge radii of the E+++ baryons are determined.",تُحسب عوامل الشكل الكهرومغناطيسية للباريونات الغريبة في إطار نموذج الكوارك النسبي عند قيم صغيرة ومتوسطة لانتقال الزخم. كما تُحدَّد أنصاف أقطار الشحنة للباريونات E+++.,The electromagnetic form factors of the exotic baryons are calculated in the framework of the relativistic quark model at small and intermediate momentum transfer. The charge radii of the E+++ baryons are determined.,تحسب عوامل الشكل الكهرومغناطيسيه للباريونات الغريبه في اطار نموذج الكوارك النسبي عند قيم صغيره ومتوسطه لانتقال الزخم. كما تحدد انصاف اقطار الشحنه للباريونات E+++.,33,24,وتحسب عوامل الشكل الكهرومغناطيسي للبارونات الغريبة في إطار نموذج الكوارك النسبية عند نقل الزخم الصغير والوسيط. ويُحدد ترادف الشحن للبرايون E+++.,يتم حساب عوامل الشكل الكهرومغناطيسي للباريونات الغريبة في إطار نموذج الكوارك النسبي عند نقل الزخم الصغير والمتوسط. يتم تحديد شعاع الشحن للباريونات E+++.
computer_science,"Any medium can be represented as an isometric subgraph of the hypercube, with
each token of the medium represented by a particular equivalence class of arcs
of the subgraph. Such a representation, although useful, is not especially
revealing of the structure of a particular medium. We propose an axiomatic
definition of the concept of a `mediatic graph'. We prove that the graph of any
medium is a mediatic graph. We also show that, for any non-necessarily finite
set S, there exists a bijection from the collection M of all the media on a
given set S (of states) onto the collection G of all the mediatic graphs on S.",يمكن تمثيل أي وسيط كمخطط فرعي متساوي القياس للمكعب الفائق، بحيث يُمثل كل رمز من الوسيط بفئة تكافؤ معينة من أضلاع المخطط الفرعي. على الرغم من فائدة هذا التمثيل، إلا أنه لا يكشف بشكل خاص عن بنية وسيط معين. نقترح تعريفًا بديهيًا لمفهوم 'الرسم البياني الوسائطي'. نثبت أن الرسم البياني لأي وسيط هو رسم بياني وسائطي. كما نبين أنه، لأي مجموعة S ليست بالضرورة منتهية، يوجد تقابل من المجموعة M لجميع الوسائط على مجموعة S معطاة (من الحالات) إلى المجموعة G لجميع الرسوم البيانية الوسائطية على S.,"Any medium can be represented as an isometric subgraph of the hypercube, with each token of the medium represented by a particular equivalence class of arcs of the subgraph. Such a representation, although useful, is not especially revealing of the structure of a particular medium. We propose an axiomatic definition of the concept of a `mediatic graph'. We prove that the graph of any medium is a mediatic graph. We also show that, for any non-necessarily finite set S, there exists a bijection from the collection M of all the media on a given set S (of states) onto the collection G of all the mediatic graphs on S.",يمكن تمثيل اي وسيط كمخطط فرعي متساوي القياس للمكعب الفائق، بحيث يمثل كل رمز من الوسيط بفئه تكافؤ معينه من اضلاع المخطط الفرعي. علي الرغم من فائده هذا التمثيل، الا انه لا يكشف بشكل خاص عن بنيه وسيط معين. نقترح تعريفا بديهيا لمفهوم 'الرسم البياني الوسائطي'. نثبت ان الرسم البياني لاي وسيط هو رسم بياني وسائطي. كما نبين انه، لاي مجموعه S ليست بالضروره منتهيه، يوجد تقابل من المجموعه M لجميع الوسائط علي مجموعه S معطاه (من الحالات) الي المجموعه G لجميع الرسوم البيانيه الوسائطيه علي S.,109,87,أي واسطة يمكن أن تمثل كخط فرعي أيزومتري للمكعب الفائق، مع كل رمز رمزي للواسطة الممثلة بفئة معادلة معينة لقوس الفرع. مثل هذا التمثيل، وإن كان مفيداً، لا يكشف بشكل خاص عن بنية وسط معين. نقترح تعريفاً محورياً لمفهوم `الرسم البياني الوسيط'. نثبت أن الرسم البياني لأي واسطة هو رسم بياني وسطي. كما نظهر أنه، بالنسبة لأي مجموعة غير محددة بصورة غير ضرورية من المجموعة S، يوجد شق من مجموعة M لجميع الوسائط على مجموعة معينة S (للولايات) على المجموعة G من جميع الرسوم البيانية الوسيطة على S.,يمكن تمثيل أي وسائط كجزء من الرسم البياني التوازي للمعدل العابر، مع تمثيل كل رمز للموسم بواسطه فئة معينة من تقواسير المخطط الفرعي. هذا التمثيل، على الرغم من أنه مفيد، ليس يكشف بشكل خاص عن هيكل وسائط معين. نقترح تعريفا محوريا لمفهوم الرسم البياني الوسطي. ونحن نثبت ان الرسم البياني لأي وسائط هو الرسم البياني الوسطي. كما نظهر ان، بالنسبة لأي مجموعة غير محدوده لضرورة S، هناك تعزيز من مجموعه M لجميع الوسائط علي مجموعة معينة S (من الحالات) علي مجموعه G لجميع الرسوم البيانيه علي S.
physics,"We study the solution of the nonlinear BK evolution equation with the recently calculated running coupling corrections [hep-ph/0609105, hep-ph/0609090]. Performing a numerical solution we confirm the earlier result of [hep-ph/0408216] that the high energy evolution with the running coupling leads to a universal scaling behavior for the dipole scattering amplitude. The running coupling corrections calculated recently significantly change the shape of the scaling function as compared to the fixed coupling case leading to a considerable increase in the anomalous dimension and to a slow-down of the evolution with rapidity. The difference between the two recent calculations is due to an extra contribution to the evolution kernel, referred to as the subtraction term, which arises when running coupling corrections are included. These subtraction terms were neglected in both recent calculations. We evaluate numerically the subtraction terms for both calculations, and demonstrate that when the subtraction terms are added back to the evolution kernels obtained in the two works the resulting dipole amplitudes agree with each other! We then use the complete running coupling kernel including the subtraction term to find the numerical solution of the resulting full non-linear evolution equation with the running coupling corrections. Again the scaling regime is recovered at very large rapidity.","ندرس حل معادلة تطور BK غير الخطية مع تصحيحات الاقتران الجاري المحسوبة مؤخرًا [hep-ph/0609105, hep-ph/0609090]. عند إجراء حل عددي، نؤكد النتيجة السابقة لـ [hep-ph/0408216] بأن تطور الطاقة العالية مع الاقتران الجاري يؤدي إلى سلوك قياسي شامل لسعة تشتت ثنائي القطب (dipole scattering amplitude). تُغير تصحيحات الاقتران الجاري المحسوبة مؤخرًا شكل دالة القياس بشكل كبير مقارنة بحالة الاقتران الثابت، مما يؤدي إلى زيادة كبيرة في البُعد الشاذ (anomalous dimension) وتباطؤ في التطور مع السرعة (rapidity). يعود الاختلاف بين الحسابين الأخيرين إلى مساهمة إضافية في نواة التطور، يشار إليها باسم ""حد الطرح"" (subtraction term)، والتي تنشأ عند تضمين تصحيحات الاقتران الجاري. تم إهمال حدود الطرح هذه في كلا الحسابين الأخيرين. نقوم بتقييم حدود الطرح عدديًا لكلا الحسابين، ونوضح أنه عندما تتم إضافة حدود الطرح مرة أخرى إلى نوى التطور التي تم الحصول عليها في العملين، فإن سعات ثنائي القطب الناتجة تتفق مع بعضها البعض! بعد ذلك، نستخدم نواة الاقتران الجاري الكاملة بما في ذلك حد الطرح لإيجاد الحل العددي لمعادلة التطور غير الخطية الكاملة الناتجة مع تصحيحات الاقتران الجاري. مرة أخرى، يتم استعادة نظام القياس (scaling regime) عند سرعة كبيرة جدًا.","We study the solution of the nonlinear BK evolution equation with the recently calculated running coupling corrections [hep-ph/0609105, hep-ph/0609090]. Performing a numerical solution we confirm the earlier result of [hep-ph/0408216] that the high energy evolution with the running coupling leads to a universal scaling behavior for the dipole scattering amplitude. The running coupling corrections calculated recently significantly change the shape of the scaling function as compared to the fixed coupling case leading to a considerable increase in the anomalous dimension and to a slow-down of the evolution with rapidity. The difference between the two recent calculations is due to an extra contribution to the evolution kernel, referred to as the subtraction term, which arises when running coupling corrections are included. These subtraction terms were neglected in both recent calculations. We evaluate numerically the subtraction terms for both calculations, and demonstrate that when the subtraction terms are added back to the evolution kernels obtained in the two works the resulting dipole amplitudes agree with each other! We then use the complete running coupling kernel including the subtraction term to find the numerical solution of the resulting full non-linear evolution equation with the running coupling corrections. Again the scaling regime is recovered at very large rapidity.","ندرس حل معادله تطور BK غير الخطيه مع تصحيحات الاقتران الجاري المحسوبه مؤخرا [hep-ph/0609105, hep-ph/0609090]. عند اجراء حل عددي، نؤكد النتيجه السابقه ل [hep-ph/0408216] بان تطور الطاقه العاليه مع الاقتران الجاري يؤدي الي سلوك قياسي شامل لسعه تشتت ثنائي القطب (dipole scattering amplitude). تغير تصحيحات الاقتران الجاري المحسوبه مؤخرا شكل داله القياس بشكل كبير مقارنه بحاله الاقتران الثابت، مما يؤدي الي زياده كبيره في البعد الشاذ (anomalous dimension) وتباطؤ في التطور مع السرعه (rapidity). يعود الاختلاف بين الحسابين الاخيرين الي مساهمه اضافيه في نواه التطور، يشار اليها باسم ""حد الطرح"" (subtraction term)، والتي تنشا عند تضمين تصحيحات الاقتران الجاري. تم اهمال حدود الطرح هذه في كلا الحسابين الاخيرين. نقوم بتقييم حدود الطرح عدديا لكلا الحسابين، ونوضح انه عندما تتم اضافه حدود الطرح مره اخري الي نوي التطور التي تم الحصول عليها في العملين، فان سعات ثنائي القطب الناتجه تتفق مع بعضها البعض! بعد ذلك، نستخدم نواه الاقتران الجاري الكامله بما في ذلك حد الطرح لايجاد الحل العددي لمعادله التطور غير الخطيه الكامله الناتجه مع تصحيحات الاقتران الجاري. مره اخري، يتم استعاده نظام القياس (scaling regime) عند سرعه كبيره جدا.",204,179,"نحن ندرس الحل لمعادلة معامل BK غير الخطي مع التصحيحات التي تم حسابها مؤخراً للاقتران (Hip-ph/0609105, hip-fe/0609090) و نجري حلاً رقمياً نؤكد النتيجة السابقة لـ [Hip-ph/0408216] التي تؤكد أن تطور الطاقة المرتفع مع الإقتران الجاري يؤدي إلى سلوك عالمي للارتقاء بالنسبة للخط الطولي الباعث الباعث. التصحيحات الجارفة المحسوبة مؤخراً تغير بشكل كبير شكل دالة القياس بالمقارنة مع حالة الإقتران الثابتة مما يؤدي إلى زيادة كبيرة في البعد الشاذ وإلى بطء في التطور مع السرعة. الفرق بين الحسابين الأخيرين هو نتيجة لمساهمة إضافية في نواة التطور، المشار إليها بمصطلح الطرح، والتي تنشأ عند إجراء التصحيحات الاقترانية المدرجة. هذه التصحيحات الطرحية أُهملت في الحسابين الأخيرين. نقيم رقمياً مصطلحات الطرح لكلا الحسابين، ونثبت أنه عندما تُضاف مصطلحات الطرح مؤخراً","ندرس حل معادله تطور BK غير الخطيه مع تصحيحات التراكم التشغيلي التي تم تحديدها مؤخرا [hep-ph/0609105, hep-ph/060909090]. ونقوم بحل عددي، ونؤكد النتيجه السابق ل [hep-ph/0408216]، بأن تطور الطاقة العالية مع التراكم التشغيلي يؤدي الي سلوك تنقيدي عالمي لمدى انتشار القطب الثنائي. وتغير تصحيحات التراكم المتحسسه مؤخرا بشكل كبير شكل وظيه تنقيدي مقارنيه مع قضيه التراكم الثابت مما يؤدي الي زيادة كبيرة في الابع غير العادي وتباطؤ التطور بسرعة. ويتسبب الفرق بين الحسابين الحديثين في مساهمه إضافيه لبنط التطور، يشار إليها باسم الانقطاع، والتي تنشأ عند تشغيل الانقطاعات التراكميه. تم الانقطاع في الحسابات الحديثه. ونحن نتفق علي استخدام كل منهجين من الحسابات الكامله لتنقيه التراكميتين، ونجد كل منهجما يضافهما في النظام التراكمي لتحسير التراكمي، ونجد كل منهجما في التراكمي مع كل منهج، ونجد ان كل منهما يضافهما في التراكمي التراكميله الكبيه، ويتمثل في كل منهجما يضافهما في التراكميله العاديه العاديه، ويتنافقنا مع التراكمي علي التراكمي في التراكميله."
physics,"We study the processes e+e−→K+K−π+π−γ, K+K−π0π0γ and K+K−K+K−γ, where the photon is radiated from the initial state. About 34600, 4400 and 2300 fully reconstructed events, respectively, are selected from 232 fb−1 of BaBar data. The invariant mass of the hadronic final state defines the effective e+e− center-of-mass energy, so that the K+K−π+π−γ data can be compared with direct measurements of the e+e−→K+K−π+π− reaction; no direct measurements exist for the e+e−→K+K−π0π0 or e+e−→K+K−K+K− reactions. Studying the structure of these events, we find contributions from a number of intermediate states, and we extract their cross sections where possible. In particular, we isolate the contribution from e+e−→ϕ(1020)f0​(980) and study its structure near threshold. In the charmonium region, we observe the J/ψ in all three final states and several intermediate states, as well as the ψ(2S) in some modes, and measure the corresponding branching fractions. We see no signal for the Y(4260) and obtain an upper limit of BRY(4260)→ϕπ+π−​⋅ΓeeY​<0.4 eV at 90% C.L.",ندرس العمليات e+e−→K+K−π+π−γ، و K+K−π0π0γ، و K+K−K+K−γ، حيث ينبعث الفوتون من الحالة الأولية. يتم اختيار حوالي 34600 و 4400 و 2300 حدث أعيد بناؤه بالكامل، على التوالي، من 232 fb−1 من بيانات BaBar. تُعرّف الكتلة الثابتة للحالة النهائية الهادرونية طاقة مركز الكتلة الفعالة e+e−، بحيث يمكن مقارنة بيانات K+K−π+π−γ بالقياسات المباشرة لتفاعل e+e−→K+K−π+π−؛ لا توجد قياسات مباشرة لتفاعلات e+e−→K+K−π0π0 أو e+e−→K+K−K+K−. بدراسة بنية هذه الأحداث، نجد مساهمات من عدد من الحالات الوسيطة، ونستخرج مقاطعها العرضية حيثما أمكن. على وجه الخصوص، نعزل المساهمة من e+e−→ϕ(1020)f0​(980) وندرس بنيتها بالقرب من العتبة. في منطقة الكارمونيوم (charmonium)، نلاحظ J/ψ في جميع الحالات النهائية الثلاث وعدة حالات وسيطة، وكذلك ψ(2S) في بعض الأوضاع، ونقيس نسب التفرع المقابلة. لا نرى أي إشارة لـ Y(4260) ونحصل على حد أعلى BRY(4260)→ϕπ+π−​⋅ΓeeY​<0.4 eV عند مستوى ثقة 90%.,"We study the processes e+e−→K+K−π+π−γ, K+K−π0π0γ and K+K−K+K−γ, where the photon is radiated from the initial state. About 34600, 4400 and 2300 fully reconstructed events, respectively, are selected from 232 fb−1 of BaBar data. The invariant mass of the hadronic final state defines the effective e+e− center-of-mass energy, so that the K+K−π+π−γ data can be compared with direct measurements of the e+e−→K+K−π+π− reaction; no direct measurements exist for the e+e−→K+K−π0π0 or e+e−→K+K−K+K− reactions. Studying the structure of these events, we find contributions from a number of intermediate states, and we extract their cross sections where possible. In particular, we isolate the contribution from e+e−→ϕ(1020)f0​(980) and study its structure near threshold. In the charmonium region, we observe the J/ψ in all three final states and several intermediate states, as well as the ψ(2S) in some modes, and measure the corresponding branching fractions. We see no signal for the Y(4260) and obtain an upper limit of BRY(4260)→ϕπ+π−​⋅ΓeeY​<0.4 eV at 90% C.L.",ندرس العمليات e+e−→K+K−π+π−γ، و K+K−π0π0γ، و K+K−K+K−γ، حيث ينبعث الفوتون من الحاله الاوليه. يتم اختيار حوالي 34600 و 4400 و 2300 حدث اعيد بناؤه بالكامل، علي التوالي، من 232 fb−1 من بيانات BaBar. تعرف الكتله الثابته للحاله النهائيه الهادرونيه طاقه مركز الكتله الفعاله e+e−، بحيث يمكن مقارنه بيانات K+K−π+π−γ بالقياسات المباشره لتفاعل e+e−→K+K−π+π−؛ لا توجد قياسات مباشره لتفاعلات e+e−→K+K−π0π0 او e+e−→K+K−K+K−. بدراسه بنيه هذه الاحداث، نجد مساهمات من عدد من الحالات الوسيطه، ونستخرج مقاطعها العرضيه حيثما امكن. علي وجه الخصوص، نعزل المساهمه من e+e−→ϕ(1020)f0​(980) وندرس بنيتها بالقرب من العتبه. في منطقه الكارمونيوم (charmonium)، نلاحظ J/ψ في جميع الحالات النهائيه الثلاث وعده حالات وسيطه، وكذلك ψ(2S) في بعض الاوضاع، ونقيس نسب التفرع المقابله. لا نري اي اشاره ل Y(4260) ونحصل علي حد اعلي BRY(4260)→ϕπ+π−​⋅ΓeeY​<0.4 eV عند مستوي ثقه 90%.,159,128,نحن ندرس العمليات e+B-K+K+K_________________________________________________________________________________________________________________________________________________________________________________________________________________________________________________________________________________________________________________________________________________________________________________________________________________________________________________________________________________________________________________,ندرس العمليات e+e−→K+K−π+π−γ، K+K−π0π0γ، و K+K−K+K−γ، حيث يتم تشريع الفوتون من الحاله الاوليه. يتم اختيار حوالي 34600، 4400، و 2300 حدثا تم إعادة بناؤها بالكامل، على التوالي، من 232 fb−1 من بيانات BaBar. تعريف الكتلة غير متغيره من الحاله النهائيه الاردونيه طاقه مركز الكتلة الفعلي e+e−، بحيث يمكن مقارنة بيانات K+K−π+π−γ مع القياسات المباشره لفاعله e+e−→K+K−π+π−→φ؛ لا توجد قياسات مباشره لفاعلات e→K−e−π0π0 أو e−K+K+K+K−K. عند دراسه هذه الحالات، نستلم مساهمات من الهيكل الاختصاري لـ E+e−، والشكل من الاختصارات الاختصاري لدرج الاختراقات، والشكل من الاختصارات الاختصاري لدرج الاختصاره الاختصاري، والشكل من الاختصارياتصاريات الاختصاري لدرج الاختصاري، والشكل من الاختصاره الاختصارياتصاريات، والشكل من الاختصارياتصارياتصاريات الاختصارياتصاري، والشكل من الاختصارياتصارياتصاريات، والشكل من الاختصارياتصارياتصاريات، والشكل من الاختصارياتصارياتصاريات، والشكل من الاختصارياتصارياتصاريات، والشريعات الاختصارياتصاريات، والشريعات الاختصارياتصاريات، والشريعات الاختصارياتصاريات، والصارياتصارياتصاريات، والصارياتصارياتصاريات، والصارياتصاريات، والصارياتصارياتصاريات، والصارياتصارياتصاريات، والصارياتصارياتصاريات،
quantum_mechanics,"We show how an idealised measurement procedure can condense photons from two
modes into one, and how, by feeding forward the results of the measurement, it
is possible to generate efficiently superpositions of components for which only
one mode is populated, commonly called ``N00N states''. For the basic
procedure, sources of number states leak onto a beam splitter, and the output
ports are monitored by photodetectors. We find that detecting a fixed fraction
of the input at one output port suffices to direct the remainder to the same
port with high probability, however large the initial state. When instead
photons are detected at both ports, Schr\""{o}dinger cat states are produced. We
describe a circuit for making the components of such a state orthogonal, and
another for subsequent conversion to a N00N state. Our approach scales
exponentially better than existing proposals. Important applications include
quantum imaging and metrology.",باستخدام كتالوج كبير لمجموعات المجرات يعتمد على الإصدار الرابع من مسح سلون الرقمي للسماء، نقيس ثلاثة أنواع مختلفة من محاذاة المجرات الجوهرية داخل المجموعات: محاذاة الهالة بين اتجاه ألمع مجرات المجموعة (BGG) وتوزيع مجراتها التابعة، والمحاذاة الشعاعية (radial alignment) بين اتجاه المجرة التابعة والاتجاه نحو ألمع مجرة في مجموعتها (BGG)، والمحاذاة المباشرة بين اتجاه BGG واتجاه توابعها. بالاتفاق مع الدراسات السابقة، نجد أن المجرات التابعة تقع بشكل تفضيلي على طول المحور الرئيسي. بالإضافة إلى ذلك، على مقاييس $r < 0.7 \text{ Rvir}$ نجد أن التوابع الحمراء تتماشى بشكل شعاعي تفضيليًا مع الاتجاه إلى BGG. ومع ذلك، فإن اتجاهات التوابع الزرقاء تتفق تمامًا مع كونها متساوية الخواص (isotropic). أخيرًا، على مقاييس $r < 0.1 \text{ Rvir}$، نجد مؤشرًا ضعيفًا ولكنه مهم للمحاذاة المباشرة بين التوابع و BGGs. نناقش بإيجاز الآثار المترتبة على قياسات العدسة الضعيفة (weak lensing measurements).,"We show how an idealised measurement procedure can condense photons from two modes into one, and how, by feeding forward the results of the measurement, it is possible to generate efficiently superpositions of components for which only one mode is populated, commonly called ``N00N states''. For the basic procedure, sources of number states leak onto a beam splitter, and the output ports are monitored by photodetectors. We find that detecting a fixed fraction of the input at one output port suffices to direct the remainder to the same port with high probability, however large the initial state. When instead photons are detected at both ports, Schr\""{o}dinger cat states are produced. We describe a circuit for making the components of such a state orthogonal, and another for subsequent conversion to a N00N state. Our approach scales exponentially better than existing proposals. Important applications include quantum imaging and metrology.",باستخدام كتالوج كبير لمجموعات المجرات يعتمد علي الاصدار الرابع من مسح سلون الرقمي للسماء، نقيس ثلاثه انواع مختلفه من محاذاه المجرات الجوهريه داخل المجموعات: محاذاه الهاله بين اتجاه المع مجرات المجموعه (BGG) وتوزيع مجراتها التابعه، والمحاذاه الشعاعيه (radial alignment) بين اتجاه المجره التابعه والاتجاه نحو المع مجره في مجموعتها (BGG)، والمحاذاه المباشره بين اتجاه BGG واتجاه توابعها. بالاتفاق مع الدراسات السابقه، نجد ان المجرات التابعه تقع بشكل تفضيلي علي طول المحور الرئيسي. بالاضافه الي ذلك، علي مقاييس $r < 0.7 \text{ Rvir}$ نجد ان التوابع الحمراء تتماشي بشكل شعاعي تفضيليا مع الاتجاه الي BGG. ومع ذلك، فان اتجاهات التوابع الزرقاء تتفق تماما مع كونها متساويه الخواص (isotropic). اخيرا، علي مقاييس $r < 0.1 \text{ Rvir}$، نجد مؤشرا ضعيفا ولكنه مهم للمحاذاه المباشره بين التوابع و BGGs. نناقش بايجاز الاثار المترتبه علي قياسات العدسه الضعيفه (weak lensing measurements).,147,137,نعرض كيف يمكن لإجراء قياس مثالي أن يكثف الفوتونات من مسارين إلى واحد، وكيف، من خلال التغذية إلى الأمام بنتائج القياس، من الممكن توليد مواقف عالية بكفاءة من المكونات التي يوجد لها نمط واحد فقط مأهولة، تسمى عادة 'N00N states'. بالنسبة للإجراء الأساسي، مصادر عدد الدول التي تتسرب إلى قسم شعاع، وموانئ المخرجات يتم رصدها بواسطة كاشفات ضوئية. نجد أن اكتشاف جزء ثابت من المدخلات في أحد منفذ المخرجات يكفي لتوجيه الباقي إلى نفس الميناء مع احتمال كبير، مهما كانت الحالة الأولية. عندما يتم اكتشاف الفوتونات بدلا من ذلك في كلا الميناءين، يتم إنتاج Schr\' {o}diger stases. نحن نصف دائرة لصنع مكونات هذه الدولة متعامدة، وآخر لتحويل لاحق إلى حالة N00N. نهجنا يتسع بشكل أفضل من المقترحات الموجودة. التطبيقات المهمة تشمل التصوير والقياس.,"ونظهر كيف يمكن لنهج قياس مثالي لتكثيف الفوتونات من طريقتين للوجهين الي واحده، وكيف انه من الممكن، عن طريق استمرار تغذيه نتائج القياس، توليد تعليقات فعاله للمكونات التي يمتد فيها وضع واحد فقط، يطلق عليها عادة حالات ``N00N. ""بالنسبة لنهجيه الاساسي، تسرب مصادر الحالات العدده الي شقيع شعاع، ويتم مراقبه البوابات المصدر بواسطه كاشفات صور. ونحن نكتشف ان اكتشاف جزء ثابت من المدخل عند منفذ واحد كافيه لتوجيه البقيه الي نفس البوابه ذات الاحتمالات العالية، مهما كانت الحاله الابتدائيه الكبيره. عندما يتم اكتشاف الفوتونات بدلا من ذلك في كلتا البوابتين، يتم إنتاج حالات شرير. ونصف نهج لتكوين مكونات مثل هذه الحاله، ونهجيه اخرى لتحويلها الي N0000. وتشمل تطبيقاتنا الكموميه افضل من الوضع الحالي. تطبيقاتنا تطبيقاتنا الكموميه وتقديم الاقتراحات الكموميه من حيث الحاله الحاله الحاليه."
quantum_mechanics,"  We improve the upper bound on the minimal resources required for
measurement-based quantum computation. Minimizing the resources required for
this model is a key issue for experimental realization of a quantum computer
based on projective measurements. This new upper bound allows also to reply in
the negative to the open question about the existence of a trade-off between
observable and ancillary qubits in measurement-based quantum computation.
",نقوم بتحسين الحد الأعلى للموارد الدنيا المطلوبة للحوسبة الكمية القائمة على القياسات. ويُعد تقليل الموارد المطلوبة لهذا النموذج قضية رئيسية للتحقيق التجريبي لحاسوب كمي قائم على القياسات الإسقاطية. ويتيح هذا الحد الأعلى الجديد أيضًا الرد على السؤال المفتوح حول وجود مقايضة بين الكيوبتات القابلة للملاحظة والكيوبتات الإضافية في الحوسبة الكمية القائمة على القياسات.,We improve the upper bound on the minimal resources required for measurement-based quantum computation. Minimizing the resources required for this model is a key issue for experimental realization of a quantum computer based on projective measurements. This new upper bound allows also to reply in the negative to the open question about the existence of a trade-off between observable and ancillary qubits in measurement-based quantum computation.,نقوم بتحسين الحد الاعلي للموارد الدنيا المطلوبه للحوسبه الكميه القائمه علي القياسات. ويعد تقليل الموارد المطلوبه لهذا النموذج قضيه رئيسيه للتحقيق التجريبي لحاسوب كمي قائم علي القياسات الاسقاطيه. ويتيح هذا الحد الاعلي الجديد ايضا الرد علي السؤال المفتوح حول وجود مقايضه بين الكيوبتات القابله للملاحظه والكيوبتات الاضافيه في الحوسبه الكميه القائمه علي القياسات.,66,53,ونحن نحسن الحد الأعلى على الحد الأدنى من الموارد المطلوبة لحساب الكم القائم على القياس. إن التقليل إلى الحد الأدنى من الموارد المطلوبة لهذا النموذج هو قضية رئيسية في التطبيق التجريبي لحاسوب الكم استناداً إلى القياسات الإسقاطية. وهذا الحد الأعلى الجديد يسمح أيضاً بالرد بالنفي على السؤال المفتوح حول وجود مقايضة بين المقدار الملحوظ والمقدار الفرعي في الحساب الكمي القائم على القياس.,نحن نحسن الحد العلوي علي الحد الأدنى للموارد اللازمه للحساب الكمومي القائم علي القياس. تقليل الموارد المطلوبه لهذا النموذج هو قضيه رئيسيه لتحقيق تجريبي لجهاز كمومي يعتمد علي القياسات المضاربه. يسمح هذا الحد العلوي الجديد ايضا بالرد بالسلب علي السؤال المفتوح حول وجود تعادل بين الكوبيتات الملاحظه والمساعده في الحساب الكمومي القائم علي القياس.
physics,"We analyze the effect of gravitational radiation reaction on generic orbits
around a body with an axisymmetric mass quadrupole moment Q to linear order in
Q, to the leading post-Newtonian order, and to linear order in the mass ratio.
This system admits three constants of the motion in absence of radiation
reaction: energy, angular momentum, and a third constant analogous to the
Carter constant. We compute instantaneous and time-averaged rates of change of
these three constants. For a point particle orbiting a black hole, Ryan has
computed the leading order evolution of the orbit's Carter constant, which is
linear in the spin. Our result, when combined with an interaction quadratic in
the spin (the coupling of the black hole's spin to its own radiation reaction
field), gives the next to leading order evolution. The effect of the
quadrupole, like that of the linear spin term, is to circularize eccentric
orbits and to drive the orbital plane towards antialignment with the symmetry
axis. In addition we consider a system of two point masses where one body has a
single mass multipole or current multipole. To linear order in the mass ratio,
to linear order in the multipole, and to the leading post-Newtonian order, we
show that there does not exist an analog of the Carter constant for such a
system (except for the cases of spin and mass quadrupole). With mild additional
assumptions, this result falsifies the conjecture that all vacuum, axisymmetric
spacetimes posess a third constant of geodesic motion.","نحن نحلل تأثير تفاعل إشعاع الجاذبية على المدارات العامة
حول الجسم مع محوري كتلة رباعية لحظة Q إلى ترتيب خطي في
Q ، إلى ترتيب ما بعد نيوتن الرائد ، وإلى الترتيب الخطي في نسبة الكتلة.
هذا النظام يعترف بثلاثة ثوابت للحركة في غياب الإشعاع
رد الفعل: الطاقة، والزخم الزاوي، وثالث ثابت مماثل ل
كارتر ثابت. نحن نحسب معدلات التغيير الفورية والمتوسطة للوقت
هذه الثوابت الثلاثة. بالنسبة لجسيم نقطة يدور حول ثقب أسود ، فإن ريان لديه
حساب تطور الترتيب الرئيسي لثابت كارتر في المدار، وهو
خطي في الدوران. نتيجتنا، عندما تقترن بالتفاعل التربيعي في
الدوران (اقتران دوران الثقب الأسود بتفاعله الإشعاعي الخاص به
المجال) ، يعطي التالي لتطور النظام الرائدة. تأثير
رباعي الأقطاب ، مثل مصطلح الدوران الخطي ، هو تعميم غريب الأطوار
المدارات ودفع المستوى المداري نحو antialignment مع التماثل
المحور. بالإضافة إلى ذلك ، فإننا نعتبر نظامًا من كتلتين حيث يحتوي جسم واحد على
كتلة واحدة متعددة الأقطاب أو متعددة القطب الحالي. إلى الترتيب الخطي في نسبة الكتلة،
إلى ترتيب خطي في متعدد الأقطاب ، وإلى ترتيب ما بعد نيوتن الرائد ، نحن
تبين أنه لا يوجد التناظرية من ثابت كارتر لمثل هذا Meme it
النظام (باستثناء حالات الدوران والكتلة الرباعية). مع خفيفة إضافية
افتراضات ، هذه النتيجة تزييف التخمين أن كل فراغ ، محوري المتماثلة
الزمكان يشكل ثابت ثالث من الحركة الجيوديسية.","We analyze the effect of gravitational radiation reaction on generic orbits around a body with an axisymmetric mass quadrupole moment Q to linear order in Q, to the leading post-Newtonian order, and to linear order in the mass ratio. This system admits three constants of the motion in absence of radiation reaction: energy, angular momentum, and a third constant analogous to the Carter constant. We compute instantaneous and time-averaged rates of change of these three constants. For a point particle orbiting a black hole, Ryan has computed the leading order evolution of the orbit's Carter constant, which is linear in the spin. Our result, when combined with an interaction quadratic in the spin (the coupling of the black hole's spin to its own radiation reaction field), gives the next to leading order evolution. The effect of the quadrupole, like that of the linear spin term, is to circularize eccentric orbits and to drive the orbital plane towards antialignment with the symmetry axis. In addition we consider a system of two point masses where one body has a single mass multipole or current multipole. To linear order in the mass ratio, to linear order in the multipole, and to the leading post-Newtonian order, we show that there does not exist an analog of the Carter constant for such a system (except for the cases of spin and mass quadrupole). With mild additional assumptions, this result falsifies the conjecture that all vacuum, axisymmetric spacetimes posess a third constant of geodesic motion.",نحن نحلل تاثير تفاعل اشعاع الجاذبيه علي المدارات العامه حول الجسم مع محوري كتله رباعيه لحظه Q الي ترتيب خطي في Q ، الي ترتيب ما بعد نيوتن الرائد ، والي الترتيب الخطي في نسبه الكتله. هذا النظام يعترف بثلاثه ثوابت للحركه في غياب الاشعاع رد الفعل: الطاقه، والزخم الزاوي، وثالث ثابت مماثل ل كارتر ثابت. نحن نحسب معدلات التغيير الفوريه والمتوسطه للوقت هذه الثوابت الثلاثه. بالنسبه لجسيم نقطه يدور حول ثقب اسود ، فان ريان لديه حساب تطور الترتيب الرئيسي لثابت كارتر في المدار، وهو خطي في الدوران. نتيجتنا، عندما تقترن بالتفاعل التربيعي في الدوران (اقتران دوران الثقب الاسود بتفاعله الاشعاعي الخاص به المجال) ، يعطي التالي لتطور النظام الرائده. تاثير رباعي الاقطاب ، مثل مصطلح الدوران الخطي ، هو تعميم غريب الاطوار المدارات ودفع المستوي المداري نحو antialignment مع التماثل المحور. بالاضافه الي ذلك ، فاننا نعتبر نظاما من كتلتين حيث يحتوي جسم واحد علي كتله واحده متعدده الاقطاب او متعدده القطب الحالي. الي الترتيب الخطي في نسبه الكتله، الي ترتيب خطي في متعدد الاقطاب ، والي ترتيب ما بعد نيوتن الرائد ، نحن تبين انه لا يوجد التناظريه من ثابت كارتر لمثل هذا Meme it النظام (باستثناء حالات الدوران والكتله الرباعيه). مع خفيفه اضافيه افتراضات ، هذه النتيجه تزييف التخمين ان كل فراغ ، محوري المتماثله الزمكان يشكل ثابت ثالث من الحركه الجيوديسيه.,249,216,نحن نحلل تأثير رد فعل إشعاعي على مدارات عامة حول جسم به كتلة مربعة رباعية الرباعي (Q) إلى ترتيب في Q، وإلى ترتيب ما بعد نيوتونيان الرائد، وإلى ترتيب خطي في نسبة الكتلة. هذا النظام يعترف بثلاثة ثابتات من الحركة في غياب رد فعل إشعاعي: الطاقة، والزخم الزاوي، وثالث ثابت مماثل لثبات كارتر. نحن نحسب معدلات تغير هذه الثوابت والمتوسطة زمنياً لهذه الثوابت الثلاثة. بالنسبة لنقطة جسيم يدور حول ثقب أسود، قام رايان بتأثير الترتيب الرئيسي للتطور الهرمي للمدار، وهو ثابت كارتر، الذي هو خطي في الدورة. نتيجتنا، عندما تجتمع مع تفاعلي في الدورة (اقتران دوران الثقب الأسود في حقل تفاعله الاشعاعي)، تعطينا التالي إلى تطور الترتيب. تأثير الرباعي، مثل ذلك في المصطلح الدلالي، هو لتعميق المدارات الاضافية، والتي هي في الدورة الاضافية، وقيادة المستوى المداري في اتجاه المعادل مع محور التناظر. في الاضافة ننظر في نظام مكون من جزيئات حيث يوجد جسم واحد في فضاء وحيد متعدد التركزات أو نظام التفاضل الذي يوجد في هذا الشكل المتعدد,نحلل تأثير رد فعل الإشعاع الجاذبيه علي المدارات العاديه حول جسد يمتلك لحظة رباعيه كتله محاكيه Q لحاله خطيه في Q، وحاله النظام ما بعد نيوتون، وحاله النظام الخطي في نسبة الكتله. يسمح هذا النظام بثلاث ثابتات للحركة في غياب رد فعل الإشعاع: الطاقة، والدفعه الزاويه، وثالث ثابت مشابه لثابت كارتر. نحسب معدلات تغير فوريه ومتوسطه في الوقت لهذه الثلاثه الثبات. بالنسبة لجسيم نقطي يدور حول ثقب سوداء، وحسب رايان تطور الترتيب الرائد لثبات كارتر، والتي هي خطيه في النظام. نتيجتنا، عندما يتم دمجها مع ثبث التفاعل في النظام الدوران (التزامن بين ثقب الدوران السوداء لتنظام اشعاعه الخاص) ، يقدم مصطلحه اثنين من النظام التحولات، والتي تظهر نتيجه التطورات المتعدده، والتي لا تظهر في النظام التردد التالي، حيث يضمن وجود خطات متدليه لثبتين. مع وجود خطات متدليه، ونحن نضمن ان النظام الدوران متدليه، والخطط، والخطط، والخطط، والخطط، والخطط، والخطط، والخطط، والخطط، والخطط، والخطط، والخطط، والخطط، والخطط، والخطط، والخطط، والخطط، والخطط، والخطط، والخطط، والخطط، والخطط، والخطط، والخطط، والخطط، والخطط، والخطط، والخطط، والخطط، والخطط، والخطط، والخطط، والخطط، والخطط، والخطط، والخطط، والخطط، والخطط، والخطط، والخطط، والخطط، والخطط، والخطط، والخطط، والخطط، والخطط، والخطط.
other,"1 Generalities
  2 Empirical diagnostics based on emission lines
  3 Photoionization modelling
  4 Pending questions
  5 Appendix: Lists of useful lines and how to deal with them","1 العموميات
2 التشخيص التجريبي على أساس خطوط الانبعاثات
3 نمذجة التأين الضوئي
4 أسئلة معلقة
5 الملحق: قوائم الأسطر المفيدة وكيفية التعامل معها",1 Generalities 2 Empirical diagnostics based on emission lines 3 Photoionization modelling 4 Pending questions 5 Appendix: Lists of useful lines and how to deal with them,1 العموميات 2 التشخيص التجريبي علي اساس خطوط الانبعاثات 3 نمذجه التاين الضوئي 4 اسئله معلقه 5 الملحق: قوائم الاسطر المفيده وكيفيه التعامل معها,27,24,باء - التشخيصات التجريبية القائمة على أساس خطوط الانبعاث 3,1 الجماليات 2 التشخيص التجريبي القائم علي خطوط الانبعاث 3 نمذجة التصوير الصوير 4 الأسئلة المنتظرة 5 الملحق: قائمه من الخطوط المفيدة وكيفية التعامل معها
mathematics,"In this paper, we give out some effective criterions which can be used to
judge the separability of multipartite pure states. We obtain the relationship
between separability and Schmidt decomposable of multipartite pure states in
Theorem1. The first criterion derived from Theorem2 dose not need the Schmidt
decomposition which is hard to find for multipartite states. Theorem3 is more
profound which can be used to deduce Corollary1 which is one of the main
results in [1]. Finally, we give out an algorithm which can be used to judge
the separability of multipartite pure states effectively.",في هذه الورقة البحثية، نقدم بعض المعايير الفعالة التي يمكن استخدامها لتحديد قابلية فصل الحالات النقية متعددة الأطراف. نستنتج العلاقة بين قابلية الفصل وإمكانية التحلل الشميدتي للحالات النقية متعددة الأطراف في النظرية 1. المعيار الأول المشتق من النظرية 2 لا يتطلب تحليل شميدت، والذي يصعب إيجاده للحالات متعددة الأطراف. النظرية 3 أكثر عمقًا، ويمكن استخدامها لاستنتاج النتيجة 1، والتي تُعد إحدى النتائج الرئيسية في المرجع [1]. أخيرًا، نقدم خوارزمية يمكن استخدامها لتحديد قابلية فصل الحالات النقية متعددة الأطراف بفعالية.,"In this paper, we give out some effective criterions which can be used to judge the separability of multipartite pure states. We obtain the relationship between separability and Schmidt decomposable of multipartite pure states in Theorem1. The first criterion derived from Theorem2 dose not need the Schmidt decomposition which is hard to find for multipartite states. Theorem3 is more profound which can be used to deduce Corollary1 which is one of the main results in [1]. Finally, we give out an algorithm which can be used to judge the separability of multipartite pure states effectively.",في هذه الورقه البحثيه، نقدم بعض المعايير الفعاله التي يمكن استخدامها لتحديد قابليه فصل الحالات النقيه متعدده الاطراف. نستنتج العلاقه بين قابليه الفصل وامكانيه التحلل الشميدتي للحالات النقيه متعدده الاطراف في النظريه 1. المعيار الاول المشتق من النظريه 2 لا يتطلب تحليل شميدت، والذي يصعب ايجاده للحالات متعدده الاطراف. النظريه 3 اكثر عمقا، ويمكن استخدامها لاستنتاج النتيجه 1، والتي تعد احدي النتائج الرئيسيه في المرجع [1]. اخيرا، نقدم خوارزميه يمكن استخدامها لتحديد قابليه فصل الحالات النقيه متعدده الاطراف بفعاليه.,95,79,في هذه الورقة، نعرض بعض المعايير الفعالة التي يمكن استخدامها للحكم على إمكانية الفصل بين الدول المتعددة الأطراف النقية. نحصل على العلاقة بين القابلية للفصل والشميدت القابل للتحلل من الدول المتعددة الأطراف النقية في ثيورم1. المعيار الأول المستمد من جرعة ثيورم2 لا يحتاج إلى تحلل شميدت الذي يصعب العثور عليه بالنسبة للدول المتعددة الأطراف. النظرية 3 أكثر عمقاً والتي يمكن استخدامها لاستنتاج الكورولاري 1 وهو أحد النتائج الرئيسية في [1]. وأخيراً، نقدم خوارزمية يمكن استخدامها للحكم على إمكانية الفصل بين الدول المتعددة الأطراف النقية بشكل فعال.,في هذه الورقه، نقدم بعض المعايير الفعله التي يمكن استخدامها لتحكيم تفصل الحالات النقيه متعدده الجانبين. نحصل علي العلاقه بين الانفصال والشميدت قابله للتفكك من الحالات النقيه متعدده الجانبين في نظريه1. لا يحتاج المعايير الاوليه المستمده من جرعه نظريه2 الي تفكك شميدت الذي يصعب العثور عليه بالنسبة للحالات متعدده الجانبين. نظريه3 هو اكثر عمقا يمكن استخدامه لاستدامه لاستدلال Corollary1، وهو واحد من النتائج الرئيسيه في [1]، ونقدم أخيرا، خوارزميا يمكن استخدامه لتحكيم تفكك الحالات النقيه متعدده الجانبين بشكل فعال.
mathematics,"To provide criteria in the selection of target events preferable for
planetary lensing follow-up observations, we investigate the variation of the
probability of detecting planetary signals depending on the observables of the
lensing magnification and source brightness. In estimating the probability, we
consider variation of the photometric precision by using a quantity defined as
the ratio of the fractional deviation of the planetary perturbation to the
photometric precision. From this investigation, we find consistent result from
previous studies that the probability increases with the increase of the
magnification. The increase rate is boosted at a certain magnification at which
perturbations caused by central caustic begin to occur. We find this boost
occurs at moderate magnifications of $A\lesssim 20$, implying that probability
can be high even for events with moderate magnifications. The probability
increases as the source brightness increases. We find that the probability of
events associated with stars brighter than clump giants is not negligible even
at magnifications as low as $A\sim 5$. In the absence of rare the prime target
of very high-magnification events, we, therefore, recommend to observe events
with brightest source stars and highest magnifications among the alerted
events. Due to the increase of the source size with the increase of the
brightness, however, the probability rapidly drops off beyond a certain
magnification, causing detections of low mass ratio planets ($q\lesssim
10^{-4}$) difficult from the observations of events involved with giant stars
with magnifications $A\gtrsim 70$.",لوضع معايير لاختيار الأحداث المستهدفة المفضلة للمتابعة الرصدية في العدسية الصغرية الكوكبية، ندرس تغير احتمالية اكتشاف الإشارات الكوكبية اعتمادًا على الكميات المرصودة من تضخيم العدسية وسطوع المصدر. عند تقدير الاحتمالية، نأخذ في الاعتبار تغير الدقة الفتومترية باستخدام كمية معرّفة كنسبة الانحراف الكسري للاضطراب الكوكبي إلى الدقة الفتومترية. من هذا التحقيق، وجدنا نتيجة متسقة مع الدراسات السابقة مفادها أن الاحتمالية تزداد بزيادة التضخيم. يرتفع معدل الزيادة بشكل كبير عند تضخيم معين تبدأ عنده الاضطرابات الناتجة عن الكاوية المركزية في الظهور. وجدنا أن هذا الارتفاع يحدث عند تضخيمات متوسطة ($A\lesssim 20$)، مما يعني أن الاحتمالية يمكن أن تكون عالية حتى للأحداث ذات التضخيمات المتوسطة. تزداد الاحتمالية بزيادة سطوع المصدر. وجدنا أن احتمالية الأحداث المرتبطة بنجوم أسطع من عمالقة التكتل ليست مهملة حتى عند تضخيمات منخفضة مثل ($A\sim 5$). في غياب الأحداث عالية التضخيم جداً النادرة التي تمثل الهدف الأساسي، نوصي لذلك برصد الأحداث التي تحتوي على أسطع نجوم مصدر وأعلى التضخيمات من بين الأحداث المنبه إليها. ومع ذلك، وبسبب زيادة حجم المصدر بزيادة سطوعه، تنخفض الاحتمالية بسرعة بعد تضخيم معين، مما يجعل اكتشاف الكواكب ذات نسب الكتلة المنخفضة ($q\lesssim 10^{-4}$) صعبًا من خلال رصد الأحداث المرتبطة بالنجوم العملاقة ذات التضخيمات ($A\gtrsim 70$).,"To provide criteria in the selection of target events preferable for planetary lensing follow-up observations, we investigate the variation of the probability of detecting planetary signals depending on the observables of the lensing magnification and source brightness. In estimating the probability, we consider variation of the photometric precision by using a quantity defined as the ratio of the fractional deviation of the planetary perturbation to the photometric precision. From this investigation, we find consistent result from previous studies that the probability increases with the increase of the magnification. The increase rate is boosted at a certain magnification at which perturbations caused by central caustic begin to occur. We find this boost occurs at moderate magnifications of $A\lesssim 20$, implying that probability can be high even for events with moderate magnifications. The probability increases as the source brightness increases. We find that the probability of events associated with stars brighter than clump giants is not negligible even at magnifications as low as $A\sim 5$. In the absence of rare the prime target of very high-magnification events, we, therefore, recommend to observe events with brightest source stars and highest magnifications among the alerted events. Due to the increase of the source size with the increase of the brightness, however, the probability rapidly drops off beyond a certain magnification, causing detections of low mass ratio planets ($q\lesssim 10^{-4}$) difficult from the observations of events involved with giant stars with magnifications $A\gtrsim 70$.",لوضع معايير لاختيار الاحداث المستهدفه المفضله للمتابعه الرصديه في العدسيه الصغريه الكوكبيه، ندرس تغير احتماليه اكتشاف الاشارات الكوكبيه اعتمادا علي الكميات المرصوده من تضخيم العدسيه وسطوع المصدر. عند تقدير الاحتماليه، ناخذ في الاعتبار تغير الدقه الفتومتريه باستخدام كميه معرفه كنسبه الانحراف الكسري للاضطراب الكوكبي الي الدقه الفتومتريه. من هذا التحقيق، وجدنا نتيجه متسقه مع الدراسات السابقه مفادها ان الاحتماليه تزداد بزياده التضخيم. يرتفع معدل الزياده بشكل كبير عند تضخيم معين تبدا عنده الاضطرابات الناتجه عن الكاويه المركزيه في الظهور. وجدنا ان هذا الارتفاع يحدث عند تضخيمات متوسطه ($A\lesssim 20$)، مما يعني ان الاحتماليه يمكن ان تكون عاليه حتي للاحداث ذات التضخيمات المتوسطه. تزداد الاحتماليه بزياده سطوع المصدر. وجدنا ان احتماليه الاحداث المرتبطه بنجوم اسطع من عمالقه التكتل ليست مهمله حتي عند تضخيمات منخفضه مثل ($A\sim 5$). في غياب الاحداث عاليه التضخيم جدا النادره التي تمثل الهدف الاساسي، نوصي لذلك برصد الاحداث التي تحتوي علي اسطع نجوم مصدر واعلي التضخيمات من بين الاحداث المنبه اليها. ومع ذلك، وبسبب زياده حجم المصدر بزياده سطوعه، تنخفض الاحتماليه بسرعه بعد تضخيم معين، مما يجعل اكتشاف الكواكب ذات نسب الكتله المنخفضه ($q\lesssim 10^{-4}$) صعبا من خلال رصد الاحداث المرتبطه بالنجوم العملاقه ذات التضخيمات ($A\gtrsim 70$).,239,190,وبغية توفير معايير في اختيار الأحداث المستهدفة المفضلة لملاحظات المتابعة التي تقوم بها عدسة كوكبية، فإننا نتحرى عن مدى تنوع احتمالية الكشف عن إشارات كوكبية تبعاً لقابلية قياس التضخيم ومصدر التضخيم. وفي تقدير الاحتمال، ننظر في تغير دقة قياسية ضوئية باستخدام كمية معرّفة على أنها نسبة الانحراف الجزئي في التسرّع الكوكبي إلى الدقة الضوئية. ومن هذا التحقيق، نجد نتيجة متسقة من الدراسات السابقة بأن الاحتمال يزيد مع زيادة التضخيم. وتُعزَّز الزيادة عند إجراء تكبير معيّن حيث تبدأ حدوث التضخيمات التي تسببها الأعمال العملاقة الكاوية المركزية. نجد أن هذا التعزيز يحدث عند التكبير المعتدل لـ 20 دولاراً من دولارات الولايات المتحدة، مما يعني ضمناً أن الاحتمال يمكن أن يكون مرتفعاً حتى بالنسبة للأحداث ذات التضخيم المعتدل. ويتزايد الاحتمال مع زيادة التضخيم في المصدر. نجد أن احتمالية الأحداث المرتبطة بالنجوم الأكثر إشراقاً من الأعمال العملاقة لا تُذكر حتى عند عمليات التضخيم المنخفضة بمقدار 5 دولارات.,لتوفير معايير في اختيار الأحداث المستهدفة المفضل لمتابعات التتابع لعدسات الكوكبيه، نستكشف نتيجه متسق من الدراسات السابقه ان احتمال اكتشاف اشارات الكوكبيه يتغير اعتمادا علي ما يمكن ملاحظاه من تكبير العدسات والشمع المصدر. في تقدير الاحتمال، ندرس تغير الدقة الضوئيه باستخدام كميه محدد كالنسبة للانحراف الكسري من الاضطراب الكوكبي للدقه الضوئيه. من هذا التحقيق، نجد نتيجها متسققا من ان الاحتمال يزداد مع زيادة التكبير. يتم تعزيز معدل الزيادة عند تكبير معين يبدأ فيه التضطرابات الناجميه عن العدس المركزي. نجد ان هذا التكبير يحدث عند تحذيفات معتدله من $Aficsimsimsimsimsimsimsimsimsimsimsim 20، مما يعني ان احتمال الحوادث يمكن ان يكون مع عدم وجود مصدر. ونجد ان الاحتماليات المستهدله من الاضطراب علي الاضطراب، كما يزداد مع زيادة الحوادث من الاضطرابات، وذلك في ظروف الاضطراب من الاضطرابات الاكبر من بين النجوم، حيث يزيد الاحتماليافه من الاكبر من الاكبر من الاكبر، وبالغ من الاكبر من الاكبر من الاكبر، وبالغ من الاكثر من الاكبر من الاكبر، وبالغ من الاكثر من الاكبر من الاكبر، وبالغ من الاكثر من الاكثر الاكثر الاكثر من 10$، وبالغ من الاكثر من الاكثر الاكثر. لذلك، نجد ان الاحتمال في الاكثر من الحوادثافه من الاكبر من الاكبر من الاكبر من الاكبر، يزيد من الاكبر من الاكبر من الاكبر، وبالغ من الاكثر الاكثر الاكثر من الاكبر، وبالغ من الاكثر الاكثر من الاكثر من الاكبر، وبالغ من الاكثر الاكثر من الاكثر
physics,"For the first time we apply the methodologies of nonlinear analysis to
investigate atomic matter. We use these methods in the analysis of Atomic
Weights and of Mass Number of atomic nuclei. Using the AutoCorrelation Function
and Mutual Information we establish the presence of nonlinear effects in the
mechanism of increasing mass of atomic nuclei considered as a function of the
atomic number. We find that increasing mass is divergent, possibly chaotic. We
also investigate the possible existence of a Power Law for atomic nuclei and,
using also the technique of the variogram, we conclude that a fractal regime
could superintend to the mechanism of increasing mass for nuclei. Finally,
using the Hurst exponent, evidence is obtained that the mechanism of increasing
mass in atomic nuclei is in the fractional Brownian regime. The most
interesting results are obtained by using Recurrence Quantification Analysis
(RQA). New recurrences, psudoperiodicities, self-resemblance and class of
self-similarities are identified with values of determinism showing oscillating
values indicating the presence of more or less stability during the process of
increasing mass of atomic nuclei. In brief, new regimes of regularities are
identified for atomic nuclei that deserve to be studied by future researches.
In particular an accurate analysis of binding energy values by nonlinear
methods is further required.",لأول مرة، نطبق منهجيات التحليل غير الخطي لدراسة المادة الذرية. نستخدم هذه الأساليب في تحليل الأوزان الذرية وأعداد الكتلة للنوى الذرية. باستخدام دالة الارتباط الذاتي والمعلومات المتبادلة، نثبت وجود تأثيرات غير خطية في آلية زيادة كتلة النوى الذرية باعتبارها دالة للعدد الذري. نجد أن زيادة الكتلة متباعدة، وربما فوضوية. كما نحقق في الوجود المحتمل لقانون القوة للنوى الذرية، وباستخدام تقنية الفاريوغرام أيضًا، نستنتج أن نظامًا فراكتاليًا قد يتحكم في آلية زيادة الكتلة للنوى. أخيرًا، باستخدام أس هيرست، تم الحصول على دليل يشير إلى أن آلية زيادة الكتلة في النوى الذرية تقع ضمن النظام البراوني الجزئي. تم الحصول على أكثر النتائج إثارة للاهتمام باستخدام تحليل تكميم التكرار (RQA). تم تحديد تكرارات جديدة، وأشباه دورية، وتشاكل ذاتي، وفئات من التشابه الذاتي بقيم حتمية تظهر قيمًا متذبذبة تشير إلى وجود استقرار متفاوت خلال عملية زيادة كتلة النوى الذرية. باختصار، تم تحديد أنظمة جديدة من الانتظام للنوى الذرية تستحق الدراسة في الأبحاث المستقبلية. على وجه الخصوص، يتطلب الأمر إجراء تحليل دقيق لقيم طاقة الربط باستخدام الطرق غير الخطية.,"For the first time we apply the methodologies of nonlinear analysis to investigate atomic matter. We use these methods in the analysis of Atomic Weights and of Mass Number of atomic nuclei. Using the AutoCorrelation Function and Mutual Information we establish the presence of nonlinear effects in the mechanism of increasing mass of atomic nuclei considered as a function of the atomic number. We find that increasing mass is divergent, possibly chaotic. We also investigate the possible existence of a Power Law for atomic nuclei and, using also the technique of the variogram, we conclude that a fractal regime could superintend to the mechanism of increasing mass for nuclei. Finally, using the Hurst exponent, evidence is obtained that the mechanism of increasing mass in atomic nuclei is in the fractional Brownian regime. The most interesting results are obtained by using Recurrence Quantification Analysis (RQA). New recurrences, psudoperiodicities, self-resemblance and class of self-similarities are identified with values of determinism showing oscillating values indicating the presence of more or less stability during the process of increasing mass of atomic nuclei. In brief, new regimes of regularities are identified for atomic nuclei that deserve to be studied by future researches. In particular an accurate analysis of binding energy values by nonlinear methods is further required.",لاول مره، نطبق منهجيات التحليل غير الخطي لدراسه الماده الذريه. نستخدم هذه الاساليب في تحليل الاوزان الذريه واعداد الكتله للنوي الذريه. باستخدام داله الارتباط الذاتي والمعلومات المتبادله، نثبت وجود تاثيرات غير خطيه في اليه زياده كتله النوي الذريه باعتبارها داله للعدد الذري. نجد ان زياده الكتله متباعده، وربما فوضويه. كما نحقق في الوجود المحتمل لقانون القوه للنوي الذريه، وباستخدام تقنيه الفاريوغرام ايضا، نستنتج ان نظاما فراكتاليا قد يتحكم في اليه زياده الكتله للنوي. اخيرا، باستخدام اس هيرست، تم الحصول علي دليل يشير الي ان اليه زياده الكتله في النوي الذريه تقع ضمن النظام البراوني الجزئي. تم الحصول علي اكثر النتائج اثاره للاهتمام باستخدام تحليل تكميم التكرار (RQA). تم تحديد تكرارات جديده، واشباه دوريه، وتشاكل ذاتي، وفئات من التشابه الذاتي بقيم حتميه تظهر قيما متذبذبه تشير الي وجود استقرار متفاوت خلال عمليه زياده كتله النوي الذريه. باختصار، تم تحديد انظمه جديده من الانتظام للنوي الذريه تستحق الدراسه في الابحاث المستقبليه. علي وجه الخصوص، يتطلب الامر اجراء تحليل دقيق لقيم طاقه الربط باستخدام الطرق غير الخطيه.,212,164,نطبق لأول مرة منهجيات التحليل غير الخطي للتحقيق في المواد الذرية، ونستخدم هذه الأساليب في تحليل الوزن الذري والعدد الكتلي من النويدات الذرية. باستخدام وظيفة التصحيح التلقائي والمعلومات المتبادلة، نثبت وجود آثار غير خطية في آلية زيادة كتلة نوى ذرية تعتبر دالة للرقم الذري. نجد أن الكتلة المتزايدة متباعدة، ربما تكون فوضوية. ونحقق أيضاً في إمكانية وجود قانون قوة للنووى الذرية، وباستخدام تقنية الراجوغرام أيضاً، نخلص إلى أن نظاماً كسرياً يمكن أن يسند آلية زيادة الكتلة للرنينة الدقيقة بدقة. وأخيراً، يتم، باستخدام الموجة الهورستية، الحصول على أدلة على أن آلية زيادة الكتلة في النواة الذرية هي في النظام البني المجزأ، وأكثر النتائج إثارة للاهتمام يتم الحصول عليها باستخدام تحليل كمي للتكرار (RQA). التكرارات الجديدة، وفترات التحلل التفاضلي، والتماثلات المدروسة، وتناسق الذات، وفئة التماثل الذاتي، يتم تحديدهما مع قيم التحديد التي تظهر القيم البنية البنية الجزئية التي تشير إلى وجود المزيد أو أقل من الاستقرار الملزم خلال نظام الحسابي.,وللمرة الأولى نطبق طرق التحليل غير الخطي للبحث في المادة الذرية. نستخدم هذه الطرق في تحليل الوزن الذري، وعدد الجسمه من النواة الذرية. باستخدام وظيه التفاعل الذاتي والمعلومات المتبادله، نحدد وجود التأثيرات غير الخطيه في آلية زيادة كتلة النواة الذري، التي تعتبر وظيا من العدد الذري. ونحن نكتشف ان الكتلة الزائده متباين، وربما الفوضوي. ونحن أيضا ندرس وجود قانون القوه لالنواة الذري، واستخدام تقنيه التخطيط، وننتهج أيضا ان نظام فركتاليه يراقب آلية زيادة كتله للنواة. أخيرا، باستخدام مؤشر هيرست، تتوفر دليل علي ان آلية زيادة الكتلة في النواة الذري مثيرة للاهتمام في النظام الفصري. يتم الحصول علي النتائج عن طريق استخدام قوانين القوه للنواة الذري. ويشير التحليل المختصر لزيادة القيمات الذريه، والتي تظهر قيم القيمات المتكرره في المستقبل، والتي لا تتم تحديد قيم النوافذ في خلال فترات النوايا الذريه. في هذه العمليه، يتم تحديد قيم القيمات المتكرره في النواجه، والتيازميزات المختلفه، والتي تظهر ان قيم النواجه الذريه المترتكرره لا تتكرر. في خلال الدراسات القيمات، يتم تحديد قيم القيمات النواجه الذريه المترتددده. في حاليا، يتم تحليل القيماتيرنا عن عدم وجود القيماتيمات المتكرره في النواجه في النواجه في النواجه الذريه.
physics,"We propose a measurement protocol to generate path-entangled NOON states
conditionally from two pulsed type II optical parametric oscillators. We
calculate the fidelity of the produced states and the success probability of
the protocol. The trigger detectors are assumed to have finite dead time, and
for short pulse trigger fields they are modeled as on/off detectors with finite
efficiency. Continuous-wave operation of the parametric oscillators is also
considered.","نقترح بروتوكول قياس لتوليد مسار متشابك NOON الدول
مشروط من اثنين نابض نوع II مذبذبات البارامترية البصرية. نحن
حساب دقة الدول المنتجة واحتمال نجاح
البروتوكول. من المفترض أن أجهزة الكشف عن الزناد لديها وقت ميت محدود ، و
لمجالات الزناد النبضية القصيرة يتم تصميمها ككاشفات تشغيل / إيقاف مع محدود
الكفاءة. التشغيل المستمر للموجة من مؤشرات التذبذب البارامترية هو أيضا
تم النظر فيها.","We propose a measurement protocol to generate path-entangled NOON states conditionally from two pulsed type II optical parametric oscillators. We calculate the fidelity of the produced states and the success probability of the protocol. The trigger detectors are assumed to have finite dead time, and for short pulse trigger fields they are modeled as on/off detectors with finite efficiency. Continuous-wave operation of the parametric oscillators is also considered.",نقترح بروتوكول قياس لتوليد مسار متشابك NOON الدول مشروط من اثنين نابض نوع II مذبذبات البارامتريه البصريه. نحن حساب دقه الدول المنتجه واحتمال نجاح البروتوكول. من المفترض ان اجهزه الكشف عن الزناد لديها وقت ميت محدود ، و لمجالات الزناد النبضيه القصيره يتم تصميمها ككاشفات تشغيل / ايقاف مع محدود الكفاءه. التشغيل المستمر للموجه من مؤشرات التذبذب البارامتريه هو ايضا تم النظر فيها.,68,63,نقترح بروتوكول قياسي لتوليد حالات Nonon من النوع الثاني من المتذبذبات البارامترية البصرية. نحسب مدى وجاهة الحالات المنتجة واحتمال نجاح البروتوكول. يفترض أن أجهزة كشف الزناد لديها وقت فراغ محدود، وبالنسبة لحقول الدفع النبضية القصيرة يتم نمذجها كما في/خارج أجهزة الكشف ذات الكفاءة المحدودة. يتم أيضاً النظر في التشغيل المستمر للموجات من المتذبذبات المكافئة.,نقترح بروتوكولا قياسا لتوليد حالات NOON متضابطه في المسار مشروطا من اثنين من المذبذبين البصريين المعلميه النوع الثاني النبذ النبذ النبذ النبذ. نحسب صدق الحالات المنتجة واحتمال نجاح البروتوكول. يفترض ان متبصرات الزناد لديها وقت موفوف محدود، ولقطاع الزناد النبذ القصير، يتم نموذجها كمتبصرات تشغيل / التوقف ذات كفاءه محدوده. كما يتم النظر في التشغيل المستمر للمذبذبات المعلميه.
other,"In line with the local philicity concept proposed by Chattaraj et al.
(Chattaraj, P. K.; Maiti, B.; Sarkar, U. J. Phys. Chem. A. 2003, 107, 4973) and
a dual descriptor derived by Toro-Labbe and coworkers (Morell, C.; Grand, A.;
Toro-Labbe, A. J. Phys. Chem. A. 2005, 109, 205), we propose a multiphilic
descriptor. It is defined as the difference between nucleophilic (Wk+) and
electrophilic (Wk-) condensed philicity functions. This descriptor is capable
of simultaneously explaining the nucleophilicity and electrophilicity of the
given atomic sites in the molecule. Variation of these quantities along the
path of a soft reaction is also analyzed. Predictive ability of this descriptor
has been successfully tested on the selected systems and reactions.
Corresponding force profiles are also analyzed in some representative cases.
Also, to study the intra- and intermolecular reactivities another related
descriptor namely, the nucleophilicity excess (DelW-+) for a nucleophile, over
the electrophilicity in it has been defined and tested on all-metal aromatic
compounds.","تماشياً مع مفهوم البراعة المحلية الذي اقترحه تشاتراج وآخرون.
(Chattaraj, P. K.; Maiti, B.; Sarkar, U. J. Phys. Chem. A. 2003, 107, 4973) and
وصف مزدوج المستمدة من تورو-لابي وزملاء العمل (موريل، C.؛ غراند، A.؛
Toro-Labbe, A. J. Phys. Chem. A. 2005, 109, 205) ، نقترح multiphilic
الواصف يتم تعريفه على أنه الفرق بين nucleophilic (Wk +) و
Electrophilic (Wk-) وظائف philicity المكثفة. هذا الواصف قادر
من شرح في وقت واحد nucleophilicity و electrophilicity من
تعطى المواقع الذرية في الجزيء. تباين هذه الكميات على طول
كما يتم تحليل مسار رد الفعل الناعم. القدرة التنبؤية لهذا الوصف
تم اختبارها بنجاح على الأنظمة وردود الفعل المختارة.
كما يتم تحليل ملامح القوة المقابلة في بعض الحالات التمثيلية.
أيضا ، لدراسة التفاعلات داخل الجزيئات وبين الجزيئات الأخرى ذات الصلة
الواصف، وهي زيادة nucleophilicity الزائدة (DelW-+) ل nucleophile، أكثر
وقد تم تعريف electrophilicity في ذلك واختبارها على جميع المعادن العطرية
المركبات.","In line with the local philicity concept proposed by Chattaraj et al. (Chattaraj, P. K.; Maiti, B.; Sarkar, U. J. Phys. Chem. A. 2003, 107, 4973) and a dual descriptor derived by Toro-Labbe and coworkers (Morell, C.; Grand, A.; Toro-Labbe, A. J. Phys. Chem. A. 2005, 109, 205), we propose a multiphilic descriptor. It is defined as the difference between nucleophilic (Wk+) and electrophilic (Wk-) condensed philicity functions. This descriptor is capable of simultaneously explaining the nucleophilicity and electrophilicity of the given atomic sites in the molecule. Variation of these quantities along the path of a soft reaction is also analyzed. Predictive ability of this descriptor has been successfully tested on the selected systems and reactions. Corresponding force profiles are also analyzed in some representative cases. Also, to study the intra- and intermolecular reactivities another related descriptor namely, the nucleophilicity excess (DelW-+) for a nucleophile, over the electrophilicity in it has been defined and tested on all-metal aromatic compounds.","تماشيا مع مفهوم البراعه المحليه الذي اقترحه تشاتراج واخرون. (Chattaraj, P. K.; Maiti, B.; Sarkar, U. J. Phys. Chem. A. 2003, 107, 4973) and وصف مزدوج المستمده من تورو-لابي وزملاء العمل (موريل، C.؛ غراند، A.؛ Toro-Labbe, A. J. Phys. Chem. A. 2005, 109, 205) ، نقترح multiphilic الواصف يتم تعريفه علي انه الفرق بين nucleophilic (Wk +) و Electrophilic (Wk-) وظائف philicity المكثفه. هذا الواصف قادر من شرح في وقت واحد nucleophilicity و electrophilicity من تعطي المواقع الذريه في الجزيء. تباين هذه الكميات علي طول كما يتم تحليل مسار رد الفعل الناعم. القدره التنبؤيه لهذا الوصف تم اختبارها بنجاح علي الانظمه وردود الفعل المختاره. كما يتم تحليل ملامح القوه المقابله في بعض الحالات التمثيليه. ايضا ، لدراسه التفاعلات داخل الجزيئات وبين الجزيئات الاخري ذات الصله الواصف، وهي زياده nucleophilicity الزائده (DelW-+) ل nucleophile، اكثر وقد تم تعريف electrophilicity في ذلك واختبارها علي جميع المعادن العطريه المركبات.",159,146,وانسجاماً مع المفهوم المحلي للفلسفة الذي اقترحه شاتاراج وآخرون (شاتاراج، ب. ك.؛ مايتي، ب.؛ ساركار، يو. ج. فيس. كيم. 2003؛ 107، 4973)، ومصنف مزدوج اشتقته تورو - لابي وزملاؤه (موريل، س. ك.؛ غراند، أ.؛ تورو - لابيببي، أ. ج. فس. شيم. أ. 2005 و109 و205)، نقترح مصنفاً متعدد الأشكال. وهو معرّف بأنه الفرق بين النويكلافيليك (و.ك+) والكتربوليك (و.ك-) ووظيفتي فلسفة الاختلاط. وهذا الموصوف قادر على أن يشرح في آن واحد الطابع الشخصي للكهرباء والكهربائي للمواقع الذرية المعطاة في الجزيئات. ويحلل أيضاً التباين في هذه الكميات على طول مسار رد فعل لين. وقد اختبرت القدرة التنبؤية لهذا الوصف بنجاح على النظم المختارة وعلى التفاعلات. ويجري أيضاً تحليل موجزات القوة التوافقية في بعض الحالات التمثيلية.,وفقا لمفهوم الفيلفيليات المحلية المقترحه تشاتتاج وآخرون (تشاتتاج، بي كي؛ مايتي، بي؛ ساركار، يو جي. فيزياء الكيمياء، A. 2003، 107، 4973) ووصف مزدوج مشتق من تورو-ليبيه وزملاء العمل (موريل، جراندي، A؛ تورو-ليبيه، A. J. فيزياء الكيمياء، A. 2005، 109، 205) ، نقترح وصف متعدد الفيل. يتم تعريفه باعتباره الفرق بين وظائف الفيلفيلفيلفيلفيلفيلفيلفيلفيلفيلفيلفيلفيلفيلفيلفيلفيلفيلفيلفيلفيلفيلفيلفيلفيلفيلفيلفيلفيلفيلفيلفيلفيلفيلفيلفيلفيلفيلفيلفيلفيلفيلفيلفيلفيلفيلفيلفيلفيلفيلفيلفيلفيلفيلفيلفيلفيلفيلفيلفيلفيلفيلفيلفيلفيلفيلفيلفيلفيلفيلفيلفيلفيلفيلفيلفيلفيلفيلفيلفيلفيلفيلفيلفيلفيلفيلفيلفيلفيلفيلفيلفيلفيلفيلفيلفيلفيلفيلفيلفيلفيلفيلفيلفيلفيلفيلفيلفيلفيلفيلفيلفيلفيلفيلفيلفيلفيلفيلفيلفيلفيلفيلفيلفيلفيلفيلفيلفيلفيلفيلفيلفيلفيلفيلفيلفيلفيلفيلفيلفيلفيلفيلفيلفيلفيلفيلفيلفيلفيلفيلفيلفيلفيلفيلفيلفيلفيلفيلفيلفيلفيلفيلفيلفيلفيلفيلفيلفيلفيلفيلفيلفيلفيلفيلفيلفيلفيلفيلفيلفيلفيلفيلفيلفيلفيلفيلفيلفيلف
physics,"  In this letter, we consider the constraints imposed by the recent measurement
of B_s - bar B_s mixing on the new physics contribution to the rare decay B_s
--> mu+ mu-. New physics in the form vector and axial-vector couplings is
already severely constrained by the data on B --> (K,K*) mu+ mu-. Here, we show
that B_s - bar B_s mixing data, together with the data on K0 - bar K0 mixing
and K_L --> mu+ mu- decay rate, strongly constrain the scalar-pseudoscalar
contribution to B_s --> mu+ mu-. We conclude that new physics can at best lead
to a factor of 2 increase in the branching ratio of B_s --> mu+ mu- compared to
its Standard Model expectation.
","في هذه الرسالة، ننظر إلى القيود التي فرضتها القياسات الأخيرة لمزيج B_s - bar B_s على المساهمة الفيزيائية الجديدة في التحلل النادر B_s
--> mu+ mu-. الفيزياء الجديدة في شكل متجهات المتجهات المحورية والمتجهات المحورية المقترنة مقيدة بالفعل بشكل كبير بواسطة البيانات المتعلقة بـ B --> (K,K*) mu+ mu-. هنا، نُظهر أن بيانات مزيج B_s - bar B_s، إلى جانب البيانات المتعلقة بمزيج B0 - bar K0 ومعدل التحلل K_L --> mu+ mu-، تحد بشكل كبير من المساهمة الكسيرية-الكسيرية للمقياس في B_s --> mu+ mu-. نستنتج أن الفيزياء الجديدة يمكن أن تؤدي في أفضل الأحوال إلى زيادة بمقدار 2 في نسبة التفرع B_s --> mu+ mu- مقارنةً بتوقعات النموذج القياسي.
","In this letter, we consider the constraints imposed by the recent measurement of B_s - bar B_s mixing on the new physics contribution to the rare decay B_s --> mu+ mu-. New physics in the form vector and axial-vector couplings is already severely constrained by the data on B --> (K,K*) mu+ mu-. Here, we show that B_s - bar B_s mixing data, together with the data on K0 - bar K0 mixing and K_L --> mu+ mu- decay rate, strongly constrain the scalar-pseudoscalar contribution to B_s --> mu+ mu-. We conclude that new physics can at best lead to a factor of 2 increase in the branching ratio of B_s --> mu+ mu- compared to its Standard Model expectation.","في هذه الرساله، ننظر الي القيود التي فرضتها القياسات الاخيره لمزيج B_s - bar B_s علي المساهمه الفيزيائيه الجديده في التحلل النادر B_s --> mu+ mu-. الفيزياء الجديده في شكل متجهات المتجهات المحوريه والمتجهات المحوريه المقترنه مقيده بالفعل بشكل كبير بواسطه البيانات المتعلقه ب B --> (K,K*) mu+ mu-. هنا، نظهر ان بيانات مزيج B_s - bar B_s، الي جانب البيانات المتعلقه بمزيج B0 - bar K0 ومعدل التحلل K_L --> mu+ mu-، تحد بشكل كبير من المساهمه الكسيريه-الكسيريه للمقياس في B_s --> mu+ mu-. نستنتج ان الفيزياء الجديده يمكن ان تؤدي في افضل الاحوال الي زياده بمقدار 2 في نسبه التفرع B_s --> mu+ mu- مقارنه بتوقعات النموذج القياسي.",120,110,"في هذه الرسالة، ننظر في القيود التي يفرضها القياس الأخير لB_s - bar B_s على المساهمة الجديدة للفيزياء في الإضمحلال النادر B_s --> Mu+Mu-. فيزياء جديدة في شكل متجه واقترانات محورية هي بالفعل مقيدة بشدة من قبل البيانات على B--> (K,K*) mu+---. هنا، نظهر أن B_s - بار B_s يخلط البيانات، جنبا إلى جنب مع البيانات على K0 - بار K0 المختلط و K_L --> Mu+ mu-mu-mu-تحلل،","في هذه الرسالة، ندرس القيود التي فرضها قياس الاختلاط الأخير لـ B_s - bar B_s علي مساهمه الفيزياء الجديدة في الاختراق النادر B_s --> mu+ mu-. والفيزياء الجديدة في متجهات النموذج والمتجهات المحوريه-المزافيه بالفعل مقيده بشدة بواسطه البيانات عن B --> (K,K*) mu+ mu-. هنا، ونظهر ان B_s - bar B_s بيانات الاختلاط، جنبا الي البيانات عن K0 - bar K0 الاختلاط و K_L --> mu+ mu- تطور، تقييد قويا للمساهمه الكلاسيكيه-المستقلله ل B_s --> mu+ mu-. ننتج الى ان الفيزياء الجديدة يمكن في احسن الأحوال ان تؤدي الي زيادة بنسبة 2 في نسبة B_s-s- mu+ في المقياس مع توقعاتها النموذج القياسي."
physics,"  We construct magnetohydrodynamic (MHD) similarity rebound shocks joining
`quasi-static' asymptotic solutions around the central degenerate core to
explore an MHD model for the evolution of random magnetic field in supernova
explosions. This provides a theoretical basis for further studying synchrotron
diagnostics, MHD shock acceleration of cosmic rays, and the nature of intense
magnetic field in compact objects. The magnetic field strength in space
approaches a limiting ratio, that is comparable to the ratio of the ejecta mass
driven out versus the progenitor mass, during this self-similar rebound MHD
shock evolution. The intense magnetic field of the remnant compact star as
compared to that of the progenitor star is mainly attributed to both the
gravitational core collapse and the radial distribution of magnetic field.
","نقوم ببناء صدمات الارتداد التشابهية المغناطيسية الهيدروديناميكية (MHD)، والتي تصل بين الحلول التقريبية ""شبه الثابتة"" حول النواة المتدهورة المركزية لاستكشاف نموذج MHD لتطور المجال المغناطيسي العشوائي في انفجارات المستعرات العظمى. ويوفر هذا أساساً نظرياً لمزيد من الدراسة في مجال تشخيص السنكروترون، وتسارع الصدمات MHD للأشعة الكونية، وطبيعة المجال المغناطيسي المكثف في الأجسام المدمجة. تقترب قوة المجال المغناطيسي في الفضاء من نسبة محدودة، تكون قابلة للمقارنة مع نسبة كتلة المقذوفات المندفعة إلى كتلة النجم السلف، خلال تطور صدمة الارتداد MHD ذاتية التشابه هذه. ويُعزى المجال المغناطيسي المكثف للنجم المدمج المتبقي، مقارنة بنجمه السلف، بشكل رئيسي إلى كل من انهيار النواة الجاذبية والتوزيع القطري للمجال المغناطيسي.","We construct magnetohydrodynamic (MHD) similarity rebound shocks joining `quasi-static' asymptotic solutions around the central degenerate core to explore an MHD model for the evolution of random magnetic field in supernova explosions. This provides a theoretical basis for further studying synchrotron diagnostics, MHD shock acceleration of cosmic rays, and the nature of intense magnetic field in compact objects. The magnetic field strength in space approaches a limiting ratio, that is comparable to the ratio of the ejecta mass driven out versus the progenitor mass, during this self-similar rebound MHD shock evolution. The intense magnetic field of the remnant compact star as compared to that of the progenitor star is mainly attributed to both the gravitational core collapse and the radial distribution of magnetic field.","نقوم ببناء صدمات الارتداد التشابهيه المغناطيسيه الهيدروديناميكيه (MHD)، والتي تصل بين الحلول التقريبيه ""شبه الثابته"" حول النواه المتدهوره المركزيه لاستكشاف نموذج MHD لتطور المجال المغناطيسي العشوائي في انفجارات المستعرات العظمي. ويوفر هذا اساسا نظريا لمزيد من الدراسه في مجال تشخيص السنكروترون، وتسارع الصدمات MHD للاشعه الكونيه، وطبيعه المجال المغناطيسي المكثف في الاجسام المدمجه. تقترب قوه المجال المغناطيسي في الفضاء من نسبه محدوده، تكون قابله للمقارنه مع نسبه كتله المقذوفات المندفعه الي كتله النجم السلف، خلال تطور صدمه الارتداد MHD ذاتيه التشابه هذه. ويعزي المجال المغناطيسي المكثف للنجم المدمج المتبقي، مقارنه بنجمه السلف، بشكل رئيسي الي كل من انهيار النواه الجاذبيه والتوزيع القطري للمجال المغناطيسي.",123,104,"ننشئ تشابهاً بين صادمات الارتداد المغنطيسية (MHD) التي تجمع بين الحلول ""الثنائية-الثابتة"" في قلب الوسط المنحرف لاستكشاف نموذج لتطور المجال المغنطيسي العشوائي في انفجارات السوبرنوفا، ويوفر هذا أساساً نظرياً لمواصلة دراسة التشخيصات المتزامنة، وتسارع صدمات الأشعة الكونية، وطبيعة المجال المغنطيسي المكثف في الأجسام المضغوطة. تقترب قوة المجال المغنطيسية في الفضاء من نسبة حدية، وهي مماثلة لنسبة كتلة الإيروجا التي تم طردها في مقابل كتلة البروجينيتور، أثناء هذا الانتكاس المتماثل الذاتي تطور صدمة MHD. المجال المغنطيسي المكثف للنجم المصغر بالمقارنة مع نجمة البروجينيتور يُعزى أساساً إلى انهيار النواة الجاذبية والتوزيع الإشعاعي للمجال المغنطيسي على حد سواء.",نبن صدمات الانكماش التشابهيه المغناطيه الهيدروديناميكيه (MHD) التي تنضم الي حلول غير متناهيه للاستثبات شبه-الثباتيه حول النواة المتدهوريه المركزيه لاستكشاف نموذج MHD لتطور الحقل المغناطيسي العشوائي في انفجارات الزهور الكبيره. يوفر هذا اساسا نظرييا لاستكشاف دراسه مزيدا من التطورات التشابكيه، وتسارع صدمات MHD للمشاع الكونيه، وطبيعه الحقل المغناطيسي الشديد في الكائنات المدمقه. يقترب قوه الحقل المغناطيسي في الفضاء من نسبة قياده، مماثره نسبة مدفع كتله الانفجاره مقابل الكليء الجيني، خلال هذا التطور المتماثل لنفجاره من النوايا المدمقه MHD. يتم تخصيص الحقل المغناطيسي الشديد للبقايا النوائيه المدمقه مقارنة بتلك النوايا الجينيه والنواجه الرئيسيه لكل من قبل التشخيص الجاذبيه والتوجه الذاعي للقطاع المغناطيسي.
mathematics,"Under some positivity assumptions, extension properties of rationally
connected fibrations from a submanifold to its ambient variety are studied.
Given a family of rational curves on a complex projective manifold X inducing a
covering family on a submanifold Y with ample normal bundle in X, the main
results relate, under suitable conditions, the associated rational connected
fiber structures on X and on Y. Applications of these results include an
extension theorem for Mori contractions of fiber type and a classification
theorem in the case Y has a structure of projective bundle or quadric
fibration.",تحت بعض افتراضات الإيجابية، تتم دراسة خصائص امتداد التليفات المتصلة عقلانيًا من متعدد شعب فرعي إلى تنوعه المحيط. بالنظر إلى عائلة من المنحنيات العقلانية على متعدد شعب إٍسقاطي مركب X ينتج عائلة تغطية على متعدد شعب فرعي Y مع حزمة عادية وافرة (ample normal bundle) في X، تربط النتائج الرئيسية، في ظل ظروف مناسبة، هياكل الألياف المتصلة عقلانيًا المرتبطة بـ X و Y. تشمل تطبيقات هذه النتائج مبرهنة امتداد لانقباضات موري (Mori contractions) من نوع الألياف ومبرهنة تصنيف في الحالة التي يكون فيها لـ Y بنية حزمة إسقاطية (projective bundle) أو تليف تربيعي (quadric fibration).,"Under some positivity assumptions, extension properties of rationally connected fibrations from a submanifold to its ambient variety are studied. Given a family of rational curves on a complex projective manifold X inducing a covering family on a submanifold Y with ample normal bundle in X, the main results relate, under suitable conditions, the associated rational connected fiber structures on X and on Y. Applications of these results include an extension theorem for Mori contractions of fiber type and a classification theorem in the case Y has a structure of projective bundle or quadric fibration.",تحت بعض افتراضات الايجابيه، تتم دراسه خصائص امتداد التليفات المتصله عقلانيا من متعدد شعب فرعي الي تنوعه المحيط. بالنظر الي عائله من المنحنيات العقلانيه علي متعدد شعب اسقاطي مركب X ينتج عائله تغطيه علي متعدد شعب فرعي Y مع حزمه عاديه وافره (ample normal bundle) في X، تربط النتائج الرئيسيه، في ظل ظروف مناسبه، هياكل الالياف المتصله عقلانيا المرتبطه ب X و Y. تشمل تطبيقات هذه النتائج مبرهنه امتداد لانقباضات موري (Mori contractions) من نوع الالياف ومبرهنه تصنيف في الحاله التي يكون فيها ل Y بنيه حزمه اسقاطيه (projective bundle) او تليف تربيعي (quadric fibration).,94,95,وفي إطار بعض الافتراضات الإيجابية، تُدرس خواص امتداد التليفلات المرتبطة ارتباطاً معقولاً من مستوى ثانوي إلى تنوعها المحيط. ونظراً إلى مجموعة من المنحنيات المنطقية على مستوى مركب ثلاثي عرضي معقد X، مما يحفز أسرة تغطية على مستوى مستوى ص على مستوى أدنى من مستوى Y مع حزمة عادية كبيرة في س، فإن النتائج الرئيسية تتصل، في ظروف مناسبة، بهياكل الألياف المترابطة العقلانية المرتبطة بها على مستوى X وY. وتشمل تطبيقات هذه النتائج نظرية امتدادية لتقلصات ألياف موري ونظرية تصنيفية في حالة أن Y لديها هيكلاً لحزمة عرضية أو تليفزيون رباعي.,ووفقا لبعض الافتراضات الإيجابيه، تدرس خصائص التوسع للفيضات المتصله عقليا من فرع فرع فرع للفيضات الي تنوعها المحيطي. بالنظر الي عائله من الموجات العقليه علي فرع رئيسي معقد X التي تسبب عائله تغطيه علي فرع فرع فرع Y مع حزمة طبيعيه واسعه في X، ترتبط النتائج الرئيسيه، في ظل ظروف مناسبه، بهياكل الألياف العقليه المتصله علي X وعلي Y. وتشمل تطبيقات هذه النتائج نظريه التوسع لاقتطات موريه من نوع الألياف ونظريه تصنيف في الحاله التي يمتلكها Y بنيه حزمة رئيسي أو فيضات رباعيه.
computer_science,"Simulations of physicists for the competition between adult languages since
2003 are reviewed. How many languages are spoken by how many people? How many
languages are contained in various language families? How do language
similarities decay with geographical distance, and what effects do natural
boundaries have? New simulations of bilinguality are given in an appendix.",تتم مراجعة محاكاة الفيزيائيين للمنافسة بين اللغات البالغة منذ عام 2003. كم عدد اللغات التي يتحدث بها كم عدد من الناس؟ كم عدد اللغات التي تتضمنها عائلات لغوية مختلفة؟ كيف تتضاءل أوجه التشابه اللغوي مع المسافة الجغرافية، وما هي التأثيرات التي تحدثها الحدود الطبيعية؟ تُقدم محاكاة جديدة للازدواجية اللغوية في ملحق.,"Simulations of physicists for the competition between adult languages since 2003 are reviewed. How many languages are spoken by how many people? How many languages are contained in various language families? How do language similarities decay with geographical distance, and what effects do natural boundaries have? New simulations of bilinguality are given in an appendix.",تتم مراجعه محاكاه الفيزيائيين للمنافسه بين اللغات البالغه منذ عام 2003. كم عدد اللغات التي يتحدث بها كم عدد من الناس؟ كم عدد اللغات التي تتضمنها عائلات لغويه مختلفه؟ كيف تتضاءل اوجه التشابه اللغوي مع المسافه الجغرافيه، وما هي التاثيرات التي تحدثها الحدود الطبيعيه؟ تقدم محاكاه جديده للازدواجيه اللغويه في ملحق.,55,51,ويجري استعراض محاكاة الفيزيائيين للمنافسة بين لغات الكبار منذ عام 2003. وما عدد اللغات التي يتحدث بها عدد الأشخاص؟ وكم عدد اللغات التي تحتويها مختلف الأسر اللغوية؟ وكيف تتحلل أوجه التشابه بين اللغات والمسافة الجغرافية، وما هي الآثار التي تحدثها الحدود الطبيعية؟ وترد في تذييل محاكاة جديدة لثنائية اللغة.,وتتم مراجعة محاكاة الفيزيائيين للمنافسة بين اللغات البالغة منذ عام 2003. كم من اللغات يتحدثها عدد الأشخاص؟ كم من اللغات المحتوي عليها في عائلات اللغات المختلفة؟ كيف تتدهور شبيهات اللغات مع المسافه الجغرافيه، وما هي الآثار التي تسببها الحدود الطبيعيه؟ يتم تقديم محاكمات جديدة للوثنيه في الملحق.
physics,"Various methods of treating outer boundaries in numerical relativity are
compared using a simple test problem: a Schwarzschild black hole with an
outgoing gravitational wave perturbation. Numerical solutions computed using
different boundary treatments are compared to a `reference' numerical solution
obtained by placing the outer boundary at a very large radius. For each
boundary treatment, the full solutions including constraint violations and
extracted gravitational waves are compared to those of the reference solution,
thereby assessing the reflections caused by the artificial boundary. These
tests use a first-order generalized harmonic formulation of the Einstein
equations. Constraint-preserving boundary conditions for this system are
reviewed, and an improved boundary condition on the gauge degrees of freedom is
presented. Alternate boundary conditions evaluated here include freezing the
incoming characteristic fields, Sommerfeld boundary conditions, and the
constraint-preserving boundary conditions of Kreiss and Winicour. Rather
different approaches to boundary treatments, such as sponge layers and spatial
compactification, are also tested. Overall the best treatment found here
combines boundary conditions that preserve the constraints, freeze the
Newman-Penrose scalar Psi_0, and control gauge reflections.","تُقارَن طرقٌ متعددة لمعالجة الحدود الخارجية في النسبية العددية باستخدام مسألة اختبار بسيطة: ثقب أسود من نوع شفارتزشيلد مع اضطراب موجة جاذبية خارجة. تُقارَن الحلول العددية المحسوبة باستخدام معالجات حدود مختلفة بحل عددي ""مرجعي"" تم الحصول عليه بوضع الحد الخارجي عند نصف قطر كبير جداً. لكل معالجة حدود، تُقارَن الحلول الكاملة، بما في ذلك انتهاكات القيود والموجات الجاذبية المستخلصة، بتلك الخاصة بالحل المرجعي، وبالتالي يتم تقييم الانعكاسات الناتجة عن الحد الاصطناعي. تستخدم هذه الاختبارات صياغة توافقية معممة من الرتبة الأولى لمعادلات أينشتاين. تُراجع شروط الحدود الحافظة للقيود لهذا النظام، ويُقدَّم شرط حدود مُحَسَّن على درجات حرية المقياس. تشمل شروط الحدود البديلة التي تم تقييمها هنا تجميد الحقول المميزة الواردة، وشروط حدود سومرفيلد، وشروط الحدود الحافظة للقيود لكرايس ووينيكور. كما تُختَبَر أيضاً نُهجٌ مختلفة تماماً لمعالجات الحدود، مثل الطبقات الإسفنجية والتراص المكاني. بشكل عام، أفضل معالجة تم العثور عليها هنا تجمع بين شروط الحدود التي تحافظ على القيود، وتجمد الكمية القياسية لنيومان-بينروز Psi_0، وتتحكم في انعكاسات المقياس.","Various methods of treating outer boundaries in numerical relativity are compared using a simple test problem: a Schwarzschild black hole with an outgoing gravitational wave perturbation. Numerical solutions computed using different boundary treatments are compared to a `reference' numerical solution obtained by placing the outer boundary at a very large radius. For each boundary treatment, the full solutions including constraint violations and extracted gravitational waves are compared to those of the reference solution, thereby assessing the reflections caused by the artificial boundary. These tests use a first-order generalized harmonic formulation of the Einstein equations. Constraint-preserving boundary conditions for this system are reviewed, and an improved boundary condition on the gauge degrees of freedom is presented. Alternate boundary conditions evaluated here include freezing the incoming characteristic fields, Sommerfeld boundary conditions, and the constraint-preserving boundary conditions of Kreiss and Winicour. Rather different approaches to boundary treatments, such as sponge layers and spatial compactification, are also tested. Overall the best treatment found here combines boundary conditions that preserve the constraints, freeze the Newman-Penrose scalar Psi_0, and control gauge reflections.","تقارن طرق متعدده لمعالجه الحدود الخارجيه في النسبيه العدديه باستخدام مساله اختبار بسيطه: ثقب اسود من نوع شفارتزشيلد مع اضطراب موجه جاذبيه خارجه. تقارن الحلول العدديه المحسوبه باستخدام معالجات حدود مختلفه بحل عددي ""مرجعي"" تم الحصول عليه بوضع الحد الخارجي عند نصف قطر كبير جدا. لكل معالجه حدود، تقارن الحلول الكامله، بما في ذلك انتهاكات القيود والموجات الجاذبيه المستخلصه، بتلك الخاصه بالحل المرجعي، وبالتالي يتم تقييم الانعكاسات الناتجه عن الحد الاصطناعي. تستخدم هذه الاختبارات صياغه توافقيه معممه من الرتبه الاولي لمعادلات اينشتاين. تراجع شروط الحدود الحافظه للقيود لهذا النظام، ويقدم شرط حدود محسن علي درجات حريه المقياس. تشمل شروط الحدود البديله التي تم تقييمها هنا تجميد الحقول المميزه الوارده، وشروط حدود سومرفيلد، وشروط الحدود الحافظه للقيود لكرايس ووينيكور. كما تختبر ايضا نهج مختلفه تماما لمعالجات الحدود، مثل الطبقات الاسفنجيه والتراص المكاني. بشكل عام، افضل معالجه تم العثور عليها هنا تجمع بين شروط الحدود التي تحافظ علي القيود، وتجمد الكميه القياسيه لنيومان-بينروز Psi_0، وتتحكم في انعكاسات المقياس.",176,156,ويقارن بين أساليب مختلفة لمعالجة الحدود الخارجية في إطار النسبية العددية، وذلك باستخدام مشكلة اختبار بسيطة: ثقب أسود من نوع شوارزز وموجات جاذبية مع فتحة أمامية، وتنقيحات رقمية محسوبة باستخدام مختلف معاملات الحدود مقارنة بحل رقمي 'المرجع` تم الحصول عليه بوضع الحدود الخارجية على نطاق واسع جدا. وبالنسبة لكل معالجة حدودية، تقارن الحلول الكاملة بما في ذلك انتهاكات القيود وموجات الجاذبية المستخرجة مع حلول مرجعية، ومن ثم تقييم الانعكاسات التي سببتها الحدود الاصطناعية. تستخدم هذه الاختبارات أول ترتيب للتوافق العام مع تركيبات اينشتاين. يتم استعراض شروط حدودية تحفظية لهذا النظام، ويتم عرض شرط حدودي محسّن على درجات قياس الحرية. وفيما يتعلق بكل معاملة حدودية، فإن الظروف الحدودية البديلة التي يتم تقييمها هنا تشمل تجميد الحقول المميزة القادمة، وظروف حدود سومرفيلد، وظروف حدودية الحد التقييدي لكريس ووينكور. وبدلاً من ذلك يتم أيضاً اختبار نُهج مختلفة لمعالجة الحدود، مثل الطبقات الإسفنجية والتضمين المكاني.,يتم مقارنة طرق مختلفه لعلاج الحدود الخارجيه في النسبيه العدديه باستخدام مشكلة اختبار بسيطه: ثقب سودي تشارزشيلد مع اضطراب موجة جاذبيه خارجيه. يتم مقارنة الحلول العدديه المحسبيه باستخدام معالجات حدود مختلفه مع حل رقمي للحساب الذي تم الحصول عليه عن طريق وضع الحدود الخارجيه علي نصف قطر كبير جدا. لكل معالجه حدوديه، يتم مقارنة الحلول الكامليه بما في ذلك انتهاكات القيود والموجات الجاذبيه المستخرجه مع حل الحل المرجعي، وبالتالي تقييم الانعكاسات التي تسببها الحدود الاصطناعه. تستخدم هذه الاختبارات صياغة هارمونيه تعميمه من الدرجه الاوله للمعادلات أينشتاين. يتم استعراض الشروط المحافظه علي القيود لهذا النظام، ويتم عرض شرط حريه علي مقياس التجميد. وتشمل هنا حالات التجميد المختلفه التي تتضمن المعالجات الماديه، والمعالجات المختلفه، والمعالجات المختلفه، والمعالجات المختلفه، والمعالجات المختلفه، والمعالجات المختلفه. كما تم الاكتشاف هنا حالات التجميد المختلفه التي تتضمن علي التجميد المعدد المختلفه، والمعالجات المختلفه، والمعالجات المختلفه. كما تمت الاكتشافه هنا في حالات التجميد المقييم المختلفه لدرجات المقيوديه، والمعالجات المختلفه.
physics,"  We present new observational results obtained for the Galactic non-thermal
radio source G328.4+0.2 to determine both if this source is a pulsar wind
nebula or supernova remnant, and in either case, the physical properties of
this source. Using X-ray data obtained by XMM, we confirm that the X-ray
emission from this source is heavily absorbed and has a spectrum best fit by a
power law model of photon index=2 with no evidence for a thermal component, the
X-ray emission from G328.4+0.2 comes from a region significantly smaller than
the radio emission, and that the X-ray and radio emission are significantly
offset from each other. We also present the results of a new high resolution (7
arcseconds) 1.4 GHz image of G328.4+0.2 obtained using the Australia Telescope
Compact Array, and a deep search for radio pulsations using the Parkes Radio
Telescope. We find that the radio emission has a flat spectrum, though some
areas along the eastern edge of G328.4+0.2 have a steeper radio spectral index
of ~-0.3. Additionally, we obtain a luminosity limit of the central pulsar of
L_{1400} < 30 mJy kpc^2, assuming a distance of 17 kpc. In light of these
observational results, we test if G328.4+0.2 is a pulsar wind nebula (PWN) or a
large PWN inside a supernova remnant (SNR) using a simple hydrodynamic model
for the evolution of a PWN inside a SNR. As a result of this analysis, we
conclude that G328.4+0.2 is a young (< 10000 years old) pulsar wind nebula
formed by a low magnetic field (<10^12 G) neutron star born spinning rapidly
(<10 ms) expanding into an undetected SNR formed by an energetic (>10^51 ergs),
low ejecta mass (M < 5 Solar Masses) supernova explosion which occurred in a
low density (n~0.03 cm^{-3}) environment.
",نقدم النتائج الرصدية الجديدة التي تم الحصول عليها للمصدر الراديوي غير الحراري للمجرات G328.4+0.2 لتحديد ما إذا كان هذا المصدر عبارة عن رياح نجمية نابضة أو بقايا سوبرنوفا، وفي كلتا الحالتين، الخصائص الفيزيائية لهذا المصدر. باستخدام بيانات الأشعة السينية التي حصلت عليها XMM، نؤكد أن الانبعاثات السينية من هذا المصدر يتم امتصاصها بشكل كبير ولها طيف يتناسب بشكل أفضل مع نموذج قانون الطاقة لمؤشر الفوتونات=2 دون وجود دليل على وجود مكون حراري، وأن الانبعاثات السينية من G328.4+0.2 تأتي من منطقة أصغر بكثير من الانبعاثات الراديوية، وأن الانبعاثات السينية والراديوية تختلف بشكل كبير عن بعضها البعض. نقدم أيضًا نتائج صورة جديدة عالية الدقة (7 ثوانٍ) بتردد 1.4 جيجاهرتز لـ G328.4+0.2 تم الحصول عليها باستخدام مصفوفة أستراليا تلسكوب كومباكت، والبحث العميق عن النبضات الراديوية باستخدام تلسكوب باركس الراديوي. نجد أن الانبعاثات الراديوية لها طيف مسطح، على الرغم من أن بعض المناطق على طول الحافة الشرقية لـ G328.4+0.2 لها مؤشر طيفي راديوي أكثر حدة يبلغ ~-0.3. بالإضافة إلى ذلك، نحصل على حد للسطوع للنجم النابض المركزي L_{1400} < 30 mJy kpc^2، مع افتراض مسافة 17 kpc. في ضوء هذه النتائج الرصدية، نختبر ما إذا كان G328.4+0.2 هو سديم رياح نجمية نابضة. نستنتج أن G328.4+0.2 هو سديم رياح نجم نابض شاب (أقل من 10000 سنة) تشكل من نجم نيوتروني ذو مجال مغناطيسي منخفض (<10^12 G) ولد وهو يدور بسرعة (أقل من 10 مللي ثانية) وتوسع إلى سديم نجمي غير مكتشف تشكل من انفجار سوبرنوفا عالي الطاقة (أكثر من 10^51 إرج)، وذو كتلة منخفضة من المقذوفات (كتلة أقل من 5 كتل شمسية) حدث في بيئة منخفضة الكثافة (n~0.03 سم^{-3}).,"We present new observational results obtained for the Galactic non-thermal radio source G328.4+0.2 to determine both if this source is a pulsar wind nebula or supernova remnant, and in either case, the physical properties of this source. Using X-ray data obtained by XMM, we confirm that the X-ray emission from this source is heavily absorbed and has a spectrum best fit by a power law model of photon index=2 with no evidence for a thermal component, the X-ray emission from G328.4+0.2 comes from a region significantly smaller than the radio emission, and that the X-ray and radio emission are significantly offset from each other. We also present the results of a new high resolution (7 arcseconds) 1.4 GHz image of G328.4+0.2 obtained using the Australia Telescope Compact Array, and a deep search for radio pulsations using the Parkes Radio Telescope. We find that the radio emission has a flat spectrum, though some areas along the eastern edge of G328.4+0.2 have a steeper radio spectral index of ~-0.3. Additionally, we obtain a luminosity limit of the central pulsar of L_{1400} 10^51 ergs), low ejecta mass (M < 5 Solar Masses) supernova explosion which occurred in a low density (n~0.03 cm^{-3}) environment.",نقدم النتائج الرصديه الجديده التي تم الحصول عليها للمصدر الراديوي غير الحراري للمجرات G328.4+0.2 لتحديد ما اذا كان هذا المصدر عباره عن رياح نجميه نابضه او بقايا سوبرنوفا، وفي كلتا الحالتين، الخصائص الفيزيائيه لهذا المصدر. باستخدام بيانات الاشعه السينيه التي حصلت عليها XMM، نؤكد ان الانبعاثات السينيه من هذا المصدر يتم امتصاصها بشكل كبير ولها طيف يتناسب بشكل افضل مع نموذج قانون الطاقه لمؤشر الفوتونات=2 دون وجود دليل علي وجود مكون حراري، وان الانبعاثات السينيه من G328.4+0.2 تاتي من منطقه اصغر بكثير من الانبعاثات الراديويه، وان الانبعاثات السينيه والراديويه تختلف بشكل كبير عن بعضها البعض. نقدم ايضا نتائج صوره جديده عاليه الدقه (7 ثوان) بتردد 1.4 جيجاهرتز ل G328.4+0.2 تم الحصول عليها باستخدام مصفوفه استراليا تلسكوب كومباكت، والبحث العميق عن النبضات الراديويه باستخدام تلسكوب باركس الراديوي. نجد ان الانبعاثات الراديويه لها طيف مسطح، علي الرغم من ان بعض المناطق علي طول الحافه الشرقيه ل G328.4+0.2 لها مؤشر طيفي راديوي اكثر حده يبلغ ~-0.3. بالاضافه الي ذلك، نحصل علي حد للسطوع للنجم النابض المركزي L_{1400} < 30 mJy kpc^2، مع افتراض مسافه 17 kpc. في ضوء هذه النتائج الرصديه، نختبر ما اذا كان G328.4+0.2 هو سديم رياح نجميه نابضه. نستنتج ان G328.4+0.2 هو سديم رياح نجم نابض شاب (اقل من 10000 سنه) تشكل من نجم نيوتروني ذو مجال مغناطيسي منخفض (<10^12 G) ولد وهو يدور بسرعه (اقل من 10 مللي ثانيه) وتوسع الي سديم نجمي غير مكتشف تشكل من انفجار سوبرنوفا عالي الطاقه (اكثر من 10^51 ارج)، وذو كتله منخفضه من المقذوفات (كتله اقل من 5 كتل شمسيه) حدث في بيئه منخفضه الكثافه (n~0.03 سم^{-3}).,200,254,نعرض نتائج المراقبة الجديدة التي تم الحصول عليها فيما يتعلق بمصدر الإذاعة غير الحرارية G328.4+0.2 لتحديد ما إذا كان هذا المصدر عبارة عن مصدر ريح غير حراري أو ما إذا كان هذا المصدر يمثل عنصراً من عناصره الحرارية، وفي كلتا الحالتين، تأتي الخصائص الفيزيائية لهذا المصدر من منطقة أصغر بكثير من الانبعاث الراديوي، وباستخدام بيانات الأشعة السينية التي حصلت عليها لجنة الرصد والتحقق منها، نؤكد أن انبعاث الأشعة السينية من هذا المصدر ممتص بشدة وله أفضل طيف يناسبه نموذج قانون القوة للمؤشر الضوئي=2 دون أي دليل على وجود مكون حراري، والانبعاث بالأشعة السينية من G328.4+0.2 يأتي من منطقة أصغر بكثير من الانبعاث الراديوي، وأن الانبعاث بالأشعة السينية والانبعاث الإشعاعي يقابله بقدر كبير كل منهما الآخر. ونعرض أيضاً نتائج قرار عال جديد (7 ثوان قوس) 1-4 غيغاهرتز صورة G328.4+0.2 التي تم الحصول عليها باستخدام اتفاق أستراليا للتلسكوب، واشعاع الأشعة السينية من G328.4+0.2، والبحث العميق عن القرعات الراديوية باستخدام التلسكوب الراديوي.,نقدم نتائج مراقبة جديدة للحصول علي مصدر الراديو غير الحراري المجري G328.4+0.2 لتحديد ما إذا كان هذا المصدر هو ثوب رئاح نبضاريه او بقايا نفطاء، وفي كلتا الحالتين، الخصائص الفيزيائيه لهذا المصدر. باستخدام بيانات اشعه X التي حصلت عليها XMM، نحن نؤكد ان ان انبعاث اشعه X من هذا المصدر هو مدموم بشكل كبير ولها طيف الطيف المتناسب بشكل جيد بواسطه نموذج قانون الطاقة من مؤشر الفوتون = 2 بدون دليل علي مكون حراري، انبعاث اشعه X من G328.4+0.2 يأتي من منطقه أصغر بكثير من الانبعاث الراديوي، وأن الانبعاثات X والراديوي هي مختلفان بشكل كبير عن بعضها البعض. كما نقرر نتائج صورة جديدة عاليه الدقة (7 ص) 1.4 غيغازات في استراليا من G328.4+2 حصلت على التلسكوب Compact، والتي تظهر في البداخل الوسطي، والتي تظهر ان الانبعاثات منخفضه من خلال استخدام انبعاثات الدرع (MAS) من الدرع الدرعاء (MAS) ، والتي تظهر بعض الانبعاثات الدرعاءيه من الدرعاء (MAS) من خلال استخدام انبعاثات الدرعاء (MAS) الدرعاء (MAS) ، والتي تظهر ان البداخلات الدرعيه من الدرعاء (MAS) من الدرعاء (MAS) من الدرعاء (MAS) من الدرعاء (MAS) من الدرعاء (MAS) من الدرعاء (MAS) من الدرعاء (MAS) من الدرعاء (MAS) الدرعاء (MAS) ، والشرعالمعيه (MAS) من الدرعيه (MAS) من الدرعاء (MAS) من الدرعاء (MAS) من الدرعاء (MAS) ، والدرعاء (MAS) من الدرعاء (MAS) الدرعاء (MAS) الدر
physics,"We present measurements of the infrared response of the quasi-one-dimensional
organic conductor (TMTSF)2$SO3 along (E||a) and perpendicular (E||b') to the
stacking axis as a function of temperature. Above the metal-insulator
transition related to the anion ordering the optical conductivity spectra show
a Drude-like response. Below the transition an energy gap of about 1500 cm-1
(185 meV) opens, leading to the corresponding charge transfer band in the
optical conductivity spectra. The analysis of the infrared-active vibrations
gives evidence for the long-range crystal structure modulation below the
transition temperature and for the short-range order fluctuations of the
lattice modulation above the transition temperature. Also we report about a new
infrared mode at around 710 cm-1 with a peculiar temperature behavior, which
has so far not been observed in any other (TMTSF)2X salt showing a
metal-insulator transition. A qualitative model based on the coupling between
the TMTSF molecule vibration and the reorientation of electrical dipole moment
of the FSO3 anion is proposed, in order to explain the anomalous behavior of
the new mode.","نحن نقدم قياسات استجابة الأشعة تحت الحمراء من شبه أحادي البعد
الموصل العضوي (TMTSF) 2$ SO3 على طول (E|||a) وعمودي (E||||b') إلى
محور التراص كدالة لدرجة الحرارة. فوق عازل المعادن
الانتقال ذات الصلة إلى أنيون يأمر عرض أطياف الموصلية البصرية
ردة فعل شبيهة بالدرويد تحت الانتقال فجوة الطاقة حوالي 1500 سم-1
(185 meV) يفتح، مما يؤدي إلى الفرقة نقل تهمة المقابلة في
أطياف الموصلية البصرية. تحليل الاهتزازات النشطة بالأشعة تحت الحمراء
يعطي دليلا على تعديل هيكل الكريستال بعيد المدى تحت
درجة الحرارة الانتقالية وتقلبات النظام قصيرة المدى من
تعديل شعرية فوق درجة حرارة الانتقال. كما أننا نبلغ عن جديد
وضع الأشعة تحت الحمراء في حوالي 710 سم-1 مع سلوك درجة حرارة غريبة ، والتي
لم يلاحظ حتى الآن في أي ملح آخر (TMTSF) 2X يظهر
انتقال عازل المعادن. نموذج نوعي قائم على الاقتران بين
اهتزاز جزيء TMTSF وإعادة توجيه لحظة ثنائي القطب الكهربائي
يقترح أنيون FSO3 ، من أجل شرح السلوك الشاذ ل
الوضع الجديد.","We present measurements of the infrared response of the quasi-one-dimensional organic conductor (TMTSF)2$SO3 along (E||a) and perpendicular (E||b') to the stacking axis as a function of temperature. Above the metal-insulator transition related to the anion ordering the optical conductivity spectra show a Drude-like response. Below the transition an energy gap of about 1500 cm-1 (185 meV) opens, leading to the corresponding charge transfer band in the optical conductivity spectra. The analysis of the infrared-active vibrations gives evidence for the long-range crystal structure modulation below the transition temperature and for the short-range order fluctuations of the lattice modulation above the transition temperature. Also we report about a new infrared mode at around 710 cm-1 with a peculiar temperature behavior, which has so far not been observed in any other (TMTSF)2X salt showing a metal-insulator transition. A qualitative model based on the coupling between the TMTSF molecule vibration and the reorientation of electrical dipole moment of the FSO3 anion is proposed, in order to explain the anomalous behavior of the new mode.",نحن نقدم قياسات استجابه الاشعه تحت الحمراء من شبه احادي البعد الموصل العضوي (TMTSF) 2$ SO3 علي طول (E|||a) وعمودي (E||||b') الي محور التراص كداله لدرجه الحراره. فوق عازل المعادن الانتقال ذات الصله الي انيون يامر عرض اطياف الموصليه البصريه رده فعل شبيهه بالدرويد تحت الانتقال فجوه الطاقه حوالي 1500 سم-1 (185 meV) يفتح، مما يؤدي الي الفرقه نقل تهمه المقابله في اطياف الموصليه البصريه. تحليل الاهتزازات النشطه بالاشعه تحت الحمراء يعطي دليلا علي تعديل هيكل الكريستال بعيد المدي تحت درجه الحراره الانتقاليه وتقلبات النظام قصيره المدي من تعديل شعريه فوق درجه حراره الانتقال. كما اننا نبلغ عن جديد وضع الاشعه تحت الحمراء في حوالي 710 سم-1 مع سلوك درجه حراره غريبه ، والتي لم يلاحظ حتي الان في اي ملح اخر (TMTSF) 2X يظهر انتقال عازل المعادن. نموذج نوعي قائم علي الاقتران بين اهتزاز جزيء TMTSF واعاده توجيه لحظه ثنائي القطب الكهربائي يقترح انيون FSO3 ، من اجل شرح السلوك الشاذ ل الوضع الجديد.,170,155,نعرض قياسات للاستجابة دون الحمراء لموصل عضوي شبه ثلاثي الأبعاد (TMTSF) 2 دولار من دولارات الولايات المتحدة من دولارات الولايات المتحدة إلى جانب (E/EMTSF) و (E/EMTHA) و (E/CNHB') إلى محور التكديس كدالة على درجة الحرارة. ففوق انتقال العوالم المعدنية المتصلة بطلب الموجة البصرية، يظهر طيف الموجب استجابة شبيهة بالدود. وفيما بعد الانتقال، تفتح فجوة طاقة تبلغ حوالي 1500 سم-1 (185 ميثامو) مما يؤدي إلى نطاق نقل الشحنة المقابل في نطاق الموصلية البصرية. ويقدم تحليل الاهتزازات دون الحمراء دليلاً على أن الهيكل بلوري البعيد المدى دون درجة الحرارة الانتقالية، ولتقلبات الترتيب القصير المدى لترتيب الوتيرة فوق درجة الحرارة الانتقالية. ونبلغ أيضاً عن نمط جديد للأشعة تحت الحمراء في حوالي 710 سم-1 مع سلوك درجة حرارة خاصة، لم يُلاحظ حتى الآن في أي ملح آخر (TMTSF) 2X يظهر تحولاً عازلاً معدنياً. وهناك نموذج نوعي يستند إلى التداخل بين اهتزاز TMTSF واعادة توجيه لحظة الدلالة الكهربائية الكهربائية الكهربائية الكهربائية في آنون FSO3، الذي لم يُقترح حتى الآن في أي ملح آخر (TMTSSF) من أجل شرح نمط جديد.,نقدم قياسات استجابة تحت الحمراء للمكالم العضوي شبه واحد الابعاد (TMTSF)2$SO3 علي طول (E) التشابه (E) ومتكهن (E) التشابه (E) التشابه (E) التشابه)) لمحور التجميع كداله من الدرجه كداله من الدرجه الحراريه. فوق انتقال المعززز المعدن المتعلق بالانيون الذي يترتب علي طيفات التوصيل البصري يظهر استجابة تشبه درود. تحت الانتقال يفتح فجو طاقه قدرها حوالي 1500 سم-1 (185 ميفافافا)، مما يؤدي الي الشريط التنقل التسليح المقابله في طيفات التوصيل البصري. يقدم تحليل الاهتزازات تحت الحمراء الدقيقي دليل علي التكيف الكريستالي بعيد المدى تحت درجه الانتقال، وللتقلبات الترتيبيه القصيره لدرجه الانتقال. كما ذكرتنا عن رد جديد حول 710 سم-1 ميفا) في الحاله الحراريه الاكره، يظهر سلوك غير طبيعي في الدرجه الكريستالي، يستند علي الوضع الاكتسابي لدرجه الدرجه المعدني المقدمه (A) في نظام التوصيل البضريه المقدمه لدرجه الحراريه. كما شرحنا سلوكيا الاكه الاكره الاكره المختلفه لدرجه الدرجه المعدني (A) في نظام التوصيل البضريه المقدمه (A) في نظام التوصيل البصريدي (A) التشابه الدرجه الحراريه.
physics,"We review the general relativistic theory of the motion, and of the timing,
of binary systems containing compact objects (neutron stars or black holes).
Then we indicate the various ways one can use binary pulsar data to test the
strong-field and/or radiative aspects of General Relativity, and of general
classes of alternative theories of relativistic gravity.",نستعرض في هذا البحث النظرية النسبية العامة لحركة الأنظمة الثنائية، وكذلك توقيتها، عندما تحتوي على أجسام مدمجة (كـالنجوم النيوترونية أو الثقوب السوداء).ثم نبين الطرق المختلفة التي يمكن عبرها استخدام بيانات النابضات الثنائية  لاختبار الجوانب الشديدة الحقل و/أو الإشعاعية للنسبية العامة، وكذلك الفئات العامة من النظريات البديلة للجاذبية النسبية.,"We review the general relativistic theory of the motion, and of the timing, of binary systems containing compact objects (neutron stars or black holes). Then we indicate the various ways one can use binary pulsar data to test the strong-field and/or radiative aspects of General Relativity, and of general classes of alternative theories of relativistic gravity.",نستعرض في هذا البحث النظريه النسبيه العامه لحركه الانظمه الثنائيه، وكذلك توقيتها، عندما تحتوي علي اجسام مدمجه (كالنجوم النيوترونيه او الثقوب السوداء).ثم نبين الطرق المختلفه التي يمكن عبرها استخدام بيانات النابضات الثنائيه لاختبار الجوانب الشديده الحقل و/او الاشعاعيه للنسبيه العامه، وكذلك الفئات العامه من النظريات البديله للجاذبيه النسبيه.,56,48,نستعرض النظرية النسبية العامة للحركة، والتوقيت، للنظم الثنائية التي تحتوي على أجسام مضغوطة (النجوم النيوترونية أو الثقوب السوداء). ثم نشير إلى مختلف الطرق التي يمكن بها للمرء استخدام بيانات النبض الثنائي لاختبار الجوانب القوية - الميدانية و/أو الاشعاعية للنسبية العامة، وللفئات العامة من النظريات البديلة للجاذبية النسبية.,ونراجع نظريه النسبيه العاميه للحركة، والوقت، للأنظمه الثنائيه التي تحتوي علي كائنات مكبئه (نجوم النيترونات أو الثقوب السوداء). ثم نوضح الطرق المختلفه التي يمكن استخدامها بيانات النبض الثنائيه لاختبار الجوانب القوييه و/أو الإشعاعيه للنسبيه العامه، وبالطبقات العامه للنظريات البديله للجاذبيه النسبيه.
physics,"We propose a scheme for circuit quantum electrodynamics with a
superconducting flux-qubit coupled to a high-Q coplanar resonator. Assuming
realistic circuit parameters we predict that it is possible to reach the strong
coupling regime. Routes to metrological applications, such as single photon
generation and quantum non-demolition measurements are discussed.","
يقترح البحث نموذجًا لتطبيق الكهروديناميكا الكمومية الدائريةمن خلال ربط كيوبيت تدفق فائق التوصيل مع رنان عالي الجودة من نوع الخط المستوي المشارك. وبالاعتماد على معلمات دائرية واقعية، يتوقع الباحثون إمكانية الوصول إلى نظام الترابط القوي بين الكيوبيت والرنان. تُناقش الدراسة إمكانيات التطبيقات المترولوجية للنظام المقترح، مثل توليد الفوتونات المفردة وعمليات القياس الكمي غير الهدّام.","We propose a scheme for circuit quantum electrodynamics with a superconducting flux-qubit coupled to a high-Q coplanar resonator. Assuming realistic circuit parameters we predict that it is possible to reach the strong coupling regime. Routes to metrological applications, such as single photon generation and quantum non-demolition measurements are discussed.",يقترح البحث نموذجا لتطبيق الكهروديناميكا الكموميه الدائريهمن خلال ربط كيوبيت تدفق فائق التوصيل مع رنان عالي الجوده من نوع الخط المستوي المشارك. وبالاعتماد علي معلمات دائريه واقعيه، يتوقع الباحثون امكانيه الوصول الي نظام الترابط القوي بين الكيوبيت والرنان. تناقش الدراسه امكانيات التطبيقات المترولوجيه للنظام المقترح، مثل توليد الفوتونات المفرده وعمليات القياس الكمي غير الهدام.,49,54,ونحن نقترح مخططاً لدارات ديناميكا كهرومغرافية كهرومغناطيسية ذات تدفق فائق التوصيل، مقترناً بعامل ردود عالي الجودة. وبافتراض بارامترات الدائرة الواقعية نتوقع أنه من الممكن الوصول إلى نظام الاقتران القوي. وتجري مناقشة الطرق المؤدية إلى تطبيقات قياسية، مثل توليد فوتون وحيد وقياسات الكم غير المدمر.,نقترح مخططا للديناميكيا الكموميه للدوائر مع كيبيت التدفق فائق التوصيل المرتبط بمصدر صداش كوبلانار عالي الQ. مع افتراض معايير الدوائر الواقعيه، نتوقع أنه من الممكن الوصول الي نظام الارتباط القوي. يتم مناقشته طرق لتطبيقات متروسولوجيه، مثل توليد فوتون واحد ومقاييس عدم هدم الكموم.
other,"We compute temperate fundamental solutions of homogeneous differential
operators with real-principal type symbols. Via analytic continuation of
meromorphic distributions, fundamental solutions for these non-elliptic
operators can be constructed in terms of radial averages and invariant
distributions on the unit sphere.",نقوم بحساب الحلول الأساسية المعتدلة للمؤثرات التفاضلية المتجانسة ذات الرموز من النوع الرئيسي الحقيقي. عبر الامتداد التحليلي للتوزيعات الكسرية، يمكن بناء حلول أساسية لهذه المؤثرات اللاإهليلجية بدلالة المتوسطات الشعاعية والتوزيعات الثابتة على كرة الوحدة.,"We compute temperate fundamental solutions of homogeneous differential operators with real-principal type symbols. Via analytic continuation of meromorphic distributions, fundamental solutions for these non-elliptic operators can be constructed in terms of radial averages and invariant distributions on the unit sphere.",نقوم بحساب الحلول الاساسيه المعتدله للمؤثرات التفاضليه المتجانسه ذات الرموز من النوع الرئيسي الحقيقي. عبر الامتداد التحليلي للتوزيعات الكسريه، يمكن بناء حلول اساسيه لهذه المؤثرات اللااهليلجيه بدلاله المتوسطات الشعاعيه والتوزيعات الثابته علي كره الوحده.,40,34,ونحسب الحلول الأساسية المعتدلة لمشغلي التفاضل المتجانسين مع رموز من النوع الحقيقي - المركزي. وفيما يتعلق بالاستمرار التحليلي للتوزّعات الميترومورفية، يمكن بناء الحلول الأساسية لهذه المشغّلات غير المبرّية من حيث المتوسطات الشعاعية والتوزيعات غير المتغيّرة على نطاق الوحدة.,نحسب الحلول الأساسيه المعقله للمعاملين التفاضليين المتجانسين مع رموز النوع الرئيسي الحقيقي. من خلال الاستمرار التحليلي للتوزيعات المورموفيه، يمكن بناء الحلول الأساسيه لهذه المعاملين غير الكبائطيه من حيث المتوسطات العضائيه وتوزيعات غير المتغيرات علي الكرة الوحده.
other,"Fractional calculus allows one to generalize the linear, one-dimensional,
diffusion equation by replacing either the first time derivative or the second
space derivative by a derivative of fractional order. The fundamental solutions
of these equations provide probability density functions, evolving on time or
variable in space, which are related to the class of stable distributions. This
property is a noteworthy generalization of what happens for the standard
diffusion equation and can be relevant in treating financial and economical
problems where the stable probability distributions play a key role.","حساب التفاضل والتكامل الكسري يسمح للمرء بتعميم الخطي، أحادي البعد،
معادلة الانتشار عن طريق استبدال مشتقة المرة الأولى أو الثانية
مشتقة الفضاء بواسطة مشتقة من ترتيب كسوري. الحلول الأساسية
من هذه المعادلات توفر دالات الكثافة الاحتمالية ، تتطور في الوقت المناسب أو
متغير في الفضاء ، والتي ترتبط بفئة التوزيعات المستقرة. Th Th Th Th Th Th Th Th Th Th
الملكية هي تعميم جدير بالملاحظة لما يحدث للمعيار
معادلة الانتشار ويمكن أن تكون ذات صلة في المعالجة المالية والاقتصادية
المشاكل التي تلعب فيها توزيعات الاحتمالات المستقرة دورًا رئيسيًا.","Fractional calculus allows one to generalize the linear, one-dimensional, diffusion equation by replacing either the first time derivative or the second space derivative by a derivative of fractional order. The fundamental solutions of these equations provide probability density functions, evolving on time or variable in space, which are related to the class of stable distributions. This property is a noteworthy generalization of what happens for the standard diffusion equation and can be relevant in treating financial and economical problems where the stable probability distributions play a key role.",حساب التفاضل والتكامل الكسري يسمح للمرء بتعميم الخطي، احادي البعد، معادله الانتشار عن طريق استبدال مشتقه المره الاولي او الثانيه مشتقه الفضاء بواسطه مشتقه من ترتيب كسوري. الحلول الاساسيه من هذه المعادلات توفر دالات الكثافه الاحتماليه ، تتطور في الوقت المناسب او متغير في الفضاء ، والتي ترتبط بفئه التوزيعات المستقره. Th Th Th Th Th Th Th Th Th Th الملكيه هي تعميم جدير بالملاحظه لما يحدث للمعيار معادله الانتشار ويمكن ان تكون ذات صله في المعالجه الماليه والاقتصاديه المشاكل التي تلعب فيها توزيعات الاحتمالات المستقره دورا رئيسيا.,88,89,التفاضل التفاضلي الكسري يسمح لأحد بتعميم معادلة الانتشار الخطية، أحادية الأبعاد، باستبدال إما المرة الأولى مشتقة أو الثانية مشتقة الفضاء بمشتقة ترتيب كسوري. الحلول الأساسية لهذه المعادلات توفر دالات كثافة الاحتمال، تتطور في الوقت أو المتغير في الفضاء، والتي تتصل بفئة التوزيعات المستقرة. هذه الخاصية هي تعميم ملحوظ لما يحدث لمعادلة الانتشار القياسية ويمكن أن تكون ذات صلة في معالجة المشاكل المالية والاقتصادية حيث تؤدي توزيعات الاحتمال المستقرة دوراً رئيسياً.,يسمح حساب الكسور الفقري للمرء بتعميم معادله الانتشار الخطيه، ذات الابعاد الواحد، من خلال استبدال مشتق الوقت الأول أو مشتق الفضاء الثاني بمشتق من النظام الفقري. توفر الحلول الأساسيه لهذه المعادله وظائف كثافيه الاحتمال، تتطور مع الزمن أو متغير في الفضاء، والتي ترتبط بدرجه من الطبقه من التوزيعات المستقيه. هذه الملكيه هي تعميم ملحوظ لما يحدث لمعادله الانتشار القياسي، ويمكن ان تكون ذات الصلة في علاج المشاكل الماليه والاقتصاديه حيث تلعب توزيعات الاحتمال المستقيه دورا رئيسيا.
